cod_ibge,cod_ibge6,municipio,uf,uf_nome,pop_feminina_50a69,demanda_anual,mamografos_existentes,mamografos_em_uso,rast_2020,rast_2021,rast_2022,rast_2023,rast_2024,rast_2025,diag_2020,diag_2021,diag_2022,diag_2023,diag_2024,diag_2025,rast_bienio,diag_bienio,total_bienio,total_anual,cobertura_bienal_rast,cobertura_bienal_total,capacidade_anual,taxa_ociosidade,deficit_anual,classificacao,ociosidade_critica
1100015,110001,Alta Floresta D'Oeste - RO,RO,Rondônia,2158,1079.0,0,0,0,0,0,0,0,0,0,0,0,0,0,0,0,0,0,0.0,0.0,0.0,0,,1079.0,Deserto absoluto,False
1100023,110002,Ariquemes - RO,RO,Rondônia,8753,4376.5,7,7,789,540,1391,1060,1272,1152,9,5,30,27,18,29,2424,47,2471,1235.5,0.2769,0.2823,35483,0.9652,3141.0,Deserto funcional,True
1100031,110003,Cabixi - RO,RO,Rondônia,652,326.0,0,0,0,0,0,0,0,0,0,0,0,0,0,0,0,0,0,0.0,0.0,0.0,0,,326.0,Deserto absoluto,False
1100049,110004,Cacoal - RO,RO,Rondônia,8806,4403.0,6,5,0,188,607,160,877,921,0,1,33,27,77,122,1798,199,1997,998.5,0.2042,0.2268,25345,0.9606,3404.5,Deserto funcional,True
1100056,110005,Cerejeiras - RO,RO,Rondônia,1638,819.0,1,1,0,0,0,0,0,0,0,0,0,0,0,0,0,0,0,0.0,0.0,0.0,5069,1.0,819.0,Deserto funcional,True
1100064,110006,Colorado do Oeste - RO,RO,Rondônia,1794,897.0,0,0,0,0,0,0,0,0,0,0,0,0,0,0,0,0,0,0.0,0.0,0.0,0,,897.0,Deserto absoluto,False
1100072,110007,Corumbiara - RO,RO,Rondônia,777,388.5,0,0,0,0,0,0,0,0,0,0,0,0,0,0,0,0,0,0.0,0.0,0.0,0,,388.5,Deserto absoluto,False
1100080,110008,Costa Marques - RO,RO,Rondônia,980,490.0,0,0,0,0,0,0,0,0,0,0,0,0,0,0,0,0,0,0.0,0.0,0.0,0,,490.0,Deserto absoluto,False
1100098,110009,Espigão D'Oeste - RO,RO,Rondônia,2752,1376.0,0,0,0,0,0,0,0,0,0,0,0,0,0,0,0,0,0,0.0,0.0,0.0,0,,1376.0,Deserto absoluto,False
1100106,110010,Guajará-Mirim - RO,RO,Rondônia,3279,1639.5,1,1,74,4,0,0,0,0,0,0,0,0,0,0,0,0,0,0.0,0.0,0.0,5069,1.0,1639.5,Deserto funcional,True
1100114,110011,Jaru - RO,RO,Rondônia,4737,2368.5,2,2,265,0,27,0,0,0,2,0,0,0,0,0,0,0,0,0.0,0.0,0.0,10138,1.0,2368.5,Deserto funcional,True
1100122,110012,Ji-Paraná - RO,RO,Rondônia,12173,6086.5,14,13,0,0,0,0,0,0,0,0,0,0,0,0,0,0,0,0.0,0.0,0.0,65897,1.0,6086.5,Deserto funcional,True
1100130,110013,Machadinho D'Oeste - RO,RO,Rondônia,2669,1334.5,0,0,0,0,0,0,0,0,0,0,0,0,0,0,0,0,0,0.0,0.0,0.0,0,,1334.5,Deserto absoluto,False
1100148,110014,Nova Brasilândia D'Oeste - RO,RO,Rondônia,1588,794.0,0,0,0,0,0,0,0,0,0,0,0,0,0,0,0,0,0,0.0,0.0,0.0,0,,794.0,Deserto absoluto,False
1100155,110015,Ouro Preto do Oeste - RO,RO,Rondônia,3927,1963.5,5,5,0,0,0,0,0,0,0,0,0,0,0,0,0,0,0,0.0,0.0,0.0,25345,1.0,1963.5,Deserto funcional,True
1100189,110018,Pimenta Bueno - RO,RO,Rondônia,3512,1756.0,2,2,0,0,387,222,0,0,0,0,53,30,0,0,0,0,0,0.0,0.0,0.0,10138,1.0,1756.0,Deserto funcional,True
1100205,110020,Porto Velho - RO,RO,Rondônia,41719,20859.5,20,18,6409,10376,16295,12441,12236,10246,3746,4315,2701,2049,2083,1651,22482,3734,26216,13108.0,0.5389,0.6284,91242,0.8563,7751.5,Intermediario,True
1100254,110025,Presidente Médici - RO,RO,Rondônia,2346,1173.0,0,0,0,0,0,0,0,0,0,0,0,0,0,0,0,0,0,0.0,0.0,0.0,0,,1173.0,Deserto absoluto,False
1100262,110026,Rio Crespo - RO,RO,Rondônia,350,175.0,0,0,0,0,0,0,0,0,0,0,0,0,0,0,0,0,0,0.0,0.0,0.0,0,,175.0,Deserto absoluto,False
1100288,110028,Rolim de Moura - RO,RO,Rondônia,5590,2795.0,2,2,0,0,0,0,0,0,0,0,0,0,0,0,0,0,0,0.0,0.0,0.0,10138,1.0,2795.0,Deserto funcional,True
1100296,110029,Santa Luzia D'Oeste - RO,RO,Rondônia,884,442.0,0,0,0,0,0,0,0,0,0,0,0,0,0,0,0,0,0,0.0,0.0,0.0,0,,442.0,Deserto absoluto,False
1100304,110030,Vilhena - RO,RO,Rondônia,8806,4403.0,7,7,136,179,525,0,0,0,13,3,7,0,0,0,0,0,0,0.0,0.0,0.0,35483,1.0,4403.0,Deserto funcional,True
1100320,110032,São Miguel do Guaporé - RO,RO,Rondônia,1925,962.5,0,0,0,0,0,0,0,0,0,0,0,0,0,0,0,0,0,0.0,0.0,0.0,0,,962.5,Deserto absoluto,False
1100338,110033,Nova Mamoré - RO,RO,Rondônia,1952,976.0,0,0,0,0,0,0,0,0,0,0,0,0,0,0,0,0,0,0.0,0.0,0.0,0,,976.0,Deserto absoluto,False
1100346,110034,Alvorada D'Oeste - RO,RO,Rondônia,1507,753.5,0,0,0,0,0,0,0,0,0,0,0,0,0,0,0,0,0,0.0,0.0,0.0,0,,753.5,Deserto absoluto,False
1100379,110037,Alto Alegre dos Parecis - RO,RO,Rondônia,1105,552.5,0,0,0,0,0,0,0,0,0,0,0,0,0,0,0,0,0,0.0,0.0,0.0,0,,552.5,Deserto absoluto,False
1100403,110040,Alto Paraíso - RO,RO,Rondônia,1477,738.5,0,0,0,0,0,0,0,0,0,0,0,0,0,0,0,0,0,0.0,0.0,0.0,0,,738.5,Deserto absoluto,False
1100452,110045,Buritis - RO,RO,Rondônia,2409,1204.5,2,2,0,0,0,0,0,0,0,0,0,0,0,0,0,0,0,0.0,0.0,0.0,10138,1.0,1204.5,Deserto funcional,True
1100502,110050,Novo Horizonte do Oeste - RO,RO,Rondônia,861,430.5,0,0,0,0,0,0,0,0,0,0,0,0,0,0,0,0,0,0.0,0.0,0.0,0,,430.5,Deserto absoluto,False
1100601,110060,Cacaulândia - RO,RO,Rondônia,407,203.5,0,0,0,0,0,0,0,0,0,0,0,0,0,0,0,0,0,0.0,0.0,0.0,0,,203.5,Deserto absoluto,False
1100700,110070,Campo Novo de Rondônia - RO,RO,Rondônia,800,400.0,0,0,0,0,0,0,0,0,0,0,0,0,0,0,0,0,0,0.0,0.0,0.0,0,,400.0,Deserto absoluto,False
1100809,110080,Candeias do Jamari - RO,RO,Rondônia,1862,931.0,0,0,0,0,0,0,0,0,0,0,0,0,0,0,0,0,0,0.0,0.0,0.0,0,,931.0,Deserto absoluto,False
1100908,110090,Castanheiras - RO,RO,Rondônia,358,179.0,0,0,0,0,0,0,0,0,0,0,0,0,0,0,0,0,0,0.0,0.0,0.0,0,,179.0,Deserto absoluto,False
1100924,110092,Chupinguaia - RO,RO,Rondônia,705,352.5,0,0,0,0,0,0,0,0,0,0,0,0,0,0,0,0,0,0.0,0.0,0.0,0,,352.5,Deserto absoluto,False
1100940,110094,Cujubim - RO,RO,Rondônia,1075,537.5,0,0,0,0,0,0,0,0,0,0,0,0,0,0,0,0,0,0.0,0.0,0.0,0,,537.5,Deserto absoluto,False
1101005,110100,Governador Jorge Teixeira - RO,RO,Rondônia,812,406.0,0,0,0,0,0,0,0,0,0,0,0,0,0,0,0,0,0,0.0,0.0,0.0,0,,406.0,Deserto absoluto,False
1101104,110110,Itapuã do Oeste - RO,RO,Rondônia,734,367.0,0,0,0,0,0,0,0,0,0,0,0,0,0,0,0,0,0,0.0,0.0,0.0,0,,367.0,Deserto absoluto,False
1101203,110120,Ministro Andreazza - RO,RO,Rondônia,691,345.5,0,0,0,0,0,0,0,0,0,0,0,0,0,0,0,0,0,0.0,0.0,0.0,0,,345.5,Deserto absoluto,False
1101302,110130,Mirante da Serra - RO,RO,Rondônia,983,491.5,0,0,0,0,0,0,0,0,0,0,0,0,0,0,0,0,0,0.0,0.0,0.0,0,,491.5,Deserto absoluto,False
1101401,110140,Monte Negro - RO,RO,Rondônia,1144,572.0,0,0,0,0,0,0,0,0,0,0,0,0,0,0,0,0,0,0.0,0.0,0.0,0,,572.0,Deserto absoluto,False
1101435,110143,Nova União - RO,RO,Rondônia,637,318.5,0,0,0,0,0,0,0,0,0,0,0,0,0,0,0,0,0,0.0,0.0,0.0,0,,318.5,Deserto absoluto,False
1101450,110145,Parecis - RO,RO,Rondônia,374,187.0,0,0,0,0,0,0,0,0,0,0,0,0,0,0,0,0,0,0.0,0.0,0.0,0,,187.0,Deserto absoluto,False
1101468,110146,Pimenteiras do Oeste - RO,RO,Rondônia,203,101.5,0,0,0,0,0,0,0,0,0,0,0,0,0,0,0,0,0,0.0,0.0,0.0,0,,101.5,Deserto absoluto,False
1101476,110147,Primavera de Rondônia - RO,RO,Rondônia,351,175.5,0,0,0,0,0,0,0,0,0,0,0,0,0,0,0,0,0,0.0,0.0,0.0,0,,175.5,Deserto absoluto,False
1101484,110148,São Felipe D'Oeste - RO,RO,Rondônia,630,315.0,0,0,0,0,0,0,0,0,0,0,0,0,0,0,0,0,0,0.0,0.0,0.0,0,,315.0,Deserto absoluto,False
1101492,110149,São Francisco do Guaporé - RO,RO,Rondônia,1353,676.5,0,0,0,0,0,0,0,0,0,0,0,0,0,0,0,0,0,0.0,0.0,0.0,0,,676.5,Deserto absoluto,False
1101500,110150,Seringueiras - RO,RO,Rondônia,1063,531.5,0,0,0,0,0,0,0,0,0,0,0,0,0,0,0,0,0,0.0,0.0,0.0,0,,531.5,Deserto absoluto,False
1101559,110155,Teixeirópolis - RO,RO,Rondônia,470,235.0,0,0,0,0,0,0,0,0,0,0,0,0,0,0,0,0,0,0.0,0.0,0.0,0,,235.0,Deserto absoluto,False
1101609,110160,Theobroma - RO,RO,Rondônia,887,443.5,0,0,0,0,0,0,0,0,0,0,0,0,0,0,0,0,0,0.0,0.0,0.0,0,,443.5,Deserto absoluto,False
1101708,110170,Urupá - RO,RO,Rondônia,1115,557.5,0,0,0,0,0,0,0,0,0,0,0,0,0,0,0,0,0,0.0,0.0,0.0,0,,557.5,Deserto absoluto,False
1101757,110175,Vale do Anari - RO,RO,Rondônia,781,390.5,0,0,0,0,0,0,0,0,0,0,0,0,0,0,0,0,0,0.0,0.0,0.0,0,,390.5,Deserto absoluto,False
1101807,110180,Vale do Paraíso - RO,RO,Rondônia,711,355.5,0,0,0,0,0,0,0,0,0,0,0,0,0,0,0,0,0,0.0,0.0,0.0,0,,355.5,Deserto absoluto,False
1200013,120001,Acrelândia - AC,AC,Acre,1023,511.5,0,0,0,0,0,0,0,0,0,0,0,0,0,0,0,0,0,0.0,0.0,0.0,0,,511.5,Deserto absoluto,False
1200054,120005,Assis Brasil - AC,AC,Acre,491,245.5,0,0,0,0,0,0,0,0,0,0,0,0,0,0,0,0,0,0.0,0.0,0.0,0,,245.5,Deserto absoluto,False
1200104,120010,Brasiléia - AC,AC,Acre,1857,928.5,0,0,0,0,0,0,0,0,0,0,0,0,0,0,0,0,0,0.0,0.0,0.0,0,,928.5,Deserto absoluto,False
1200138,120013,Bujari - AC,AC,Acre,973,486.5,0,0,0,0,0,0,0,0,0,0,0,0,0,0,0,0,0,0.0,0.0,0.0,0,,486.5,Deserto absoluto,False
1200179,120017,Capixaba - AC,AC,Acre,852,426.0,0,0,0,0,0,0,0,0,0,0,0,0,0,0,0,0,0,0.0,0.0,0.0,0,,426.0,Deserto absoluto,False
1200203,120020,Cruzeiro do Sul - AC,AC,Acre,5736,2868.0,5,4,285,335,0,437,1208,1125,3,0,0,12,61,61,2333,122,2455,1227.5,0.4067,0.428,20276,0.9395,1640.5,Intermediario,True
1200252,120025,Epitaciolândia - AC,AC,Acre,1390,695.0,0,0,0,0,0,0,0,0,0,0,0,0,0,0,0,0,0,0.0,0.0,0.0,0,,695.0,Deserto absoluto,False
1200302,120030,Feijó - AC,AC,Acre,1863,931.5,0,0,0,0,0,0,0,0,0,0,0,0,0,0,0,0,0,0.0,0.0,0.0,0,,931.5,Deserto absoluto,False
1200328,120032,Jordão - AC,AC,Acre,265,132.5,0,0,0,0,0,0,0,0,0,0,0,0,0,0,0,0,0,0.0,0.0,0.0,0,,132.5,Deserto absoluto,False
1200336,120033,Mâncio Lima - AC,AC,Acre,1142,571.0,0,0,0,0,0,0,0,0,0,0,0,0,0,0,0,0,0,0.0,0.0,0.0,0,,571.0,Deserto absoluto,False
1200344,120034,Manoel Urbano - AC,AC,Acre,581,290.5,0,0,0,0,0,0,0,0,0,0,0,0,0,0,0,0,0,0.0,0.0,0.0,0,,290.5,Deserto absoluto,False
1200351,120035,Marechal Thaumaturgo - AC,AC,Acre,645,322.5,0,0,0,0,0,0,0,0,0,0,0,0,0,0,0,0,0,0.0,0.0,0.0,0,,322.5,Deserto absoluto,False
1200385,120038,Plácido de Castro - AC,AC,Acre,1266,633.0,0,0,0,0,0,0,0,0,0,0,0,0,0,0,0,0,0,0.0,0.0,0.0,0,,633.0,Deserto absoluto,False
1200393,120039,Porto Walter - AC,AC,Acre,421,210.5,0,0,0,0,0,0,0,0,0,0,0,0,0,0,0,0,0,0.0,0.0,0.0,0,,210.5,Deserto absoluto,False
1200401,120040,Rio Branco - AC,AC,Acre,30902,15451.0,18,17,2079,2615,10320,12261,15333,10371,217,301,706,1099,1006,1955,25704,2961,28665,14332.5,0.8318,0.9276,86173,0.8337,1118.5,Adequado,True
1200427,120042,Rodrigues Alves - AC,AC,Acre,743,371.5,0,0,0,0,0,0,0,0,0,0,0,0,0,0,0,0,0,0.0,0.0,0.0,0,,371.5,Deserto absoluto,False
1200435,120043,Santa Rosa do Purus - AC,AC,Acre,236,118.0,0,0,0,0,0,0,0,0,0,0,0,0,0,0,0,0,0,0.0,0.0,0.0,0,,118.0,Deserto absoluto,False
1200450,120045,Senador Guiomard - AC,AC,Acre,1763,881.5,0,0,0,0,0,0,0,0,0,0,0,0,0,0,0,0,0,0.0,0.0,0.0,0,,881.5,Deserto absoluto,False
1200500,120050,Sena Madureira - AC,AC,Acre,2465,1232.5,0,0,0,0,0,0,0,0,0,0,0,0,0,0,0,0,0,0.0,0.0,0.0,0,,1232.5,Deserto absoluto,False
1200609,120060,Tarauacá - AC,AC,Acre,2152,1076.0,1,1,0,0,0,0,0,0,0,0,0,0,0,0,0,0,0,0.0,0.0,0.0,5069,1.0,1076.0,Deserto funcional,True
1200708,120070,Xapuri - AC,AC,Acre,1294,647.0,0,0,0,0,0,0,0,0,0,0,0,0,0,0,0,0,0,0.0,0.0,0.0,0,,647.0,Deserto absoluto,False
1200807,120080,Porto Acre - AC,AC,Acre,1312,656.0,0,0,0,0,0,0,0,0,0,0,0,0,0,0,0,0,0,0.0,0.0,0.0,0,,656.0,Deserto absoluto,False
1300029,130002,Alvarães - AM,AM,Amazonas,711,355.5,1,1,0,0,0,0,0,0,0,0,0,0,0,0,0,0,0,0.0,0.0,0.0,5069,1.0,355.5,Deserto funcional,True
1300060,130006,Amaturá - AM,AM,Amazonas,503,251.5,1,1,0,0,0,0,0,0,0,0,0,0,0,0,0,0,0,0.0,0.0,0.0,5069,1.0,251.5,Deserto funcional,True
1300086,130008,Anamã - AM,AM,Amazonas,525,262.5,1,1,0,0,0,0,0,43,0,0,0,0,0,10,43,10,53,26.5,0.0819,0.101,5069,0.9948,236.0,Deserto funcional,True
1300102,130010,Anori - AM,AM,Amazonas,986,493.0,2,2,0,0,0,0,0,0,0,0,0,0,0,0,0,0,0,0.0,0.0,0.0,10138,1.0,493.0,Deserto funcional,True
1300144,130014,Apuí - AM,AM,Amazonas,1391,695.5,1,1,0,0,0,0,0,0,0,0,0,0,0,0,0,0,0,0.0,0.0,0.0,5069,1.0,695.5,Deserto funcional,True
1300201,130020,Atalaia do Norte - AM,AM,Amazonas,629,314.5,1,1,0,0,0,0,25,19,0,0,0,0,2,0,44,2,46,23.0,0.07,0.0731,5069,0.9955,291.5,Deserto funcional,True
1300300,130030,Autazes - AM,AM,Amazonas,2492,1246.0,1,1,0,0,0,0,5,501,0,0,0,0,0,0,506,0,506,253.0,0.203,0.203,5069,0.9501,993.0,Deserto funcional,True
1300409,130040,Barcelos - AM,AM,Amazonas,1035,517.5,1,1,0,0,0,0,0,22,0,0,0,0,0,8,22,8,30,15.0,0.0213,0.029,5069,0.997,502.5,Deserto funcional,True
1300508,130050,Barreirinha - AM,AM,Amazonas,1608,804.0,1,1,0,0,0,0,0,0,0,0,0,0,0,0,0,0,0,0.0,0.0,0.0,5069,1.0,804.0,Deserto funcional,True
1300607,130060,Benjamin Constant - AM,AM,Amazonas,1870,935.0,1,1,0,0,0,0,0,0,0,0,0,0,0,16,0,16,16,8.0,0.0,0.0086,5069,0.9984,927.0,Deserto funcional,True
1300631,130063,Beruri - AM,AM,Amazonas,943,471.5,1,1,0,0,0,0,0,0,0,0,0,0,0,0,0,0,0,0.0,0.0,0.0,5069,1.0,471.5,Deserto funcional,True
1300680,130068,Boa Vista do Ramos - AM,AM,Amazonas,1183,591.5,1,1,0,0,0,0,0,0,0,0,0,0,0,0,0,0,0,0.0,0.0,0.0,5069,1.0,591.5,Deserto funcional,True
1300706,130070,Boca do Acre - AM,AM,Amazonas,2282,1141.0,1,1,0,0,0,0,0,0,0,0,0,0,0,0,0,0,0,0.0,0.0,0.0,5069,1.0,1141.0,Deserto funcional,True
1300805,130080,Borba - AM,AM,Amazonas,1817,908.5,2,2,0,0,0,0,0,0,0,0,0,0,0,0,0,0,0,0.0,0.0,0.0,10138,1.0,908.5,Deserto funcional,True
1300839,130083,Caapiranga - AM,AM,Amazonas,718,359.0,1,1,0,0,0,0,0,0,0,0,0,0,0,0,0,0,0,0.0,0.0,0.0,5069,1.0,359.0,Deserto funcional,True
1300904,130090,Canutama - AM,AM,Amazonas,1201,600.5,1,1,0,0,0,0,0,0,0,0,0,0,0,0,0,0,0,0.0,0.0,0.0,5069,1.0,600.5,Deserto funcional,True
1301001,130100,Carauari - AM,AM,Amazonas,1534,767.0,2,1,0,0,0,0,0,153,0,0,0,0,0,52,153,52,205,102.5,0.0997,0.1336,5069,0.9798,664.5,Deserto funcional,True
1301100,130110,Careiro - AM,AM,Amazonas,2422,1211.0,1,1,0,0,0,0,56,337,0,0,0,0,6,53,393,59,452,226.0,0.1623,0.1866,5069,0.9554,985.0,Deserto funcional,True
1301159,130115,Careiro da Várzea - AM,AM,Amazonas,1524,762.0,1,1,0,0,0,0,0,53,0,0,0,0,0,5,53,5,58,29.0,0.0348,0.0381,5069,0.9943,733.0,Deserto funcional,True
1301209,130120,Coari - AM,AM,Amazonas,3745,1872.5,1,1,0,0,0,0,0,587,0,0,0,0,0,26,587,26,613,306.5,0.1567,0.1637,5069,0.9395,1566.0,Deserto funcional,True
1301308,130130,Codajás - AM,AM,Amazonas,1311,655.5,1,1,0,0,0,0,0,66,0,0,0,0,0,0,66,0,66,33.0,0.0503,0.0503,5069,0.9935,622.5,Deserto funcional,True
1301407,130140,Eirunepé - AM,AM,Amazonas,1767,883.5,1,1,0,0,0,0,0,0,0,0,0,0,0,0,0,0,0,0.0,0.0,0.0,5069,1.0,883.5,Deserto funcional,True
1301506,130150,Envira - AM,AM,Amazonas,821,410.5,1,1,0,0,0,0,0,0,0,0,0,0,0,0,0,0,0,0.0,0.0,0.0,5069,1.0,410.5,Deserto funcional,True
1301605,130160,Fonte Boa - AM,AM,Amazonas,1257,628.5,1,1,0,0,0,0,0,30,0,0,0,0,0,32,30,32,62,31.0,0.0239,0.0493,5069,0.9939,597.5,Deserto funcional,True
1301654,130165,Guajará - AM,AM,Amazonas,774,387.0,1,1,0,0,0,0,0,0,0,0,0,0,0,0,0,0,0,0.0,0.0,0.0,5069,1.0,387.0,Deserto funcional,True
1301704,130170,Humaitá - AM,AM,Amazonas,3318,1659.0,4,4,0,0,0,0,0,5,0,0,0,0,0,0,5,0,5,2.5,0.0015,0.0015,20276,0.9999,1656.5,Deserto funcional,True
1301803,130180,Ipixuna - AM,AM,Amazonas,991,495.5,1,1,0,0,0,0,0,0,0,0,0,0,0,0,0,0,0,0.0,0.0,0.0,5069,1.0,495.5,Deserto funcional,True
1301852,130185,Iranduba - AM,AM,Amazonas,4527,2263.5,1,1,0,0,0,0,0,0,0,0,0,0,0,0,0,0,0,0.0,0.0,0.0,5069,1.0,2263.5,Deserto funcional,True
1301902,130190,Itacoatiara - AM,AM,Amazonas,6962,3481.0,1,1,0,0,0,0,0,0,0,0,0,0,0,0,0,0,0,0.0,0.0,0.0,5069,1.0,3481.0,Deserto funcional,True
1301951,130195,Itamarati - AM,AM,Amazonas,427,213.5,1,1,0,0,0,0,0,0,0,0,0,0,0,0,0,0,0,0.0,0.0,0.0,5069,1.0,213.5,Deserto funcional,True
1302009,130200,Itapiranga - AM,AM,Amazonas,643,321.5,1,1,0,0,0,0,0,0,0,0,0,0,0,0,0,0,0,0.0,0.0,0.0,5069,1.0,321.5,Deserto funcional,True
1302108,130210,Japurá - AM,AM,Amazonas,336,168.0,1,1,0,0,0,0,0,8,0,0,0,0,0,5,8,5,13,6.5,0.0238,0.0387,5069,0.9987,161.5,Deserto funcional,True
1302207,130220,Juruá - AM,AM,Amazonas,471,235.5,1,1,0,0,0,0,0,0,0,0,0,0,0,0,0,0,0,0.0,0.0,0.0,5069,1.0,235.5,Deserto funcional,True
1302306,130230,Jutaí - AM,AM,Amazonas,955,477.5,1,0,0,0,0,0,7,60,0,0,0,0,2,40,67,42,109,54.5,0.0702,0.1141,0,,423.0,Deserto funcional,False
1302405,130240,Lábrea - AM,AM,Amazonas,2426,1213.0,1,1,0,0,0,0,0,0,0,0,0,0,0,0,0,0,0,0.0,0.0,0.0,5069,1.0,1213.0,Deserto funcional,True
1302504,130250,Manacapuru - AM,AM,Amazonas,6555,3277.5,2,2,0,0,0,0,0,0,0,0,0,0,0,0,0,0,0,0.0,0.0,0.0,10138,1.0,3277.5,Deserto funcional,True
1302553,130255,Manaquiri - AM,AM,Amazonas,1248,624.0,1,1,0,0,0,0,0,47,0,0,0,0,0,0,47,0,47,23.5,0.0377,0.0377,5069,0.9954,600.5,Deserto funcional,True
1302603,130260,Manaus - AM,AM,Amazonas,173901,86950.5,54,52,17959,23185,20412,28922,28105,31896,748,1167,1773,1928,1722,2414,60001,4136,64137,32068.5,0.345,0.3688,263588,0.8783,54882.0,Intermediario,True
1302702,130270,Manicoré - AM,AM,Amazonas,2891,1445.5,2,2,0,0,0,0,141,729,0,0,0,0,0,36,870,36,906,453.0,0.3009,0.3134,10138,0.9553,992.5,Intermediario,True
1302801,130280,Maraã - AM,AM,Amazonas,612,306.0,1,0,0,0,0,0,0,0,0,0,0,0,0,0,0,0,0,0.0,0.0,0.0,0,,306.0,Deserto funcional,False
1302900,130290,Maués - AM,AM,Amazonas,3316,1658.0,1,1,0,0,0,0,0,0,0,0,0,0,0,0,0,0,0,0.0,0.0,0.0,5069,1.0,1658.0,Deserto funcional,True
1303007,130300,Nhamundá - AM,AM,Amazonas,1238,619.0,1,1,0,0,0,0,20,47,0,0,0,0,10,20,67,30,97,48.5,0.0541,0.0784,5069,0.9904,570.5,Deserto funcional,True
1303106,130310,Nova Olinda do Norte - AM,AM,Amazonas,1532,766.0,1,1,0,0,0,0,0,0,0,0,0,0,0,0,0,0,0,0.0,0.0,0.0,5069,1.0,766.0,Deserto funcional,True
1303205,130320,Novo Airão - AM,AM,Amazonas,1025,512.5,1,1,0,0,0,0,0,0,0,0,0,0,0,0,0,0,0,0.0,0.0,0.0,5069,1.0,512.5,Deserto funcional,True
1303304,130330,Novo Aripuanã - AM,AM,Amazonas,1341,670.5,1,1,0,0,0,0,0,0,0,0,0,0,0,0,0,0,0,0.0,0.0,0.0,5069,1.0,670.5,Deserto funcional,True
1303403,130340,Parintins - AM,AM,Amazonas,6453,3226.5,1,1,0,0,0,0,350,0,0,0,0,0,3,0,350,3,353,176.5,0.0542,0.0547,5069,0.9652,3050.0,Deserto funcional,True
1303502,130350,Pauini - AM,AM,Amazonas,864,432.0,2,2,0,0,0,0,0,9,0,0,0,0,0,2,9,2,11,5.5,0.0104,0.0127,10138,0.9995,426.5,Deserto funcional,True
1303536,130353,Presidente Figueiredo - AM,AM,Amazonas,2312,1156.0,1,1,0,0,0,0,29,0,0,0,0,0,18,0,29,18,47,23.5,0.0125,0.0203,5069,0.9954,1132.5,Deserto funcional,True
1303569,130356,Rio Preto da Eva - AM,AM,Amazonas,2022,1011.0,1,1,0,0,0,0,56,165,0,0,0,0,0,0,221,0,221,110.5,0.1093,0.1093,5069,0.9782,900.5,Deserto funcional,True
1303601,130360,Santa Isabel do Rio Negro - AM,AM,Amazonas,687,343.5,1,1,0,0,0,0,0,0,0,0,0,0,0,0,0,0,0,0.0,0.0,0.0,5069,1.0,343.5,Deserto funcional,True
1303700,130370,Santo Antônio do Içá - AM,AM,Amazonas,1149,574.5,1,1,0,0,0,0,0,0,0,0,0,0,0,0,0,0,0,0.0,0.0,0.0,5069,1.0,574.5,Deserto funcional,True
1303809,130380,São Gabriel da Cachoeira - AM,AM,Amazonas,2709,1354.5,1,0,0,0,0,0,107,0,0,0,0,0,2,0,107,2,109,54.5,0.0395,0.0402,0,,1300.0,Deserto funcional,False
1303908,130390,São Paulo de Olivença - AM,AM,Amazonas,1331,665.5,1,0,0,0,0,0,0,0,0,0,0,0,0,0,0,0,0,0.0,0.0,0.0,0,,665.5,Deserto funcional,False
1303957,130395,São Sebastião do Uatumã - AM,AM,Amazonas,591,295.5,1,1,0,0,0,0,0,162,0,0,0,0,0,1,162,1,163,81.5,0.2741,0.2758,5069,0.9839,214.0,Deserto funcional,True
1304005,130400,Silves - AM,AM,Amazonas,712,356.0,1,1,0,0,0,0,80,0,0,0,0,0,0,0,80,0,80,40.0,0.1124,0.1124,5069,0.9921,316.0,Deserto funcional,True
1304062,130406,Tabatinga - AM,AM,Amazonas,3513,1756.5,2,2,0,0,0,0,0,0,0,0,0,0,0,0,0,0,0,0.0,0.0,0.0,10138,1.0,1756.5,Deserto funcional,True
1304104,130410,Tapauá - AM,AM,Amazonas,991,495.5,1,1,0,0,0,0,0,0,0,0,0,0,0,0,0,0,0,0.0,0.0,0.0,5069,1.0,495.5,Deserto funcional,True
1304203,130420,Tefé - AM,AM,Amazonas,3775,1887.5,1,1,0,0,604,490,397,948,0,0,112,2,0,601,1345,601,1946,973.0,0.3563,0.5155,5069,0.808,914.5,Intermediario,True
1304237,130423,Tonantins - AM,AM,Amazonas,740,370.0,1,0,0,0,0,0,0,0,0,0,0,0,0,0,0,0,0,0.0,0.0,0.0,0,,370.0,Deserto funcional,False
1304260,130426,Uarini - AM,AM,Amazonas,571,285.5,1,1,0,0,0,0,0,144,0,0,0,0,0,8,144,8,152,76.0,0.2522,0.2662,5069,0.985,209.5,Deserto funcional,True
1304302,130430,Urucará - AM,AM,Amazonas,1213,606.5,1,1,0,0,0,0,15,165,0,0,0,0,0,0,180,0,180,90.0,0.1484,0.1484,5069,0.9822,516.5,Deserto funcional,True
1304401,130440,Urucurituba - AM,AM,Amazonas,1420,710.0,1,1,0,0,0,0,0,84,0,0,0,0,0,0,84,0,84,42.0,0.0592,0.0592,5069,0.9917,668.0,Deserto funcional,True
1400027,140002,Amajari - RR,RR,Roraima,701,350.5,0,0,0,0,0,0,0,0,0,0,0,0,0,0,0,0,0,0.0,0.0,0.0,0,,350.5,Deserto absoluto,False
1400050,140005,Alto Alegre - RR,RR,Roraima,1103,551.5,0,0,0,0,0,0,0,0,0,0,0,0,0,0,0,0,0,0.0,0.0,0.0,0,,551.5,Deserto absoluto,False
1400100,140010,Boa Vista - RR,RR,Roraima,28272,14136.0,7,7,2326,1394,1311,2339,1391,1814,4,13,35,67,82,157,3205,239,3444,1722.0,0.1134,0.1218,35483,0.9515,12414.0,Deserto funcional,True
1400159,140015,Bonfim - RR,RR,Roraima,802,401.0,0,0,0,0,0,0,0,0,0,0,0,0,0,0,0,0,0,0.0,0.0,0.0,0,,401.0,Deserto absoluto,False
1400175,140017,Cantá - RR,RR,Roraima,1392,696.0,0,0,0,0,0,0,0,0,0,0,0,0,0,0,0,0,0,0.0,0.0,0.0,0,,696.0,Deserto absoluto,False
1400209,140020,Caracaraí - RR,RR,Roraima,1479,739.5,0,0,0,0,0,0,0,0,0,0,0,0,0,0,0,0,0,0.0,0.0,0.0,0,,739.5,Deserto absoluto,False
1400233,140023,Caroebe - RR,RR,Roraima,626,313.0,0,0,0,0,0,0,0,0,0,0,0,0,0,0,0,0,0,0.0,0.0,0.0,0,,313.0,Deserto absoluto,False
1400282,140028,Iracema - RR,RR,Roraima,657,328.5,0,0,0,0,0,0,0,0,0,0,0,0,0,0,0,0,0,0.0,0.0,0.0,0,,328.5,Deserto absoluto,False
1400308,140030,Mucajaí - RR,RR,Roraima,1269,634.5,0,0,0,0,0,0,0,0,0,0,0,0,0,0,0,0,0,0.0,0.0,0.0,0,,634.5,Deserto absoluto,False
1400407,140040,Normandia - RR,RR,Roraima,480,240.0,0,0,0,0,0,0,0,0,0,0,0,0,0,0,0,0,0,0.0,0.0,0.0,0,,240.0,Deserto absoluto,False
1400456,140045,Pacaraima - RR,RR,Roraima,944,472.0,0,0,0,0,0,0,0,0,0,0,0,0,0,0,0,0,0,0.0,0.0,0.0,0,,472.0,Deserto absoluto,False
1400472,140047,Rorainópolis - RR,RR,Roraima,2080,1040.0,0,0,0,0,0,0,0,0,0,0,0,0,0,0,0,0,0,0.0,0.0,0.0,0,,1040.0,Deserto absoluto,False
1400506,140050,São João da Baliza - RR,RR,Roraima,485,242.5,0,0,0,0,0,0,0,0,0,0,0,0,0,0,0,0,0,0.0,0.0,0.0,0,,242.5,Deserto absoluto,False
1400605,140060,São Luiz do Anauá - RR,RR,Roraima,520,260.0,0,0,0,0,0,0,0,0,0,0,0,0,0,0,0,0,0,0.0,0.0,0.0,0,,260.0,Deserto absoluto,False
1400704,140070,Uiramutã - RR,RR,Roraima,402,201.0,0,0,0,0,0,0,0,0,0,0,0,0,0,0,0,0,0,0.0,0.0,0.0,0,,201.0,Deserto absoluto,False
1500107,150010,Abaetetuba - PA,PA,Pará,11461,5730.5,3,3,0,596,1531,1718,1438,1106,0,44,141,153,93,34,2544,127,2671,1335.5,0.222,0.2331,15207,0.9122,4395.0,Deserto funcional,True
1500131,150013,Abel Figueiredo - PA,PA,Pará,541,270.5,0,0,0,0,0,0,0,0,0,0,0,0,0,0,0,0,0,0.0,0.0,0.0,0,,270.5,Deserto absoluto,False
1500206,150020,Acará - PA,PA,Pará,3836,1918.0,1,1,0,0,0,0,0,0,0,0,0,0,0,0,0,0,0,0.0,0.0,0.0,5069,1.0,1918.0,Deserto funcional,True
1500305,150030,Afuá - PA,PA,Pará,1894,947.0,0,0,0,0,0,0,0,0,0,0,0,0,0,0,0,0,0,0.0,0.0,0.0,0,,947.0,Deserto absoluto,False
1500347,150034,Água Azul do Norte - PA,PA,Pará,1118,559.0,0,0,0,0,0,0,0,0,0,0,0,0,0,0,0,0,0,0.0,0.0,0.0,0,,559.0,Deserto absoluto,False
1500404,150040,Alenquer - PA,PA,Pará,4226,2113.0,0,0,0,0,0,0,0,0,0,0,0,0,0,0,0,0,0,0.0,0.0,0.0,0,,2113.0,Deserto absoluto,False
1500503,150050,Almeirim - PA,PA,Pará,2084,1042.0,0,0,0,0,0,0,0,0,0,0,0,0,0,0,0,0,0,0.0,0.0,0.0,0,,1042.0,Deserto absoluto,False
1500602,150060,Altamira - PA,PA,Pará,9140,4570.0,3,3,1074,918,1070,1589,926,1391,160,165,226,426,273,319,2317,592,2909,1454.5,0.2535,0.3183,15207,0.9044,3115.5,Intermediario,True
1500701,150070,Anajás - PA,PA,Pará,1172,586.0,0,0,0,0,0,0,0,0,0,0,0,0,0,0,0,0,0,0.0,0.0,0.0,0,,586.0,Deserto absoluto,False
1500800,150080,Ananindeua - PA,PA,Pará,49277,24638.5,19,18,14616,12324,15144,12001,8464,5061,50,27,13,6,4,515,13525,519,14044,7022.0,0.2745,0.285,91242,0.923,17616.5,Deserto funcional,True
1500859,150085,Anapu - PA,PA,Pará,1722,861.0,0,0,0,0,0,0,0,0,0,0,0,0,0,0,0,0,0,0.0,0.0,0.0,0,,861.0,Deserto absoluto,False
1500909,150090,Augusto Corrêa - PA,PA,Pará,2936,1468.0,0,0,0,0,0,0,0,0,0,0,0,0,0,0,0,0,0,0.0,0.0,0.0,0,,1468.0,Deserto absoluto,False
1500958,150095,Aurora do Pará - PA,PA,Pará,1608,804.0,0,0,0,0,0,0,0,0,0,0,0,0,0,0,0,0,0,0.0,0.0,0.0,0,,804.0,Deserto absoluto,False
1501006,150100,Aveiro - PA,PA,Pará,1197,598.5,0,0,0,0,0,0,0,0,0,0,0,0,0,0,0,0,0,0.0,0.0,0.0,0,,598.5,Deserto absoluto,False
1501105,150110,Bagre - PA,PA,Pará,1173,586.5,0,0,0,0,0,0,0,0,0,0,0,0,0,0,0,0,0,0.0,0.0,0.0,0,,586.5,Deserto absoluto,False
1501204,150120,Baião - PA,PA,Pará,3543,1771.5,0,0,0,0,0,0,0,0,0,0,0,0,0,0,0,0,0,0.0,0.0,0.0,0,,1771.5,Deserto absoluto,False
1501253,150125,Bannach - PA,PA,Pará,282,141.0,0,0,0,0,0,0,0,0,0,0,0,0,0,0,0,0,0,0.0,0.0,0.0,0,,141.0,Deserto absoluto,False
1501303,150130,Barcarena - PA,PA,Pará,8793,4396.5,6,6,1799,2181,2166,1985,1803,1831,83,38,10,5,16,19,3634,35,3669,1834.5,0.4133,0.4173,30414,0.9397,2562.0,Intermediario,True
1501402,150140,Belém - PA,PA,Pará,154288,77144.0,60,58,15199,16487,20572,21947,21786,18678,1289,944,1055,2079,2093,2161,40464,4254,44718,22359.0,0.2623,0.2898,294002,0.9239,54785.0,Deserto funcional,True
1501451,150145,Belterra - PA,PA,Pará,1424,712.0,0,0,0,0,0,0,0,0,0,0,0,0,0,0,0,0,0,0.0,0.0,0.0,0,,712.0,Deserto absoluto,False
1501501,150150,Benevides - PA,PA,Pará,5293,2646.5,3,3,0,0,0,0,0,0,0,0,0,0,0,1261,0,1261,1261,630.5,0.0,0.2382,15207,0.9585,2016.0,Deserto funcional,True
1501576,150157,Bom Jesus do Tocantins - PA,PA,Pará,1392,696.0,0,0,0,0,0,0,0,0,0,0,0,0,0,0,0,0,0,0.0,0.0,0.0,0,,696.0,Deserto absoluto,False
1501600,150160,Bonito - PA,PA,Pará,972,486.0,0,0,0,0,0,0,0,0,0,0,0,0,0,0,0,0,0,0.0,0.0,0.0,0,,486.0,Deserto absoluto,False
1501709,150170,Bragança - PA,PA,Pará,9425,4712.5,4,4,397,218,771,476,0,0,0,0,0,0,0,0,0,0,0,0.0,0.0,0.0,20276,1.0,4712.5,Deserto funcional,True
1501725,150172,Brasil Novo - PA,PA,Pará,1807,903.5,0,0,0,0,0,0,0,0,0,0,0,0,0,0,0,0,0,0.0,0.0,0.0,0,,903.5,Deserto absoluto,False
1501758,150175,Brejo Grande do Araguaia - PA,PA,Pará,552,276.0,0,0,0,0,0,0,0,0,0,0,0,0,0,0,0,0,0,0.0,0.0,0.0,0,,276.0,Deserto absoluto,False
1501782,150178,Breu Branco - PA,PA,Pará,3292,1646.0,0,0,0,0,0,0,0,0,0,0,0,0,0,0,0,0,0,0.0,0.0,0.0,0,,1646.0,Deserto absoluto,False
1501808,150180,Breves - PA,PA,Pará,5548,2774.0,2,2,848,841,985,1229,1067,1366,8,23,30,13,4,5,2433,9,2442,1221.0,0.4385,0.4402,10138,0.8796,1553.0,Intermediario,True
1501907,150190,Bujaru - PA,PA,Pará,1686,843.0,0,0,0,0,0,0,0,0,0,0,0,0,0,0,0,0,0,0.0,0.0,0.0,0,,843.0,Deserto absoluto,False
1501956,150195,Cachoeira do Piriá - PA,PA,Pará,1153,576.5,0,0,0,0,0,0,0,0,0,0,0,0,0,0,0,0,0,0.0,0.0,0.0,0,,576.5,Deserto absoluto,False
1502004,150200,Cachoeira do Arari - PA,PA,Pará,1610,805.0,0,0,0,0,0,0,0,0,0,0,0,0,0,0,0,0,0,0.0,0.0,0.0,0,,805.0,Deserto absoluto,False
1502103,150210,Cametá - PA,PA,Pará,8430,4215.0,1,1,0,0,0,0,0,0,0,0,0,0,0,0,0,0,0,0.0,0.0,0.0,5069,1.0,4215.0,Deserto funcional,True
1502152,150215,Canaã dos Carajás - PA,PA,Pará,3523,1761.5,7,7,96,236,451,648,894,1387,13,48,69,85,92,90,2281,182,2463,1231.5,0.6475,0.6991,35483,0.9653,530.0,Intermediario,True
1502202,150220,Capanema - PA,PA,Pará,6482,3241.0,7,7,615,740,280,762,1884,2005,5,4,0,2,20,25,3889,45,3934,1967.0,0.6,0.6069,35483,0.9446,1274.0,Intermediario,True
1502301,150230,Capitão Poço - PA,PA,Pará,4193,2096.5,2,2,0,0,0,114,15,0,0,0,0,0,0,0,15,0,15,7.5,0.0036,0.0036,10138,0.9993,2089.0,Deserto funcional,True
1502400,150240,Castanhal - PA,PA,Pará,16953,8476.5,5,5,1805,2594,2645,3347,4792,3113,5,94,30,33,60,34,7905,94,7999,3999.5,0.4663,0.4718,25345,0.8422,4477.0,Intermediario,True
1502509,150250,Chaves - PA,PA,Pará,1078,539.0,0,0,0,0,0,0,0,0,0,0,0,0,0,0,0,0,0,0.0,0.0,0.0,0,,539.0,Deserto absoluto,False
1502608,150260,Colares - PA,PA,Pará,1123,561.5,0,0,0,0,0,0,0,0,0,0,0,0,0,0,0,0,0,0.0,0.0,0.0,0,,561.5,Deserto absoluto,False
1502707,150270,Conceição do Araguaia - PA,PA,Pará,4350,2175.0,1,1,0,0,0,66,324,207,0,0,0,2,0,0,531,0,531,265.5,0.1221,0.1221,5069,0.9476,1909.5,Deserto funcional,True
1502756,150275,Concórdia do Pará - PA,PA,Pará,1706,853.0,0,0,0,0,0,0,0,0,0,0,0,0,0,0,0,0,0,0.0,0.0,0.0,0,,853.0,Deserto absoluto,False
1502764,150276,Cumaru do Norte - PA,PA,Pará,705,352.5,0,0,0,0,0,0,0,0,0,0,0,0,0,0,0,0,0,0.0,0.0,0.0,0,,352.5,Deserto absoluto,False
1502772,150277,Curionópolis - PA,PA,Pará,1477,738.5,1,1,0,0,0,0,0,0,0,0,0,0,0,0,0,0,0,0.0,0.0,0.0,5069,1.0,738.5,Deserto funcional,True
1502806,150280,Curralinho - PA,PA,Pará,1527,763.5,0,0,0,0,0,0,0,0,0,0,0,0,0,0,0,0,0,0.0,0.0,0.0,0,,763.5,Deserto absoluto,False
1502855,150285,Curuá - PA,PA,Pará,875,437.5,0,0,0,0,0,0,0,0,0,0,0,0,0,0,0,0,0,0.0,0.0,0.0,0,,437.5,Deserto absoluto,False
1502905,150290,Curuçá - PA,PA,Pará,3397,1698.5,0,0,0,0,0,0,0,0,0,0,0,0,0,0,0,0,0,0.0,0.0,0.0,0,,1698.5,Deserto absoluto,False
1502939,150293,Dom Eliseu - PA,PA,Pará,3784,1892.0,2,2,0,0,0,0,0,0,0,0,0,0,0,0,0,0,0,0.0,0.0,0.0,10138,1.0,1892.0,Deserto funcional,True
1502954,150295,Eldorado do Carajás - PA,PA,Pará,2125,1062.5,0,0,0,0,0,0,0,0,0,0,0,0,0,0,0,0,0,0.0,0.0,0.0,0,,1062.5,Deserto absoluto,False
1503002,150300,Faro - PA,PA,Pará,543,271.5,0,0,0,0,0,0,0,0,0,0,0,0,0,0,0,0,0,0.0,0.0,0.0,0,,271.5,Deserto absoluto,False
1503044,150304,Floresta do Araguaia - PA,PA,Pará,1300,650.0,0,0,0,0,0,0,0,0,0,0,0,0,0,0,0,0,0,0.0,0.0,0.0,0,,650.0,Deserto absoluto,False
1503077,150307,Garrafão do Norte - PA,PA,Pará,1642,821.0,0,0,0,0,0,0,0,0,0,0,0,0,0,0,0,0,0,0.0,0.0,0.0,0,,821.0,Deserto absoluto,False
1503093,150309,Goianésia do Pará - PA,PA,Pará,1945,972.5,0,0,0,0,0,0,0,0,0,0,0,0,0,0,0,0,0,0.0,0.0,0.0,0,,972.5,Deserto absoluto,False
1503101,150310,Gurupá - PA,PA,Pará,1436,718.0,0,0,0,0,0,0,0,0,0,0,0,0,0,0,0,0,0,0.0,0.0,0.0,0,,718.0,Deserto absoluto,False
1503200,150320,Igarapé-Açu - PA,PA,Pará,3208,1604.0,0,0,0,0,0,0,0,0,0,0,0,0,0,0,0,0,0,0.0,0.0,0.0,0,,1604.0,Deserto absoluto,False
1503309,150330,Igarapé-Miri - PA,PA,Pará,4251,2125.5,1,1,0,0,0,0,0,0,0,0,0,0,0,0,0,0,0,0.0,0.0,0.0,5069,1.0,2125.5,Deserto funcional,True
1503408,150340,Inhangapi - PA,PA,Pará,796,398.0,0,0,0,0,0,0,0,0,0,0,0,0,0,0,0,0,0,0.0,0.0,0.0,0,,398.0,Deserto absoluto,False
1503457,150345,Ipixuna do Pará - PA,PA,Pará,1920,960.0,0,0,0,0,0,0,0,0,0,0,0,0,0,0,0,0,0,0.0,0.0,0.0,0,,960.0,Deserto absoluto,False
1503507,150350,Irituia - PA,PA,Pará,2448,1224.0,0,0,0,0,0,0,0,0,0,0,0,0,0,0,0,0,0,0.0,0.0,0.0,0,,1224.0,Deserto absoluto,False
1503606,150360,Itaituba - PA,PA,Pará,8521,4260.5,4,4,309,916,917,1039,1161,132,12,18,11,27,24,3,1293,27,1320,660.0,0.1517,0.1549,20276,0.9674,3600.5,Deserto funcional,True
1503705,150370,Itupiranga - PA,PA,Pará,3246,1623.0,0,0,0,0,0,0,0,0,0,0,0,0,0,0,0,0,0,0.0,0.0,0.0,0,,1623.0,Deserto absoluto,False
1503754,150375,Jacareacanga - PA,PA,Pará,987,493.5,0,0,0,0,0,0,0,0,0,0,0,0,0,0,0,0,0,0.0,0.0,0.0,0,,493.5,Deserto absoluto,False
1503804,150380,Jacundá - PA,PA,Pará,3160,1580.0,2,2,0,0,0,0,0,0,0,0,0,0,0,0,0,0,0,0.0,0.0,0.0,10138,1.0,1580.0,Deserto funcional,True
1503903,150390,Juruti - PA,PA,Pará,2712,1356.0,1,1,0,93,302,214,267,216,0,15,0,2,0,0,483,0,483,241.5,0.1781,0.1781,5069,0.9524,1114.5,Deserto funcional,True
1504000,150400,Limoeiro do Ajuru - PA,PA,Pará,1539,769.5,0,0,0,0,0,0,0,0,0,0,0,0,0,0,0,0,0,0.0,0.0,0.0,0,,769.5,Deserto absoluto,False
1504059,150405,Mãe do Rio - PA,PA,Pará,2562,1281.0,1,1,0,0,0,0,0,0,0,0,0,0,0,0,0,0,0,0.0,0.0,0.0,5069,1.0,1281.0,Deserto funcional,True
1504109,150410,Magalhães Barata - PA,PA,Pará,748,374.0,0,0,0,0,0,0,0,0,0,0,0,0,0,0,0,0,0,0.0,0.0,0.0,0,,374.0,Deserto absoluto,False
1504208,150420,Marabá - PA,PA,Pará,19061,9530.5,9,8,1483,1068,1842,1203,1833,675,13,10,14,15,21,10,2508,31,2539,1269.5,0.1316,0.1332,40552,0.9687,8261.0,Deserto funcional,True
1504307,150430,Maracanã - PA,PA,Pará,2190,1095.0,0,0,0,0,0,0,0,0,0,0,0,0,0,0,0,0,0,0.0,0.0,0.0,0,,1095.0,Deserto absoluto,False
1504406,150440,Marapanim - PA,PA,Pará,2384,1192.0,0,0,0,0,0,0,0,0,0,0,0,0,0,0,0,0,0,0.0,0.0,0.0,0,,1192.0,Deserto absoluto,False
1504422,150442,Marituba - PA,PA,Pará,9384,4692.0,4,4,1250,1420,1889,1954,2728,2090,11,12,10,7,9,13,4818,22,4840,2420.0,0.5134,0.5158,20276,0.8806,2272.0,Intermediario,True
1504455,150445,Medicilândia - PA,PA,Pará,1833,916.5,0,0,0,0,0,0,0,0,0,0,0,0,0,0,0,0,0,0.0,0.0,0.0,0,,916.5,Deserto absoluto,False
1504505,150450,Melgaço - PA,PA,Pará,1001,500.5,0,0,0,0,0,0,0,0,0,0,0,0,0,0,0,0,0,0.0,0.0,0.0,0,,500.5,Deserto absoluto,False
1504604,150460,Mocajuba - PA,PA,Pará,1787,893.5,0,0,0,0,0,0,0,0,0,0,0,0,0,0,0,0,0,0.0,0.0,0.0,0,,893.5,Deserto absoluto,False
1504703,150470,Moju - PA,PA,Pará,4801,2400.5,0,0,0,0,0,0,0,0,0,0,0,0,0,0,0,0,0,0.0,0.0,0.0,0,,2400.5,Deserto absoluto,False
1504752,150475,Mojuí dos Campos - PA,PA,Pará,1879,939.5,0,0,0,0,0,0,0,0,0,0,0,0,0,0,0,0,0,0.0,0.0,0.0,0,,939.5,Deserto absoluto,False
1504802,150480,Monte Alegre - PA,PA,Pará,4617,2308.5,1,1,0,0,0,0,0,0,0,0,0,0,0,0,0,0,0,0.0,0.0,0.0,5069,1.0,2308.5,Deserto funcional,True
1504901,150490,Muaná - PA,PA,Pará,2693,1346.5,0,0,0,0,0,0,0,0,0,0,0,0,0,0,0,0,0,0.0,0.0,0.0,0,,1346.5,Deserto absoluto,False
1504950,150495,Nova Esperança do Piriá - PA,PA,Pará,1129,564.5,0,0,0,0,0,0,0,0,0,0,0,0,0,0,0,0,0,0.0,0.0,0.0,0,,564.5,Deserto absoluto,False
1504976,150497,Nova Ipixuna - PA,PA,Pará,1139,569.5,0,0,0,0,0,0,0,0,0,0,0,0,0,0,0,0,0,0.0,0.0,0.0,0,,569.5,Deserto absoluto,False
1505007,150500,Nova Timboteua - PA,PA,Pará,1270,635.0,0,0,0,0,0,0,0,0,0,0,0,0,0,0,0,0,0,0.0,0.0,0.0,0,,635.0,Deserto absoluto,False
1505031,150503,Novo Progresso - PA,PA,Pará,2125,1062.5,2,2,51,0,0,0,0,0,0,0,0,0,0,0,0,0,0,0.0,0.0,0.0,10138,1.0,1062.5,Deserto funcional,True
1505064,150506,Novo Repartimento - PA,PA,Pará,3872,1936.0,1,1,0,0,0,0,0,0,0,0,0,0,0,0,0,0,0,0.0,0.0,0.0,5069,1.0,1936.0,Deserto funcional,True
1505106,150510,Óbidos - PA,PA,Pará,3600,1800.0,2,1,0,0,0,0,0,0,0,0,0,0,0,0,0,0,0,0.0,0.0,0.0,5069,1.0,1800.0,Deserto funcional,True
1505205,150520,Oeiras do Pará - PA,PA,Pará,1734,867.0,0,0,0,0,0,0,0,0,0,0,0,0,0,0,0,0,0,0.0,0.0,0.0,0,,867.0,Deserto absoluto,False
1505304,150530,Oriximiná - PA,PA,Pará,4330,2165.0,1,1,0,0,0,0,0,623,0,0,0,0,0,10,623,10,633,316.5,0.1439,0.1462,5069,0.9376,1848.5,Deserto funcional,True
1505403,150540,Ourém - PA,PA,Pará,1428,714.0,0,0,0,0,0,0,0,0,0,0,0,0,0,0,0,0,0,0.0,0.0,0.0,0,,714.0,Deserto absoluto,False
1505437,150543,Ourilândia do Norte - PA,PA,Pará,2086,1043.0,3,3,0,0,370,177,72,80,0,0,2,1,0,1,152,1,153,76.5,0.0729,0.0733,15207,0.995,966.5,Deserto funcional,True
1505486,150548,Pacajá - PA,PA,Pará,2475,1237.5,0,0,0,0,0,0,0,0,0,0,0,0,0,0,0,0,0,0.0,0.0,0.0,0,,1237.5,Deserto absoluto,False
1505494,150549,Palestina do Pará - PA,PA,Pará,574,287.0,0,0,0,0,0,0,0,0,0,0,0,0,0,0,0,0,0,0.0,0.0,0.0,0,,287.0,Deserto absoluto,False
1505502,150550,Paragominas - PA,PA,Pará,7181,3590.5,4,4,649,1053,1158,711,870,1159,40,33,28,38,60,154,2029,214,2243,1121.5,0.2826,0.3124,20276,0.9447,2469.0,Intermediario,True
1505536,150553,Parauapebas - PA,PA,Pará,14103,7051.5,10,9,1414,2132,2863,2090,2119,1103,16,29,48,44,72,34,3222,106,3328,1664.0,0.2285,0.236,45621,0.9635,5387.5,Deserto funcional,True
1505551,150555,Pau D'Arco - PA,PA,Pará,599,299.5,0,0,0,0,0,0,0,0,0,0,0,0,0,0,0,0,0,0.0,0.0,0.0,0,,299.5,Deserto absoluto,False
1505601,150560,Peixe-Boi - PA,PA,Pará,794,397.0,0,0,0,0,0,0,0,0,0,0,0,0,0,0,0,0,0,0.0,0.0,0.0,0,,397.0,Deserto absoluto,False
1505635,150563,Piçarra - PA,PA,Pará,921,460.5,0,0,0,0,0,0,0,0,0,0,0,0,0,0,0,0,0,0.0,0.0,0.0,0,,460.5,Deserto absoluto,False
1505650,150565,Placas - PA,PA,Pará,1260,630.0,0,0,0,0,0,0,0,0,0,0,0,0,0,0,0,0,0,0.0,0.0,0.0,0,,630.0,Deserto absoluto,False
1505700,150570,Ponta de Pedras - PA,PA,Pará,1734,867.0,0,0,0,0,0,0,0,0,0,0,0,0,0,0,0,0,0,0.0,0.0,0.0,0,,867.0,Deserto absoluto,False
1505809,150580,Portel - PA,PA,Pará,2682,1341.0,0,0,0,0,0,0,0,0,0,0,0,0,0,0,0,0,0,0.0,0.0,0.0,0,,1341.0,Deserto absoluto,False
1505908,150590,Porto de Moz - PA,PA,Pará,1748,874.0,0,0,0,0,0,0,0,0,0,0,0,0,0,0,0,0,0,0.0,0.0,0.0,0,,874.0,Deserto absoluto,False
1506005,150600,Prainha - PA,PA,Pará,1971,985.5,0,0,0,0,0,0,0,0,0,0,0,0,0,0,0,0,0,0.0,0.0,0.0,0,,985.5,Deserto absoluto,False
1506104,150610,Primavera - PA,PA,Pará,947,473.5,0,0,0,0,0,0,0,0,0,0,0,0,0,0,0,0,0,0.0,0.0,0.0,0,,473.5,Deserto absoluto,False
1506112,150611,Quatipuru - PA,PA,Pará,1076,538.0,0,0,0,0,0,0,0,0,0,0,0,0,0,0,0,0,0,0.0,0.0,0.0,0,,538.0,Deserto absoluto,False
1506138,150613,Redenção - PA,PA,Pará,6812,3406.0,7,6,518,877,1568,1484,1037,1317,107,132,96,164,121,66,2354,187,2541,1270.5,0.3456,0.373,30414,0.9582,2135.5,Intermediario,True
1506161,150616,Rio Maria - PA,PA,Pará,1605,802.5,1,1,0,0,0,0,117,350,0,0,0,0,0,15,467,15,482,241.0,0.291,0.3003,5069,0.9525,561.5,Intermediario,True
1506187,150618,Rondon do Pará - PA,PA,Pará,4841,2420.5,1,1,0,0,0,0,0,0,0,0,0,0,0,0,0,0,0,0.0,0.0,0.0,5069,1.0,2420.5,Deserto funcional,True
1506195,150619,Rurópolis - PA,PA,Pará,2348,1174.0,0,0,0,0,0,0,0,0,0,0,0,0,0,0,0,0,0,0.0,0.0,0.0,0,,1174.0,Deserto absoluto,False
1506203,150620,Salinópolis - PA,PA,Pará,3600,1800.0,0,0,0,0,0,0,0,0,0,0,0,0,0,0,0,0,0,0.0,0.0,0.0,0,,1800.0,Deserto absoluto,False
1506302,150630,Salvaterra - PA,PA,Pará,1919,959.5,0,0,0,0,0,0,0,0,0,0,0,0,0,0,0,0,0,0.0,0.0,0.0,0,,959.5,Deserto absoluto,False
1506351,150635,Santa Bárbara do Pará - PA,PA,Pará,1827,913.5,0,0,0,0,0,0,0,0,0,0,0,0,0,0,0,0,0,0.0,0.0,0.0,0,,913.5,Deserto absoluto,False
1506401,150640,Santa Cruz do Arari - PA,PA,Pará,514,257.0,0,0,0,0,0,0,0,0,0,0,0,0,0,0,0,0,0,0.0,0.0,0.0,0,,257.0,Deserto absoluto,False
1506500,150650,Santa Izabel do Pará - PA,PA,Pará,5314,2657.0,1,1,0,0,0,0,0,0,0,0,0,0,0,0,0,0,0,0.0,0.0,0.0,5069,1.0,2657.0,Deserto funcional,True
1506559,150655,Santa Luzia do Pará - PA,PA,Pará,1579,789.5,0,0,0,0,0,0,0,0,0,0,0,0,0,0,0,0,0,0.0,0.0,0.0,0,,789.5,Deserto absoluto,False
1506583,150658,Santa Maria das Barreiras - PA,PA,Pará,1320,660.0,0,0,0,0,0,0,0,0,0,0,0,0,0,0,0,0,0,0.0,0.0,0.0,0,,660.0,Deserto absoluto,False
1506609,150660,Santa Maria do Pará - PA,PA,Pará,2278,1139.0,0,0,0,0,0,0,0,0,0,0,0,0,0,0,0,0,0,0.0,0.0,0.0,0,,1139.0,Deserto absoluto,False
1506708,150670,Santana do Araguaia - PA,PA,Pará,2353,1176.5,1,1,0,0,0,0,0,0,0,0,0,0,0,0,0,0,0,0.0,0.0,0.0,5069,1.0,1176.5,Deserto funcional,True
1506807,150680,Santarém - PA,PA,Pará,25954,12977.0,8,8,2133,2331,1952,1433,139,812,382,406,305,226,37,90,951,127,1078,539.0,0.0366,0.0415,40552,0.9867,12438.0,Deserto funcional,True
1506906,150690,Santarém Novo - PA,PA,Pará,494,247.0,0,0,0,0,0,0,0,0,0,0,0,0,0,0,0,0,0,0.0,0.0,0.0,0,,247.0,Deserto absoluto,False
1507003,150700,Santo Antônio do Tauá - PA,PA,Pará,2348,1174.0,1,1,0,0,0,0,0,0,0,0,0,0,0,0,0,0,0,0.0,0.0,0.0,5069,1.0,1174.0,Deserto funcional,True
1507102,150710,São Caetano de Odivelas - PA,PA,Pará,1535,767.5,0,0,0,0,0,0,0,0,0,0,0,0,0,0,0,0,0,0.0,0.0,0.0,0,,767.5,Deserto absoluto,False
1507151,150715,São Domingos do Araguaia - PA,PA,Pará,1622,811.0,0,0,0,0,0,0,0,0,0,0,0,0,0,0,0,0,0,0.0,0.0,0.0,0,,811.0,Deserto absoluto,False
1507201,150720,São Domingos do Capim - PA,PA,Pará,1906,953.0,0,0,0,0,0,0,0,0,0,0,0,0,0,0,0,0,0,0.0,0.0,0.0,0,,953.0,Deserto absoluto,False
1507300,150730,São Félix do Xingu - PA,PA,Pará,4115,2057.5,1,1,0,0,0,0,0,441,0,0,0,0,0,1,441,1,442,221.0,0.1072,0.1074,5069,0.9564,1836.5,Deserto funcional,True
1507409,150740,São Francisco do Pará - PA,PA,Pará,1398,699.0,0,0,0,0,0,0,0,0,0,0,0,0,0,0,0,0,0,0.0,0.0,0.0,0,,699.0,Deserto absoluto,False
1507458,150745,São Geraldo do Araguaia - PA,PA,Pará,1817,908.5,0,0,0,0,0,0,0,0,0,0,0,0,0,0,0,0,0,0.0,0.0,0.0,0,,908.5,Deserto absoluto,False
1507466,150746,São João da Ponta - PA,PA,Pará,398,199.0,0,0,0,0,0,0,0,0,0,0,0,0,0,0,0,0,0,0.0,0.0,0.0,0,,199.0,Deserto absoluto,False
1507474,150747,São João de Pirabas - PA,PA,Pará,1751,875.5,0,0,0,0,0,0,0,0,0,0,0,0,0,0,0,0,0,0.0,0.0,0.0,0,,875.5,Deserto absoluto,False
1507508,150750,São João do Araguaia - PA,PA,Pará,1125,562.5,0,0,0,0,0,0,0,0,0,0,0,0,0,0,0,0,0,0.0,0.0,0.0,0,,562.5,Deserto absoluto,False
1507607,150760,São Miguel do Guamá - PA,PA,Pará,3866,1933.0,0,0,0,0,0,0,0,0,0,0,0,0,0,0,0,0,0,0.0,0.0,0.0,0,,1933.0,Deserto absoluto,False
1507706,150770,São Sebastião da Boa Vista - PA,PA,Pará,1427,713.5,0,0,0,0,0,0,0,0,0,0,0,0,0,0,0,0,0,0.0,0.0,0.0,0,,713.5,Deserto absoluto,False
1507755,150775,Sapucaia - PA,PA,Pará,413,206.5,0,0,0,0,0,0,0,0,0,0,0,0,0,0,0,0,0,0.0,0.0,0.0,0,,206.5,Deserto absoluto,False
1507805,150780,Senador José Porfírio - PA,PA,Pará,1265,632.5,0,0,0,0,0,0,0,0,0,0,0,0,0,0,0,0,0,0.0,0.0,0.0,0,,632.5,Deserto absoluto,False
1507904,150790,Soure - PA,PA,Pará,2179,1089.5,0,0,0,0,0,0,0,0,0,0,0,0,0,0,0,0,0,0.0,0.0,0.0,0,,1089.5,Deserto absoluto,False
1507953,150795,Tailândia - PA,PA,Pará,3864,1932.0,1,1,514,1106,1223,1229,1466,1193,12,15,10,0,11,7,2659,18,2677,1338.5,0.6881,0.6928,5069,0.7359,593.5,Intermediario,True
1507961,150796,Terra Alta - PA,PA,Pará,900,450.0,0,0,0,0,0,0,0,0,0,0,0,0,0,0,0,0,0,0.0,0.0,0.0,0,,450.0,Deserto absoluto,False
1507979,150797,Terra Santa - PA,PA,Pará,1231,615.5,1,1,0,0,0,0,0,0,0,0,0,0,0,0,0,0,0,0.0,0.0,0.0,5069,1.0,615.5,Deserto funcional,True
1508001,150800,Tomé-Açu - PA,PA,Pará,4000,2000.0,3,3,0,0,0,0,0,0,0,0,0,0,0,0,0,0,0,0.0,0.0,0.0,15207,1.0,2000.0,Deserto funcional,True
1508035,150803,Tracuateua - PA,PA,Pará,2256,1128.0,0,0,0,0,0,0,0,0,0,0,0,0,0,0,0,0,0,0.0,0.0,0.0,0,,1128.0,Deserto absoluto,False
1508050,150805,Trairão - PA,PA,Pará,940,470.0,0,0,0,0,0,0,0,0,0,0,0,0,0,0,0,0,0,0.0,0.0,0.0,0,,470.0,Deserto absoluto,False
1508084,150808,Tucumã - PA,PA,Pará,2709,1354.5,1,1,0,0,0,0,0,0,0,0,0,0,0,0,0,0,0,0.0,0.0,0.0,5069,1.0,1354.5,Deserto funcional,True
1508100,150810,Tucuruí - PA,PA,Pará,7403,3701.5,8,8,1303,133,0,745,1309,1656,19,8,0,73,322,255,2965,577,3542,1771.0,0.4005,0.4785,40552,0.9563,1930.5,Intermediario,True
1508126,150812,Ulianópolis - PA,PA,Pará,2526,1263.0,1,1,0,0,0,0,0,58,0,0,0,0,0,0,58,0,58,29.0,0.023,0.023,5069,0.9943,1234.0,Deserto funcional,True
1508159,150815,Uruará - PA,PA,Pará,2782,1391.0,0,0,0,0,0,0,0,0,0,0,0,0,0,0,0,0,0,0.0,0.0,0.0,0,,1391.0,Deserto absoluto,False
1508209,150820,Vigia - PA,PA,Pará,4346,2173.0,0,0,0,0,0,0,0,0,0,0,0,0,0,0,0,0,0,0.0,0.0,0.0,0,,2173.0,Deserto absoluto,False
1508308,150830,Viseu - PA,PA,Pará,3753,1876.5,0,0,0,0,0,0,0,0,0,0,0,0,0,0,0,0,0,0.0,0.0,0.0,0,,1876.5,Deserto absoluto,False
1508357,150835,Vitória do Xingu - PA,PA,Pará,1034,517.0,0,0,0,0,0,0,0,0,0,0,0,0,0,0,0,0,0,0.0,0.0,0.0,0,,517.0,Deserto absoluto,False
1508407,150840,Xinguara - PA,PA,Pará,3829,1914.5,1,1,0,0,0,0,0,0,0,0,0,0,0,0,0,0,0,0.0,0.0,0.0,5069,1.0,1914.5,Deserto funcional,True
1600055,160005,Serra do Navio - AP,AP,Amapá,279,139.5,0,0,0,0,0,0,0,0,0,0,0,0,0,0,0,0,0,0.0,0.0,0.0,0,,139.5,Deserto absoluto,False
1600105,160010,Amapá - AP,AP,Amapá,513,256.5,0,0,0,0,0,0,0,0,0,0,0,0,0,0,0,0,0,0.0,0.0,0.0,0,,256.5,Deserto absoluto,False
1600154,160015,Pedra Branca do Amapari - AP,AP,Amapá,586,293.0,1,1,0,0,0,0,0,0,0,0,0,0,0,0,0,0,0,0.0,0.0,0.0,5069,1.0,293.0,Deserto funcional,True
1600204,160020,Calçoene - AP,AP,Amapá,641,320.5,0,0,0,0,0,0,0,0,0,0,0,0,0,0,0,0,0,0.0,0.0,0.0,0,,320.5,Deserto absoluto,False
1600212,160021,Cutias - AP,AP,Amapá,223,111.5,0,0,0,0,0,0,0,0,0,0,0,0,0,0,0,0,0,0.0,0.0,0.0,0,,111.5,Deserto absoluto,False
1600238,160023,Ferreira Gomes - AP,AP,Amapá,414,207.0,0,0,0,0,0,0,0,0,0,0,0,0,0,0,0,0,0,0.0,0.0,0.0,0,,207.0,Deserto absoluto,False
1600253,160025,Itaubal - AP,AP,Amapá,303,151.5,0,0,0,0,0,0,0,0,0,0,0,0,0,0,0,0,0,0.0,0.0,0.0,0,,151.5,Deserto absoluto,False
1600279,160027,Laranjal do Jari - AP,AP,Amapá,2459,1229.5,4,2,0,0,0,917,796,637,0,0,0,5,1,4,1433,5,1438,719.0,0.5828,0.5848,10138,0.9291,510.5,Intermediario,True
1600303,160030,Macapá - AP,AP,Amapá,32982,16491.0,20,20,5137,9831,10550,10284,6017,6347,177,353,672,553,234,811,12364,1045,13409,6704.5,0.3749,0.4066,101380,0.9339,9786.5,Intermediario,True
1600402,160040,Mazagão - AP,AP,Amapá,1176,588.0,0,0,0,0,0,0,0,0,0,0,0,0,0,0,0,0,0,0.0,0.0,0.0,0,,588.0,Deserto absoluto,False
1600501,160050,Oiapoque - AP,AP,Amapá,1472,736.0,0,0,0,0,0,0,0,0,0,0,0,0,0,0,0,0,0,0.0,0.0,0.0,0,,736.0,Deserto absoluto,False
1600535,160053,Porto Grande - AP,AP,Amapá,1119,559.5,0,0,0,0,0,0,0,0,0,0,0,0,0,0,0,0,0,0.0,0.0,0.0,0,,559.5,Deserto absoluto,False
1600550,160055,Pracuúba - AP,AP,Amapá,204,102.0,0,0,0,0,0,0,0,0,0,0,0,0,0,0,0,0,0,0.0,0.0,0.0,0,,102.0,Deserto absoluto,False
1600600,160060,Santana - AP,AP,Amapá,7331,3665.5,3,3,0,0,0,0,0,495,0,0,0,0,0,0,495,0,495,247.5,0.0675,0.0675,15207,0.9837,3418.0,Deserto funcional,True
1600709,160070,Tartarugalzinho - AP,AP,Amapá,747,373.5,0,0,0,0,0,0,0,0,0,0,0,0,0,0,0,0,0,0.0,0.0,0.0,0,,373.5,Deserto absoluto,False
1600808,160080,Vitória do Jari - AP,AP,Amapá,641,320.5,0,0,0,0,0,0,0,0,0,0,0,0,0,0,0,0,0,0.0,0.0,0.0,0,,320.5,Deserto absoluto,False
1700251,170025,Abreulândia - TO,TO,Tocantins,249,124.5,0,0,0,0,0,0,0,0,0,0,0,0,0,0,0,0,0,0.0,0.0,0.0,0,,124.5,Deserto absoluto,False
1700301,170030,Aguiarnópolis - TO,TO,Tocantins,349,174.5,0,0,0,0,0,0,0,0,0,0,0,0,0,0,0,0,0,0.0,0.0,0.0,0,,174.5,Deserto absoluto,False
1700350,170035,Aliança do Tocantins - TO,TO,Tocantins,569,284.5,0,0,0,0,0,0,0,0,0,0,0,0,0,0,0,0,0,0.0,0.0,0.0,0,,284.5,Deserto absoluto,False
1700400,170040,Almas - TO,TO,Tocantins,564,282.0,0,0,0,0,0,0,0,0,0,0,0,0,0,0,0,0,0,0.0,0.0,0.0,0,,282.0,Deserto absoluto,False
1700707,170070,Alvorada - TO,TO,Tocantins,850,425.0,0,0,0,0,0,0,0,0,0,0,0,0,0,0,0,0,0,0.0,0.0,0.0,0,,425.0,Deserto absoluto,False
1701002,170100,Ananás - TO,TO,Tocantins,894,447.0,0,0,0,0,0,0,0,0,0,0,0,0,0,0,0,0,0,0.0,0.0,0.0,0,,447.0,Deserto absoluto,False
1701051,170105,Angico - TO,TO,Tocantins,262,131.0,0,0,0,0,0,0,0,0,0,0,0,0,0,0,0,0,0,0.0,0.0,0.0,0,,131.0,Deserto absoluto,False
1701101,170110,Aparecida do Rio Negro - TO,TO,Tocantins,432,216.0,0,0,0,0,0,0,0,0,0,0,0,0,0,0,0,0,0,0.0,0.0,0.0,0,,216.0,Deserto absoluto,False
1701309,170130,Aragominas - TO,TO,Tocantins,532,266.0,0,0,0,0,0,0,0,0,0,0,0,0,0,0,0,0,0,0.0,0.0,0.0,0,,266.0,Deserto absoluto,False
1701903,170190,Araguacema - TO,TO,Tocantins,618,309.0,0,0,0,0,0,0,0,0,0,0,0,0,0,0,0,0,0,0.0,0.0,0.0,0,,309.0,Deserto absoluto,False
1702000,170200,Araguaçu - TO,TO,Tocantins,906,453.0,0,0,0,0,0,0,0,0,0,0,0,0,0,0,0,0,0,0.0,0.0,0.0,0,,453.0,Deserto absoluto,False
1702109,170210,Araguaína - TO,TO,Tocantins,14316,7158.0,15,15,1172,1976,1657,5,1,0,162,326,267,0,0,0,1,0,1,0.5,0.0001,0.0001,76035,1.0,7157.5,Deserto funcional,True
1702158,170215,Araguanã - TO,TO,Tocantins,403,201.5,0,0,0,0,0,0,0,0,0,0,0,0,0,0,0,0,0,0.0,0.0,0.0,0,,201.5,Deserto absoluto,False
1702208,170220,Araguatins - TO,TO,Tocantins,2668,1334.0,0,0,0,0,0,0,0,0,0,0,0,0,0,0,0,0,0,0.0,0.0,0.0,0,,1334.0,Deserto absoluto,False
1702307,170230,Arapoema - TO,TO,Tocantins,538,269.0,0,0,0,0,0,0,0,0,0,0,0,0,0,0,0,0,0,0.0,0.0,0.0,0,,269.0,Deserto absoluto,False
1702406,170240,Arraias - TO,TO,Tocantins,1018,509.0,0,0,0,0,0,0,0,0,0,0,0,0,0,0,0,0,0,0.0,0.0,0.0,0,,509.0,Deserto absoluto,False
1702554,170255,Augustinópolis - TO,TO,Tocantins,1406,703.0,1,1,30,0,340,379,711,605,0,0,10,0,31,23,1316,54,1370,685.0,0.936,0.9744,5069,0.8649,18.0,Adequado,True
1702703,170270,Aurora do Tocantins - TO,TO,Tocantins,357,178.5,0,0,0,0,0,0,0,0,0,0,0,0,0,0,0,0,0,0.0,0.0,0.0,0,,178.5,Deserto absoluto,False
1702901,170290,Axixá do Tocantins - TO,TO,Tocantins,789,394.5,0,0,0,0,0,0,0,0,0,0,0,0,0,0,0,0,0,0.0,0.0,0.0,0,,394.5,Deserto absoluto,False
1703008,170300,Babaçulândia - TO,TO,Tocantins,860,430.0,0,0,0,0,0,0,0,0,0,0,0,0,0,0,0,0,0,0.0,0.0,0.0,0,,430.0,Deserto absoluto,False
1703057,170305,Bandeirantes do Tocantins - TO,TO,Tocantins,250,125.0,0,0,0,0,0,0,0,0,0,0,0,0,0,0,0,0,0,0.0,0.0,0.0,0,,125.0,Deserto absoluto,False
1703073,170307,Barra do Ouro - TO,TO,Tocantins,338,169.0,0,0,0,0,0,0,0,0,0,0,0,0,0,0,0,0,0,0.0,0.0,0.0,0,,169.0,Deserto absoluto,False
1703107,170310,Barrolândia - TO,TO,Tocantins,570,285.0,0,0,0,0,0,0,0,0,0,0,0,0,0,0,0,0,0,0.0,0.0,0.0,0,,285.0,Deserto absoluto,False
1703206,170320,Bernardo Sayão - TO,TO,Tocantins,411,205.5,0,0,0,0,0,0,0,0,0,0,0,0,0,0,0,0,0,0.0,0.0,0.0,0,,205.5,Deserto absoluto,False
1703305,170330,Bom Jesus do Tocantins - TO,TO,Tocantins,298,149.0,0,0,0,0,0,0,0,0,0,0,0,0,0,0,0,0,0,0.0,0.0,0.0,0,,149.0,Deserto absoluto,False
1703602,170360,Brasilândia do Tocantins - TO,TO,Tocantins,186,93.0,0,0,0,0,0,0,0,0,0,0,0,0,0,0,0,0,0,0.0,0.0,0.0,0,,93.0,Deserto absoluto,False
1703701,170370,Brejinho de Nazaré - TO,TO,Tocantins,528,264.0,0,0,0,0,0,0,0,0,0,0,0,0,0,0,0,0,0,0.0,0.0,0.0,0,,264.0,Deserto absoluto,False
1703800,170380,Buriti do Tocantins - TO,TO,Tocantins,861,430.5,0,0,0,0,0,0,0,0,0,0,0,0,0,0,0,0,0,0.0,0.0,0.0,0,,430.5,Deserto absoluto,False
1703826,170382,Cachoeirinha - TO,TO,Tocantins,174,87.0,0,0,0,0,0,0,0,0,0,0,0,0,0,0,0,0,0,0.0,0.0,0.0,0,,87.0,Deserto absoluto,False
1703842,170384,Campos Lindos - TO,TO,Tocantins,527,263.5,0,0,0,0,0,0,0,0,0,0,0,0,0,0,0,0,0,0.0,0.0,0.0,0,,263.5,Deserto absoluto,False
1703867,170386,Cariri do Tocantins - TO,TO,Tocantins,363,181.5,0,0,0,0,0,0,0,0,0,0,0,0,0,0,0,0,0,0.0,0.0,0.0,0,,181.5,Deserto absoluto,False
1703883,170388,Carmolândia - TO,TO,Tocantins,221,110.5,0,0,0,0,0,0,0,0,0,0,0,0,0,0,0,0,0,0.0,0.0,0.0,0,,110.5,Deserto absoluto,False
1703891,170389,Carrasco Bonito - TO,TO,Tocantins,268,134.0,0,0,0,0,0,0,0,0,0,0,0,0,0,0,0,0,0,0.0,0.0,0.0,0,,134.0,Deserto absoluto,False
1703909,170390,Caseara - TO,TO,Tocantins,445,222.5,0,0,0,0,0,0,0,0,0,0,0,0,0,0,0,0,0,0.0,0.0,0.0,0,,222.5,Deserto absoluto,False
1704105,170410,Centenário - TO,TO,Tocantins,217,108.5,0,0,0,0,0,0,0,0,0,0,0,0,0,0,0,0,0,0.0,0.0,0.0,0,,108.5,Deserto absoluto,False
1704600,170460,Chapada de Areia - TO,TO,Tocantins,153,76.5,0,0,0,0,0,0,0,0,0,0,0,0,0,0,0,0,0,0.0,0.0,0.0,0,,76.5,Deserto absoluto,False
1705102,170510,Chapada da Natividade - TO,TO,Tocantins,289,144.5,0,0,0,0,0,0,0,0,0,0,0,0,0,0,0,0,0,0.0,0.0,0.0,0,,144.5,Deserto absoluto,False
1705508,170550,Colinas do Tocantins - TO,TO,Tocantins,2863,1431.5,1,1,0,0,0,0,0,0,0,0,0,0,0,0,0,0,0,0.0,0.0,0.0,5069,1.0,1431.5,Deserto funcional,True
1705557,170555,Combinado - TO,TO,Tocantins,455,227.5,0,0,0,0,0,0,0,0,0,0,0,0,0,0,0,0,0,0.0,0.0,0.0,0,,227.5,Deserto absoluto,False
1705607,170560,Conceição do Tocantins - TO,TO,Tocantins,374,187.0,0,0,0,0,0,0,0,0,0,0,0,0,0,0,0,0,0,0.0,0.0,0.0,0,,187.0,Deserto absoluto,False
1706001,170600,Couto Magalhães - TO,TO,Tocantins,529,264.5,0,0,0,0,0,0,0,0,0,0,0,0,0,0,0,0,0,0.0,0.0,0.0,0,,264.5,Deserto absoluto,False
1706100,170610,Cristalândia - TO,TO,Tocantins,767,383.5,0,0,0,0,0,0,0,0,0,0,0,0,0,0,0,0,0,0.0,0.0,0.0,0,,383.5,Deserto absoluto,False
1706258,170625,Crixás do Tocantins - TO,TO,Tocantins,164,82.0,0,0,0,0,0,0,0,0,0,0,0,0,0,0,0,0,0,0.0,0.0,0.0,0,,82.0,Deserto absoluto,False
1706506,170650,Darcinópolis - TO,TO,Tocantins,470,235.0,0,0,0,0,0,0,0,0,0,0,0,0,0,0,0,0,0,0.0,0.0,0.0,0,,235.0,Deserto absoluto,False
1707009,170700,Dianópolis - TO,TO,Tocantins,1450,725.0,1,1,0,181,257,254,474,612,0,21,17,10,22,21,1086,43,1129,564.5,0.749,0.7786,5069,0.8886,160.5,Adequado,True
1707108,170710,Divinópolis do Tocantins - TO,TO,Tocantins,697,348.5,0,0,0,0,0,0,0,0,0,0,0,0,0,0,0,0,0,0.0,0.0,0.0,0,,348.5,Deserto absoluto,False
1707207,170720,Dois Irmãos do Tocantins - TO,TO,Tocantins,681,340.5,0,0,0,0,0,0,0,0,0,0,0,0,0,0,0,0,0,0.0,0.0,0.0,0,,340.5,Deserto absoluto,False
1707306,170730,Dueré - TO,TO,Tocantins,444,222.0,0,0,0,0,0,0,0,0,0,0,0,0,0,0,0,0,0,0.0,0.0,0.0,0,,222.0,Deserto absoluto,False
1707405,170740,Esperantina - TO,TO,Tocantins,647,323.5,0,0,0,0,0,0,0,0,0,0,0,0,0,0,0,0,0,0.0,0.0,0.0,0,,323.5,Deserto absoluto,False
1707553,170755,Fátima - TO,TO,Tocantins,359,179.5,0,0,0,0,0,0,0,0,0,0,0,0,0,0,0,0,0,0.0,0.0,0.0,0,,179.5,Deserto absoluto,False
1707652,170765,Figueirópolis - TO,TO,Tocantins,597,298.5,0,0,0,0,0,0,0,0,0,0,0,0,0,0,0,0,0,0.0,0.0,0.0,0,,298.5,Deserto absoluto,False
1707702,170770,Filadélfia - TO,TO,Tocantins,771,385.5,0,0,0,0,0,0,0,0,0,0,0,0,0,0,0,0,0,0.0,0.0,0.0,0,,385.5,Deserto absoluto,False
1708205,170820,Formoso do Araguaia - TO,TO,Tocantins,1751,875.5,0,0,0,0,0,0,0,0,0,0,0,0,0,0,0,0,0,0.0,0.0,0.0,0,,875.5,Deserto absoluto,False
1708254,170825,Tabocão - TO,TO,Tocantins,291,145.5,0,0,0,0,0,0,0,0,0,0,0,0,0,0,0,0,0,0.0,0.0,0.0,0,,145.5,Deserto absoluto,False
1708304,170830,Goianorte - TO,TO,Tocantins,477,238.5,0,0,0,0,0,0,0,0,0,0,0,0,0,0,0,0,0,0.0,0.0,0.0,0,,238.5,Deserto absoluto,False
1709005,170900,Goiatins - TO,TO,Tocantins,915,457.5,0,0,0,0,0,0,0,0,0,0,0,0,0,0,0,0,0,0.0,0.0,0.0,0,,457.5,Deserto absoluto,False
1709302,170930,Guaraí - TO,TO,Tocantins,2407,1203.5,0,0,0,0,0,0,0,0,0,0,0,0,0,0,0,0,0,0.0,0.0,0.0,0,,1203.5,Deserto absoluto,False
1709500,170950,Gurupi - TO,TO,Tocantins,8014,4007.0,4,4,335,36,1396,1568,1482,1121,10,0,36,32,53,8,2603,61,2664,1332.0,0.3248,0.3324,20276,0.9343,2675.0,Intermediario,True
1709807,170980,Ipueiras - TO,TO,Tocantins,152,76.0,0,0,0,0,0,0,0,0,0,0,0,0,0,0,0,0,0,0.0,0.0,0.0,0,,76.0,Deserto absoluto,False
1710508,171050,Itacajá - TO,TO,Tocantins,586,293.0,0,0,0,0,0,0,0,0,0,0,0,0,0,0,0,0,0,0.0,0.0,0.0,0,,293.0,Deserto absoluto,False
1710706,171070,Itaguatins - TO,TO,Tocantins,541,270.5,0,0,0,0,0,0,0,0,0,0,0,0,0,0,0,0,0,0.0,0.0,0.0,0,,270.5,Deserto absoluto,False
1710904,171090,Itapiratins - TO,TO,Tocantins,316,158.0,0,0,0,0,0,0,0,0,0,0,0,0,0,0,0,0,0,0.0,0.0,0.0,0,,158.0,Deserto absoluto,False
1711100,171110,Itaporã do Tocantins - TO,TO,Tocantins,221,110.5,0,0,0,0,0,0,0,0,0,0,0,0,0,0,0,0,0,0.0,0.0,0.0,0,,110.5,Deserto absoluto,False
1711506,171150,Jaú do Tocantins - TO,TO,Tocantins,386,193.0,0,0,0,0,0,0,0,0,0,0,0,0,0,0,0,0,0,0.0,0.0,0.0,0,,193.0,Deserto absoluto,False
1711803,171180,Juarina - TO,TO,Tocantins,232,116.0,0,0,0,0,0,0,0,0,0,0,0,0,0,0,0,0,0,0.0,0.0,0.0,0,,116.0,Deserto absoluto,False
1711902,171190,Lagoa da Confusão - TO,TO,Tocantins,1006,503.0,0,0,0,0,0,0,0,0,0,0,0,0,0,0,0,0,0,0.0,0.0,0.0,0,,503.0,Deserto absoluto,False
1711951,171195,Lagoa do Tocantins - TO,TO,Tocantins,281,140.5,0,0,0,0,0,0,0,0,0,0,0,0,0,0,0,0,0,0.0,0.0,0.0,0,,140.5,Deserto absoluto,False
1712009,171200,Lajeado - TO,TO,Tocantins,291,145.5,0,0,0,0,0,0,0,0,0,0,0,0,0,0,0,0,0,0.0,0.0,0.0,0,,145.5,Deserto absoluto,False
1712157,171215,Lavandeira - TO,TO,Tocantins,149,74.5,0,0,0,0,0,0,0,0,0,0,0,0,0,0,0,0,0,0.0,0.0,0.0,0,,74.5,Deserto absoluto,False
1712405,171240,Lizarda - TO,TO,Tocantins,311,155.5,0,0,0,0,0,0,0,0,0,0,0,0,0,0,0,0,0,0.0,0.0,0.0,0,,155.5,Deserto absoluto,False
1712454,171245,Luzinópolis - TO,TO,Tocantins,232,116.0,0,0,0,0,0,0,0,0,0,0,0,0,0,0,0,0,0,0.0,0.0,0.0,0,,116.0,Deserto absoluto,False
1712504,171250,Marianópolis do Tocantins - TO,TO,Tocantins,403,201.5,0,0,0,0,0,0,0,0,0,0,0,0,0,0,0,0,0,0.0,0.0,0.0,0,,201.5,Deserto absoluto,False
1712702,171270,Mateiros - TO,TO,Tocantins,177,88.5,0,0,0,0,0,0,0,0,0,0,0,0,0,0,0,0,0,0.0,0.0,0.0,0,,88.5,Deserto absoluto,False
1712801,171280,Maurilândia do Tocantins - TO,TO,Tocantins,260,130.0,0,0,0,0,0,0,0,0,0,0,0,0,0,0,0,0,0,0.0,0.0,0.0,0,,130.0,Deserto absoluto,False
1713205,171320,Miracema do Tocantins - TO,TO,Tocantins,1844,922.0,0,0,0,0,0,0,0,0,0,0,0,0,0,0,0,0,0,0.0,0.0,0.0,0,,922.0,Deserto absoluto,False
1713304,171330,Miranorte - TO,TO,Tocantins,1250,625.0,0,0,0,0,0,0,0,0,0,0,0,0,0,0,0,0,0,0.0,0.0,0.0,0,,625.0,Deserto absoluto,False
1713601,171360,Monte do Carmo - TO,TO,Tocantins,587,293.5,0,0,0,0,0,0,0,0,0,0,0,0,0,0,0,0,0,0.0,0.0,0.0,0,,293.5,Deserto absoluto,False
1713700,171370,Monte Santo do Tocantins - TO,TO,Tocantins,273,136.5,0,0,0,0,0,0,0,0,0,0,0,0,0,0,0,0,0,0.0,0.0,0.0,0,,136.5,Deserto absoluto,False
1713809,171380,Palmeiras do Tocantins - TO,TO,Tocantins,452,226.0,0,0,0,0,0,0,0,0,0,0,0,0,0,0,0,0,0,0.0,0.0,0.0,0,,226.0,Deserto absoluto,False
1713957,171395,Muricilândia - TO,TO,Tocantins,280,140.0,0,0,0,0,0,0,0,0,0,0,0,0,0,0,0,0,0,0.0,0.0,0.0,0,,140.0,Deserto absoluto,False
1714203,171420,Natividade - TO,TO,Tocantins,821,410.5,0,0,0,0,0,0,0,0,0,0,0,0,0,0,0,0,0,0.0,0.0,0.0,0,,410.5,Deserto absoluto,False
1714302,171430,Nazaré - TO,TO,Tocantins,462,231.0,0,0,0,0,0,0,0,0,0,0,0,0,0,0,0,0,0,0.0,0.0,0.0,0,,231.0,Deserto absoluto,False
1714880,171488,Nova Olinda - TO,TO,Tocantins,931,465.5,0,0,0,0,0,0,0,0,0,0,0,0,0,0,0,0,0,0.0,0.0,0.0,0,,465.5,Deserto absoluto,False
1715002,171500,Nova Rosalândia - TO,TO,Tocantins,359,179.5,0,0,0,0,0,0,0,0,0,0,0,0,0,0,0,0,0,0.0,0.0,0.0,0,,179.5,Deserto absoluto,False
1715101,171510,Novo Acordo - TO,TO,Tocantins,366,183.0,0,0,0,0,0,0,0,0,0,0,0,0,0,0,0,0,0,0.0,0.0,0.0,0,,183.0,Deserto absoluto,False
1715150,171515,Novo Alegre - TO,TO,Tocantins,201,100.5,0,0,0,0,0,0,0,0,0,0,0,0,0,0,0,0,0,0.0,0.0,0.0,0,,100.5,Deserto absoluto,False
1715259,171525,Novo Jardim - TO,TO,Tocantins,183,91.5,0,0,0,0,0,0,0,0,0,0,0,0,0,0,0,0,0,0.0,0.0,0.0,0,,91.5,Deserto absoluto,False
1715507,171550,Oliveira de Fátima - TO,TO,Tocantins,95,47.5,0,0,0,0,0,0,0,0,0,0,0,0,0,0,0,0,0,0.0,0.0,0.0,0,,47.5,Deserto absoluto,False
1715705,171570,Palmeirante - TO,TO,Tocantins,467,233.5,0,0,0,0,0,0,0,0,0,0,0,0,0,0,0,0,0,0.0,0.0,0.0,0,,233.5,Deserto absoluto,False
1715754,171575,Palmeirópolis - TO,TO,Tocantins,722,361.0,0,0,0,0,0,0,0,0,0,0,0,0,0,0,0,0,0,0.0,0.0,0.0,0,,361.0,Deserto absoluto,False
1716109,171610,Paraíso do Tocantins - TO,TO,Tocantins,4674,2337.0,3,3,922,1772,1065,1455,1406,916,65,102,38,17,29,14,2322,43,2365,1182.5,0.4968,0.506,15207,0.9222,1154.5,Intermediario,True
1716208,171620,Paranã - TO,TO,Tocantins,969,484.5,0,0,0,0,0,0,0,0,0,0,0,0,0,0,0,0,0,0.0,0.0,0.0,0,,484.5,Deserto absoluto,False
1716307,171630,Pau D'Arco - TO,TO,Tocantins,377,188.5,0,0,0,0,0,0,0,0,0,0,0,0,0,0,0,0,0,0.0,0.0,0.0,0,,188.5,Deserto absoluto,False
1716505,171650,Pedro Afonso - TO,TO,Tocantins,1018,509.0,0,0,0,0,0,0,0,0,0,0,0,0,0,0,0,0,0,0.0,0.0,0.0,0,,509.0,Deserto absoluto,False
1716604,171660,Peixe - TO,TO,Tocantins,993,496.5,0,0,0,0,0,0,0,0,0,0,0,0,0,0,0,0,0,0.0,0.0,0.0,0,,496.5,Deserto absoluto,False
1716653,171665,Pequizeiro - TO,TO,Tocantins,481,240.5,0,0,0,0,0,0,0,0,0,0,0,0,0,0,0,0,0,0.0,0.0,0.0,0,,240.5,Deserto absoluto,False
1716703,171670,Colméia - TO,TO,Tocantins,931,465.5,0,0,0,0,0,0,0,0,0,0,0,0,0,0,0,0,0,0.0,0.0,0.0,0,,465.5,Deserto absoluto,False
1717008,171700,Pindorama do Tocantins - TO,TO,Tocantins,431,215.5,0,0,0,0,0,0,0,0,0,0,0,0,0,0,0,0,0,0.0,0.0,0.0,0,,215.5,Deserto absoluto,False
1717206,171720,Piraquê - TO,TO,Tocantins,232,116.0,0,0,0,0,0,0,0,0,0,0,0,0,0,0,0,0,0,0.0,0.0,0.0,0,,116.0,Deserto absoluto,False
1717503,171750,Pium - TO,TO,Tocantins,629,314.5,0,0,0,0,0,0,0,0,0,0,0,0,0,0,0,0,0,0.0,0.0,0.0,0,,314.5,Deserto absoluto,False
1717800,171780,Ponte Alta do Bom Jesus - TO,TO,Tocantins,434,217.0,0,0,0,0,0,0,0,0,0,0,0,0,0,0,0,0,0,0.0,0.0,0.0,0,,217.0,Deserto absoluto,False
1717909,171790,Ponte Alta do Tocantins - TO,TO,Tocantins,659,329.5,0,0,0,0,0,0,0,0,0,0,0,0,0,0,0,0,0,0.0,0.0,0.0,0,,329.5,Deserto absoluto,False
1718006,171800,Porto Alegre do Tocantins - TO,TO,Tocantins,232,116.0,0,0,0,0,0,0,0,0,0,0,0,0,0,0,0,0,0,0.0,0.0,0.0,0,,116.0,Deserto absoluto,False
1718204,171820,Porto Nacional - TO,TO,Tocantins,5393,2696.5,2,2,0,0,0,0,0,0,0,0,0,0,0,0,0,0,0,0.0,0.0,0.0,10138,1.0,2696.5,Deserto funcional,True
1718303,171830,Praia Norte - TO,TO,Tocantins,575,287.5,0,0,0,0,0,0,0,0,0,0,0,0,0,0,0,0,0,0.0,0.0,0.0,0,,287.5,Deserto absoluto,False
1718402,171840,Presidente Kennedy - TO,TO,Tocantins,346,173.0,0,0,0,0,0,0,0,0,0,0,0,0,0,0,0,0,0,0.0,0.0,0.0,0,,173.0,Deserto absoluto,False
1718451,171845,Pugmil - TO,TO,Tocantins,211,105.5,0,0,0,0,0,0,0,0,0,0,0,0,0,0,0,0,0,0.0,0.0,0.0,0,,105.5,Deserto absoluto,False
1718501,171850,Recursolândia - TO,TO,Tocantins,211,105.5,0,0,0,0,0,0,0,0,0,0,0,0,0,0,0,0,0,0.0,0.0,0.0,0,,105.5,Deserto absoluto,False
1718550,171855,Riachinho - TO,TO,Tocantins,363,181.5,0,0,0,0,0,0,0,0,0,0,0,0,0,0,0,0,0,0.0,0.0,0.0,0,,181.5,Deserto absoluto,False
1718659,171865,Rio da Conceição - TO,TO,Tocantins,137,68.5,0,0,0,0,0,0,0,0,0,0,0,0,0,0,0,0,0,0.0,0.0,0.0,0,,68.5,Deserto absoluto,False
1718709,171870,Rio dos Bois - TO,TO,Tocantins,277,138.5,0,0,0,0,0,0,0,0,0,0,0,0,0,0,0,0,0,0.0,0.0,0.0,0,,138.5,Deserto absoluto,False
1718758,171875,Rio Sono - TO,TO,Tocantins,501,250.5,0,0,0,0,0,0,0,0,0,0,0,0,0,0,0,0,0,0.0,0.0,0.0,0,,250.5,Deserto absoluto,False
1718808,171880,Sampaio - TO,TO,Tocantins,364,182.0,0,0,0,0,0,0,0,0,0,0,0,0,0,0,0,0,0,0.0,0.0,0.0,0,,182.0,Deserto absoluto,False
1718840,171884,Sandolândia - TO,TO,Tocantins,358,179.0,0,0,0,0,0,0,0,0,0,0,0,0,0,0,0,0,0,0.0,0.0,0.0,0,,179.0,Deserto absoluto,False
1718865,171886,Santa Fé do Araguaia - TO,TO,Tocantins,582,291.0,0,0,0,0,0,0,0,0,0,0,0,0,0,0,0,0,0,0.0,0.0,0.0,0,,291.0,Deserto absoluto,False
1718881,171888,Santa Maria do Tocantins - TO,TO,Tocantins,269,134.5,0,0,0,0,0,0,0,0,0,0,0,0,0,0,0,0,0,0.0,0.0,0.0,0,,134.5,Deserto absoluto,False
1718899,171889,Santa Rita do Tocantins - TO,TO,Tocantins,187,93.5,0,0,0,0,0,0,0,0,0,0,0,0,0,0,0,0,0,0.0,0.0,0.0,0,,93.5,Deserto absoluto,False
1718907,171890,Santa Rosa do Tocantins - TO,TO,Tocantins,391,195.5,0,0,0,0,0,0,0,0,0,0,0,0,0,0,0,0,0,0.0,0.0,0.0,0,,195.5,Deserto absoluto,False
1719004,171900,Santa Tereza do Tocantins - TO,TO,Tocantins,231,115.5,0,0,0,0,0,0,0,0,0,0,0,0,0,0,0,0,0,0.0,0.0,0.0,0,,115.5,Deserto absoluto,False
1720002,172000,Santa Terezinha do Tocantins - TO,TO,Tocantins,215,107.5,0,0,0,0,0,0,0,0,0,0,0,0,0,0,0,0,0,0.0,0.0,0.0,0,,107.5,Deserto absoluto,False
1720101,172010,São Bento do Tocantins - TO,TO,Tocantins,422,211.0,0,0,0,0,0,0,0,0,0,0,0,0,0,0,0,0,0,0.0,0.0,0.0,0,,211.0,Deserto absoluto,False
1720150,172015,São Félix do Tocantins - TO,TO,Tocantins,122,61.0,0,0,0,0,0,0,0,0,0,0,0,0,0,0,0,0,0,0.0,0.0,0.0,0,,61.0,Deserto absoluto,False
1720200,172020,São Miguel do Tocantins - TO,TO,Tocantins,1060,530.0,0,0,0,0,0,0,0,0,0,0,0,0,0,0,0,0,0,0.0,0.0,0.0,0,,530.0,Deserto absoluto,False
1720259,172025,São Salvador do Tocantins - TO,TO,Tocantins,259,129.5,0,0,0,0,0,0,0,0,0,0,0,0,0,0,0,0,0,0.0,0.0,0.0,0,,129.5,Deserto absoluto,False
1720309,172030,São Sebastião do Tocantins - TO,TO,Tocantins,341,170.5,0,0,0,0,0,0,0,0,0,0,0,0,0,0,0,0,0,0.0,0.0,0.0,0,,170.5,Deserto absoluto,False
1720499,172049,São Valério - TO,TO,Tocantins,462,231.0,0,0,0,0,0,0,0,0,0,0,0,0,0,0,0,0,0,0.0,0.0,0.0,0,,231.0,Deserto absoluto,False
1720655,172065,Silvanópolis - TO,TO,Tocantins,480,240.0,0,0,0,0,0,0,0,0,0,0,0,0,0,0,0,0,0,0.0,0.0,0.0,0,,240.0,Deserto absoluto,False
1720804,172080,Sítio Novo do Tocantins - TO,TO,Tocantins,912,456.0,0,0,0,0,0,0,0,0,0,0,0,0,0,0,0,0,0,0.0,0.0,0.0,0,,456.0,Deserto absoluto,False
1720853,172085,Sucupira - TO,TO,Tocantins,150,75.0,0,0,0,0,0,0,0,0,0,0,0,0,0,0,0,0,0,0.0,0.0,0.0,0,,75.0,Deserto absoluto,False
1720903,172090,Taguatinga - TO,TO,Tocantins,1329,664.5,0,0,0,0,0,0,0,0,0,0,0,0,0,0,0,0,0,0.0,0.0,0.0,0,,664.5,Deserto absoluto,False
1720937,172093,Taipas do Tocantins - TO,TO,Tocantins,181,90.5,0,0,0,0,0,0,0,0,0,0,0,0,0,0,0,0,0,0.0,0.0,0.0,0,,90.5,Deserto absoluto,False
1720978,172097,Talismã - TO,TO,Tocantins,265,132.5,0,0,0,0,0,0,0,0,0,0,0,0,0,0,0,0,0,0.0,0.0,0.0,0,,132.5,Deserto absoluto,False
1721000,172100,Palmas - TO,TO,Tocantins,22392,11196.0,20,19,2185,2616,2367,2718,2898,3097,256,192,19,14,21,21,5995,42,6037,3018.5,0.2677,0.2696,96311,0.9687,8177.5,Deserto funcional,True
1721109,172110,Tocantínia - TO,TO,Tocantins,470,235.0,0,0,0,0,0,0,0,0,0,0,0,0,0,0,0,0,0,0.0,0.0,0.0,0,,235.0,Deserto absoluto,False
1721208,172120,Tocantinópolis - TO,TO,Tocantins,1963,981.5,0,0,0,0,0,0,0,0,0,0,0,0,0,0,0,0,0,0.0,0.0,0.0,0,,981.5,Deserto absoluto,False
1721257,172125,Tupirama - TO,TO,Tocantins,181,90.5,0,0,0,0,0,0,0,0,0,0,0,0,0,0,0,0,0,0.0,0.0,0.0,0,,90.5,Deserto absoluto,False
1721307,172130,Tupiratins - TO,TO,Tocantins,223,111.5,0,0,0,0,0,0,0,0,0,0,0,0,0,0,0,0,0,0.0,0.0,0.0,0,,111.5,Deserto absoluto,False
1722081,172208,Wanderlândia - TO,TO,Tocantins,959,479.5,0,0,0,0,0,0,0,0,0,0,0,0,0,0,0,0,0,0.0,0.0,0.0,0,,479.5,Deserto absoluto,False
1722107,172210,Xambioá - TO,TO,Tocantins,1022,511.0,0,0,0,0,0,0,0,0,0,0,0,0,0,0,0,0,0,0.0,0.0,0.0,0,,511.0,Deserto absoluto,False
2100055,210005,Açailândia - MA,MA,Maranhão,8592,4296.0,6,6,484,235,1491,1391,1779,1475,2,5,8,7,10,6,3254,16,3270,1635.0,0.3787,0.3806,30414,0.9462,2661.0,Intermediario,True
2100105,210010,Afonso Cunha - MA,MA,Maranhão,413,206.5,0,0,0,0,0,0,0,0,0,0,0,0,0,0,0,0,0,0.0,0.0,0.0,0,,206.5,Deserto absoluto,False
2100154,210015,Água Doce do Maranhão - MA,MA,Maranhão,979,489.5,0,0,0,0,0,0,0,0,0,0,0,0,0,0,0,0,0,0.0,0.0,0.0,0,,489.5,Deserto absoluto,False
2100204,210020,Alcântara - MA,MA,Maranhão,1834,917.0,0,0,0,0,0,0,0,0,0,0,0,0,0,0,0,0,0,0.0,0.0,0.0,0,,917.0,Deserto absoluto,False
2100303,210030,Aldeias Altas - MA,MA,Maranhão,1734,867.0,0,0,0,0,0,0,0,0,0,0,0,0,0,0,0,0,0,0.0,0.0,0.0,0,,867.0,Deserto absoluto,False
2100402,210040,Altamira do Maranhão - MA,MA,Maranhão,603,301.5,0,0,0,0,0,0,0,0,0,0,0,0,0,0,0,0,0,0.0,0.0,0.0,0,,301.5,Deserto absoluto,False
2100436,210043,Alto Alegre do Maranhão - MA,MA,Maranhão,1918,959.0,0,0,0,0,0,0,0,0,0,0,0,0,0,0,0,0,0,0.0,0.0,0.0,0,,959.0,Deserto absoluto,False
2100477,210047,Alto Alegre do Pindaré - MA,MA,Maranhão,1933,966.5,1,1,0,0,0,1029,799,892,0,0,0,4,2,0,1691,2,1693,846.5,0.8748,0.8758,5069,0.833,120.0,Adequado,True
2100501,210050,Alto Parnaíba - MA,MA,Maranhão,876,438.0,0,0,0,0,0,0,0,0,0,0,0,0,0,0,0,0,0,0.0,0.0,0.0,0,,438.0,Deserto absoluto,False
2100550,210055,Amapá do Maranhão - MA,MA,Maranhão,455,227.5,0,0,0,0,0,0,0,0,0,0,0,0,0,0,0,0,0,0.0,0.0,0.0,0,,227.5,Deserto absoluto,False
2100600,210060,Amarante do Maranhão - MA,MA,Maranhão,2401,1200.5,0,0,0,0,0,0,0,0,0,0,0,0,0,0,0,0,0,0.0,0.0,0.0,0,,1200.5,Deserto absoluto,False
2100709,210070,Anajatuba - MA,MA,Maranhão,2081,1040.5,0,0,0,0,0,0,0,0,0,0,0,0,0,0,0,0,0,0.0,0.0,0.0,0,,1040.5,Deserto absoluto,False
2100808,210080,Anapurus - MA,MA,Maranhão,1030,515.0,0,0,0,0,0,0,0,0,0,0,0,0,0,0,0,0,0,0.0,0.0,0.0,0,,515.0,Deserto absoluto,False
2100832,210083,Apicum-Açu - MA,MA,Maranhão,1280,640.0,0,0,0,0,0,0,0,0,0,0,0,0,0,0,0,0,0,0.0,0.0,0.0,0,,640.0,Deserto absoluto,False
2100873,210087,Araguanã - MA,MA,Maranhão,869,434.5,0,0,0,0,0,0,0,0,0,0,0,0,0,0,0,0,0,0.0,0.0,0.0,0,,434.5,Deserto absoluto,False
2100907,210090,Araioses - MA,MA,Maranhão,3197,1598.5,1,1,0,0,0,0,0,0,0,0,0,0,0,0,0,0,0,0.0,0.0,0.0,5069,1.0,1598.5,Deserto funcional,True
2100956,210095,Arame - MA,MA,Maranhão,1638,819.0,0,0,0,0,0,0,0,0,0,0,0,0,0,0,0,0,0,0.0,0.0,0.0,0,,819.0,Deserto absoluto,False
2101004,210100,Arari - MA,MA,Maranhão,2603,1301.5,0,0,0,0,0,0,0,0,0,0,0,0,0,0,0,0,0,0.0,0.0,0.0,0,,1301.5,Deserto absoluto,False
2101103,210110,Axixá - MA,MA,Maranhão,921,460.5,0,0,0,0,0,0,0,0,0,0,0,0,0,0,0,0,0,0.0,0.0,0.0,0,,460.5,Deserto absoluto,False
2101202,210120,Bacabal - MA,MA,Maranhão,9446,4723.0,4,4,338,47,305,880,828,1519,6,0,18,10,8,11,2347,19,2366,1183.0,0.2485,0.2505,20276,0.9417,3540.0,Deserto funcional,True
2101251,210125,Bacabeira - MA,MA,Maranhão,1236,618.0,0,0,0,0,0,0,0,0,0,0,0,0,0,0,0,0,0,0.0,0.0,0.0,0,,618.0,Deserto absoluto,False
2101301,210130,Bacuri - MA,MA,Maranhão,1404,702.0,0,0,0,0,0,0,0,0,0,0,0,0,0,0,0,0,0,0.0,0.0,0.0,0,,702.0,Deserto absoluto,False
2101350,210135,Bacurituba - MA,MA,Maranhão,456,228.0,0,0,0,0,0,0,0,0,0,0,0,0,0,0,0,0,0,0.0,0.0,0.0,0,,228.0,Deserto absoluto,False
2101400,210140,Balsas - MA,MA,Maranhão,6611,3305.5,8,8,1374,1316,1582,2289,1668,1602,7,19,0,1,10,0,3270,10,3280,1640.0,0.4946,0.4961,40552,0.9596,1665.5,Intermediario,True
2101509,210150,Barão de Grajaú - MA,MA,Maranhão,1683,841.5,0,0,0,0,0,0,0,0,0,0,0,0,0,0,0,0,0,0.0,0.0,0.0,0,,841.5,Deserto absoluto,False
2101608,210160,Barra do Corda - MA,MA,Maranhão,6945,3472.5,3,3,0,0,344,703,913,1076,0,0,0,8,10,8,1989,18,2007,1003.5,0.2864,0.289,15207,0.934,2469.0,Deserto funcional,True
2101707,210170,Barreirinhas - MA,MA,Maranhão,4052,2026.0,0,0,0,0,0,0,0,0,0,0,0,0,0,0,0,0,0,0.0,0.0,0.0,0,,2026.0,Deserto absoluto,False
2101731,210173,Belágua - MA,MA,Maranhão,416,208.0,0,0,0,0,0,0,0,0,0,0,0,0,0,0,0,0,0,0.0,0.0,0.0,0,,208.0,Deserto absoluto,False
2101772,210177,Bela Vista do Maranhão - MA,MA,Maranhão,875,437.5,0,0,0,0,0,0,0,0,0,0,0,0,0,0,0,0,0,0.0,0.0,0.0,0,,437.5,Deserto absoluto,False
2101806,210180,Benedito Leite - MA,MA,Maranhão,565,282.5,0,0,0,0,0,0,0,0,0,0,0,0,0,0,0,0,0,0.0,0.0,0.0,0,,282.5,Deserto absoluto,False
2101905,210190,Bequimão - MA,MA,Maranhão,1905,952.5,0,0,0,0,0,0,0,0,0,0,0,0,0,0,0,0,0,0.0,0.0,0.0,0,,952.5,Deserto absoluto,False
2101939,210193,Bernardo do Mearim - MA,MA,Maranhão,538,269.0,0,0,0,0,0,0,0,0,0,0,0,0,0,0,0,0,0,0.0,0.0,0.0,0,,269.0,Deserto absoluto,False
2101970,210197,Boa Vista do Gurupi - MA,MA,Maranhão,525,262.5,0,0,0,0,0,0,0,0,0,0,0,0,0,0,0,0,0,0.0,0.0,0.0,0,,262.5,Deserto absoluto,False
2102002,210200,Bom Jardim - MA,MA,Maranhão,2519,1259.5,0,0,0,0,0,0,0,0,0,0,0,0,0,0,0,0,0,0.0,0.0,0.0,0,,1259.5,Deserto absoluto,False
2102036,210203,Bom Jesus das Selvas - MA,MA,Maranhão,1814,907.0,0,0,0,0,0,0,0,0,0,0,0,0,0,0,0,0,0,0.0,0.0,0.0,0,,907.0,Deserto absoluto,False
2102077,210207,Bom Lugar - MA,MA,Maranhão,1040,520.0,0,0,0,0,0,0,0,0,0,0,0,0,0,0,0,0,0,0.0,0.0,0.0,0,,520.0,Deserto absoluto,False
2102101,210210,Brejo - MA,MA,Maranhão,2635,1317.5,0,0,0,0,0,0,0,0,0,0,0,0,0,0,0,0,0,0.0,0.0,0.0,0,,1317.5,Deserto absoluto,False
2102150,210215,Brejo de Areia - MA,MA,Maranhão,659,329.5,0,0,0,0,0,0,0,0,0,0,0,0,0,0,0,0,0,0.0,0.0,0.0,0,,329.5,Deserto absoluto,False
2102200,210220,Buriti - MA,MA,Maranhão,2038,1019.0,0,0,0,0,0,0,0,0,0,0,0,0,0,0,0,0,0,0.0,0.0,0.0,0,,1019.0,Deserto absoluto,False
2102309,210230,Buriti Bravo - MA,MA,Maranhão,1961,980.5,0,0,0,0,0,0,0,0,0,0,0,0,0,0,0,0,0,0.0,0.0,0.0,0,,980.5,Deserto absoluto,False
2102325,210232,Buriticupu - MA,MA,Maranhão,3936,1968.0,2,2,0,0,0,0,0,0,0,0,0,0,0,0,0,0,0,0.0,0.0,0.0,10138,1.0,1968.0,Deserto funcional,True
2102358,210235,Buritirana - MA,MA,Maranhão,1101,550.5,0,0,0,0,0,0,0,0,0,0,0,0,0,0,0,0,0,0.0,0.0,0.0,0,,550.5,Deserto absoluto,False
2102374,210237,Cachoeira Grande - MA,MA,Maranhão,621,310.5,0,0,0,0,0,0,0,0,0,0,0,0,0,0,0,0,0,0.0,0.0,0.0,0,,310.5,Deserto absoluto,False
2102408,210240,Cajapió - MA,MA,Maranhão,793,396.5,0,0,0,0,0,0,0,0,0,0,0,0,0,0,0,0,0,0.0,0.0,0.0,0,,396.5,Deserto absoluto,False
2102507,210250,Cajari - MA,MA,Maranhão,1298,649.0,0,0,0,0,0,0,0,0,0,0,0,0,0,0,0,0,0,0.0,0.0,0.0,0,,649.0,Deserto absoluto,False
2102556,210255,Campestre do Maranhão - MA,MA,Maranhão,959,479.5,0,0,0,0,0,0,0,0,0,0,0,0,0,0,0,0,0,0.0,0.0,0.0,0,,479.5,Deserto absoluto,False
2102606,210260,Cândido Mendes - MA,MA,Maranhão,1421,710.5,0,0,0,0,0,0,0,0,0,0,0,0,0,0,0,0,0,0.0,0.0,0.0,0,,710.5,Deserto absoluto,False
2102705,210270,Cantanhede - MA,MA,Maranhão,1849,924.5,0,0,0,0,0,0,0,0,0,0,0,0,0,0,0,0,0,0.0,0.0,0.0,0,,924.5,Deserto absoluto,False
2102754,210275,Capinzal do Norte - MA,MA,Maranhão,980,490.0,0,0,0,0,0,0,0,0,0,0,0,0,0,0,0,0,0,0.0,0.0,0.0,0,,490.0,Deserto absoluto,False
2102804,210280,Carolina - MA,MA,Maranhão,2217,1108.5,0,0,0,0,0,0,0,0,0,0,0,0,0,0,0,0,0,0.0,0.0,0.0,0,,1108.5,Deserto absoluto,False
2102903,210290,Carutapera - MA,MA,Maranhão,1681,840.5,1,0,0,0,0,0,0,0,0,0,0,0,0,0,0,0,0,0.0,0.0,0.0,0,,840.5,Deserto funcional,False
2103000,210300,Caxias - MA,MA,Maranhão,14889,7444.5,6,6,3043,4405,4882,2972,3321,3197,34,46,65,27,24,10,6518,34,6552,3276.0,0.4378,0.4401,30414,0.8923,4168.5,Intermediario,True
2103109,210310,Cedral - MA,MA,Maranhão,920,460.0,0,0,0,0,0,0,0,0,0,0,0,0,0,0,0,0,0,0.0,0.0,0.0,0,,460.0,Deserto absoluto,False
2103125,210312,Central do Maranhão - MA,MA,Maranhão,550,275.0,0,0,0,0,0,0,0,0,0,0,0,0,0,0,0,0,0,0.0,0.0,0.0,0,,275.0,Deserto absoluto,False
2103158,210315,Centro do Guilherme - MA,MA,Maranhão,682,341.0,0,0,0,0,0,0,0,0,0,0,0,0,0,0,0,0,0,0.0,0.0,0.0,0,,341.0,Deserto absoluto,False
2103174,210317,Centro Novo do Maranhão - MA,MA,Maranhão,951,475.5,0,0,0,0,0,0,0,0,0,0,0,0,0,0,0,0,0,0.0,0.0,0.0,0,,475.5,Deserto absoluto,False
2103208,210320,Chapadinha - MA,MA,Maranhão,6316,3158.0,2,2,925,1280,2340,647,0,0,10,13,15,1,0,0,0,0,0,0.0,0.0,0.0,10138,1.0,3158.0,Deserto funcional,True
2103257,210325,Cidelândia - MA,MA,Maranhão,1102,551.0,0,0,0,0,0,0,0,0,0,0,0,0,0,0,0,0,0,0.0,0.0,0.0,0,,551.0,Deserto absoluto,False
2103307,210330,Codó - MA,MA,Maranhão,10513,5256.5,3,3,0,0,0,0,0,1261,0,0,0,0,0,3,1261,3,1264,632.0,0.1199,0.1202,15207,0.9584,4624.5,Deserto funcional,True
2103406,210340,Coelho Neto - MA,MA,Maranhão,3847,1923.5,2,2,35,79,138,33,752,681,0,2,2,0,6,0,1433,6,1439,719.5,0.3725,0.3741,10138,0.929,1204.0,Intermediario,True
2103505,210350,Colinas - MA,MA,Maranhão,3381,1690.5,1,1,0,0,0,0,0,0,0,0,0,0,0,0,0,0,0,0.0,0.0,0.0,5069,1.0,1690.5,Deserto funcional,True
2103554,210355,Conceição do Lago-Açu - MA,MA,Maranhão,990,495.0,0,0,0,0,0,0,0,0,0,0,0,0,0,0,0,0,0,0.0,0.0,0.0,0,,495.0,Deserto absoluto,False
2103604,210360,Coroatá - MA,MA,Maranhão,5438,2719.0,3,2,0,0,852,366,455,1318,0,0,0,0,2,4,1773,6,1779,889.5,0.326,0.3271,10138,0.9123,1829.5,Intermediario,True
2103703,210370,Cururupu - MA,MA,Maranhão,3080,1540.0,1,1,0,161,739,70,0,0,0,0,0,0,0,0,0,0,0,0.0,0.0,0.0,5069,1.0,1540.0,Deserto funcional,True
2103752,210375,Davinópolis - MA,MA,Maranhão,1124,562.0,0,0,0,0,0,0,0,0,0,0,0,0,0,0,0,0,0,0.0,0.0,0.0,0,,562.0,Deserto absoluto,False
2103802,210380,Dom Pedro - MA,MA,Maranhão,2127,1063.5,0,0,0,0,0,0,0,0,0,0,0,0,0,0,0,0,0,0.0,0.0,0.0,0,,1063.5,Deserto absoluto,False
2103901,210390,Duque Bacelar - MA,MA,Maranhão,779,389.5,1,1,0,0,0,0,238,263,0,0,0,0,1,2,501,3,504,252.0,0.6431,0.647,5069,0.9503,137.5,Intermediario,True
2104008,210400,Esperantinópolis - MA,MA,Maranhão,1681,840.5,0,0,0,0,0,0,0,0,0,0,0,0,0,0,0,0,0,0.0,0.0,0.0,0,,840.5,Deserto absoluto,False
2104057,210405,Estreito - MA,MA,Maranhão,2496,1248.0,1,0,0,0,0,0,0,0,0,0,0,0,0,0,0,0,0,0.0,0.0,0.0,0,,1248.0,Deserto funcional,False
2104073,210407,Feira Nova do Maranhão - MA,MA,Maranhão,633,316.5,0,0,0,0,0,0,0,0,0,0,0,0,0,0,0,0,0,0.0,0.0,0.0,0,,316.5,Deserto absoluto,False
2104081,210408,Fernando Falcão - MA,MA,Maranhão,600,300.0,0,0,0,0,0,0,0,0,0,0,0,0,0,0,0,0,0,0.0,0.0,0.0,0,,300.0,Deserto absoluto,False
2104099,210409,Formosa da Serra Negra - MA,MA,Maranhão,1201,600.5,0,0,0,0,0,0,0,0,0,0,0,0,0,0,0,0,0,0.0,0.0,0.0,0,,600.5,Deserto absoluto,False
2104107,210410,Fortaleza dos Nogueiras - MA,MA,Maranhão,954,477.0,0,0,0,0,0,0,0,0,0,0,0,0,0,0,0,0,0,0.0,0.0,0.0,0,,477.0,Deserto absoluto,False
2104206,210420,Fortuna - MA,MA,Maranhão,1502,751.0,0,0,0,0,0,0,0,0,0,0,0,0,0,0,0,0,0,0.0,0.0,0.0,0,,751.0,Deserto absoluto,False
2104305,210430,Godofredo Viana - MA,MA,Maranhão,641,320.5,0,0,0,0,0,0,0,0,0,0,0,0,0,0,0,0,0,0.0,0.0,0.0,0,,320.5,Deserto absoluto,False
2104404,210440,Gonçalves Dias - MA,MA,Maranhão,1588,794.0,0,0,0,0,0,0,0,0,0,0,0,0,0,0,0,0,0,0.0,0.0,0.0,0,,794.0,Deserto absoluto,False
2104503,210450,Governador Archer - MA,MA,Maranhão,887,443.5,0,0,0,0,0,0,0,0,0,0,0,0,0,0,0,0,0,0.0,0.0,0.0,0,,443.5,Deserto absoluto,False
2104552,210455,Governador Edison Lobão - MA,MA,Maranhão,1429,714.5,0,0,0,0,0,0,0,0,0,0,0,0,0,0,0,0,0,0.0,0.0,0.0,0,,714.5,Deserto absoluto,False
2104602,210460,Governador Eugênio Barros - MA,MA,Maranhão,1254,627.0,0,0,0,0,0,0,0,0,0,0,0,0,0,0,0,0,0,0.0,0.0,0.0,0,,627.0,Deserto absoluto,False
2104628,210462,Governador Luiz Rocha - MA,MA,Maranhão,631,315.5,0,0,0,0,0,0,0,0,0,0,0,0,0,0,0,0,0,0.0,0.0,0.0,0,,315.5,Deserto absoluto,False
2104651,210465,Governador Newton Bello - MA,MA,Maranhão,677,338.5,0,0,0,0,0,0,0,0,0,0,0,0,0,0,0,0,0,0.0,0.0,0.0,0,,338.5,Deserto absoluto,False
2104677,210467,Governador Nunes Freire - MA,MA,Maranhão,1703,851.5,0,0,0,0,0,0,0,0,0,0,0,0,0,0,0,0,0,0.0,0.0,0.0,0,,851.5,Deserto absoluto,False
2104701,210470,Graça Aranha - MA,MA,Maranhão,566,283.0,0,0,0,0,0,0,0,0,0,0,0,0,0,0,0,0,0,0.0,0.0,0.0,0,,283.0,Deserto absoluto,False
2104800,210480,Grajaú - MA,MA,Maranhão,4915,2457.5,0,0,0,0,0,0,0,0,0,0,0,0,0,0,0,0,0,0.0,0.0,0.0,0,,2457.5,Deserto absoluto,False
2104909,210490,Guimarães - MA,MA,Maranhão,1098,549.0,0,0,0,0,0,0,0,0,0,0,0,0,0,0,0,0,0,0.0,0.0,0.0,0,,549.0,Deserto absoluto,False
2105005,210500,Humberto de Campos - MA,MA,Maranhão,1649,824.5,0,0,0,0,0,0,0,0,0,0,0,0,0,0,0,0,0,0.0,0.0,0.0,0,,824.5,Deserto absoluto,False
2105104,210510,Icatu - MA,MA,Maranhão,1754,877.0,0,0,0,0,0,0,0,0,0,0,0,0,0,0,0,0,0,0.0,0.0,0.0,0,,877.0,Deserto absoluto,False
2105153,210515,Igarapé do Meio - MA,MA,Maranhão,1029,514.5,0,0,0,0,0,0,0,0,0,0,0,0,0,0,0,0,0,0.0,0.0,0.0,0,,514.5,Deserto absoluto,False
2105203,210520,Igarapé Grande - MA,MA,Maranhão,962,481.0,1,1,0,101,81,190,207,96,0,0,0,1,0,1,303,1,304,152.0,0.315,0.316,5069,0.97,329.0,Intermediario,True
2105302,210530,Imperatriz - MA,MA,Maranhão,24186,12093.0,18,18,1411,2795,2082,1538,1072,81,284,320,392,220,333,245,1153,578,1731,865.5,0.0477,0.0716,91242,0.9905,11227.5,Deserto funcional,True
2105351,210535,Itaipava do Grajaú - MA,MA,Maranhão,917,458.5,0,0,0,0,0,0,0,0,0,0,0,0,0,0,0,0,0,0.0,0.0,0.0,0,,458.5,Deserto absoluto,False
2105401,210540,Itapecuru Mirim - MA,MA,Maranhão,4723,2361.5,2,2,583,0,0,0,0,0,0,0,0,0,0,0,0,0,0,0.0,0.0,0.0,10138,1.0,2361.5,Deserto funcional,True
2105427,210542,Itinga do Maranhão - MA,MA,Maranhão,1919,959.5,0,0,0,0,0,0,0,0,0,0,0,0,0,0,0,0,0,0.0,0.0,0.0,0,,959.5,Deserto absoluto,False
2105450,210545,Jatobá - MA,MA,Maranhão,591,295.5,0,0,0,0,0,0,0,0,0,0,0,0,0,0,0,0,0,0.0,0.0,0.0,0,,295.5,Deserto absoluto,False
2105476,210547,Jenipapo dos Vieiras - MA,MA,Maranhão,840,420.0,0,0,0,0,0,0,0,0,0,0,0,0,0,0,0,0,0,0.0,0.0,0.0,0,,420.0,Deserto absoluto,False
2105500,210550,João Lisboa - MA,MA,Maranhão,2017,1008.5,0,0,0,0,0,0,0,0,0,0,0,0,0,0,0,0,0,0.0,0.0,0.0,0,,1008.5,Deserto absoluto,False
2105609,210560,Joselândia - MA,MA,Maranhão,1209,604.5,0,0,0,0,0,0,0,0,0,0,0,0,0,0,0,0,0,0.0,0.0,0.0,0,,604.5,Deserto absoluto,False
2105658,210565,Junco do Maranhão - MA,MA,Maranhão,379,189.5,0,0,0,0,0,0,0,0,0,0,0,0,0,0,0,0,0,0.0,0.0,0.0,0,,189.5,Deserto absoluto,False
2105708,210570,Lago da Pedra - MA,MA,Maranhão,3818,1909.0,2,2,0,0,224,788,218,652,0,0,0,498,232,43,870,275,1145,572.5,0.2279,0.2999,10138,0.9435,1336.5,Deserto funcional,True
2105807,210580,Lago do Junco - MA,MA,Maranhão,883,441.5,0,0,0,0,0,0,0,0,0,0,0,0,0,0,0,0,0,0.0,0.0,0.0,0,,441.5,Deserto absoluto,False
2105906,210590,Lago Verde - MA,MA,Maranhão,1145,572.5,0,0,0,0,0,0,0,0,0,0,0,0,0,0,0,0,0,0.0,0.0,0.0,0,,572.5,Deserto absoluto,False
2105922,210592,Lagoa do Mato - MA,MA,Maranhão,874,437.0,0,0,0,0,0,0,0,0,0,0,0,0,0,0,0,0,0,0.0,0.0,0.0,0,,437.0,Deserto absoluto,False
2105948,210594,Lago dos Rodrigues - MA,MA,Maranhão,865,432.5,0,0,0,0,0,0,0,0,0,0,0,0,0,0,0,0,0,0.0,0.0,0.0,0,,432.5,Deserto absoluto,False
2105963,210596,Lagoa Grande do Maranhão - MA,MA,Maranhão,808,404.0,0,0,0,0,0,0,0,0,0,0,0,0,0,0,0,0,0,0.0,0.0,0.0,0,,404.0,Deserto absoluto,False
2105989,210598,Lajeado Novo - MA,MA,Maranhão,580,290.0,0,0,0,0,0,0,0,0,0,0,0,0,0,0,0,0,0,0.0,0.0,0.0,0,,290.0,Deserto absoluto,False
2106003,210600,Lima Campos - MA,MA,Maranhão,1136,568.0,1,1,0,251,203,0,0,0,0,0,1,0,0,0,0,0,0,0.0,0.0,0.0,5069,1.0,568.0,Deserto funcional,True
2106102,210610,Loreto - MA,MA,Maranhão,966,483.0,0,0,0,0,0,0,0,0,0,0,0,0,0,0,0,0,0,0.0,0.0,0.0,0,,483.0,Deserto absoluto,False
2106201,210620,Luís Domingues - MA,MA,Maranhão,492,246.0,0,0,0,0,0,0,0,0,0,0,0,0,0,0,0,0,0,0.0,0.0,0.0,0,,246.0,Deserto absoluto,False
2106300,210630,Magalhães de Almeida - MA,MA,Maranhão,1175,587.5,0,0,0,0,0,0,0,0,0,0,0,0,0,0,0,0,0,0.0,0.0,0.0,0,,587.5,Deserto absoluto,False
2106326,210632,Maracaçumé - MA,MA,Maranhão,1406,703.0,0,0,0,0,0,0,0,0,0,0,0,0,0,0,0,0,0,0.0,0.0,0.0,0,,703.0,Deserto absoluto,False
2106359,210635,Marajá do Sena - MA,MA,Maranhão,391,195.5,0,0,0,0,0,0,0,0,0,0,0,0,0,0,0,0,0,0.0,0.0,0.0,0,,195.5,Deserto absoluto,False
2106375,210637,Maranhãozinho - MA,MA,Maranhão,869,434.5,1,1,0,0,0,0,0,0,0,0,0,0,0,0,0,0,0,0.0,0.0,0.0,5069,1.0,434.5,Deserto funcional,True
2106409,210640,Mata Roma - MA,MA,Maranhão,1222,611.0,0,0,0,0,0,0,0,0,0,0,0,0,0,0,0,0,0,0.0,0.0,0.0,0,,611.0,Deserto absoluto,False
2106508,210650,Matinha - MA,MA,Maranhão,1924,962.0,1,1,0,0,0,0,0,0,0,0,0,0,0,0,0,0,0,0.0,0.0,0.0,5069,1.0,962.0,Deserto funcional,True
2106607,210660,Matões - MA,MA,Maranhão,2634,1317.0,0,0,0,0,0,0,0,0,0,0,0,0,0,0,0,0,0,0.0,0.0,0.0,0,,1317.0,Deserto absoluto,False
2106631,210663,Matões do Norte - MA,MA,Maranhão,1138,569.0,0,0,0,0,0,0,0,0,0,0,0,0,0,0,0,0,0,0.0,0.0,0.0,0,,569.0,Deserto absoluto,False
2106672,210667,Milagres do Maranhão - MA,MA,Maranhão,636,318.0,0,0,0,0,0,0,0,0,0,0,0,0,0,0,0,0,0,0.0,0.0,0.0,0,,318.0,Deserto absoluto,False
2106706,210670,Mirador - MA,MA,Maranhão,1721,860.5,0,0,0,0,0,0,0,0,0,0,0,0,0,0,0,0,0,0.0,0.0,0.0,0,,860.5,Deserto absoluto,False
2106755,210675,Miranda do Norte - MA,MA,Maranhão,1842,921.0,0,0,0,0,0,0,0,0,0,0,0,0,0,0,0,0,0,0.0,0.0,0.0,0,,921.0,Deserto absoluto,False
2106805,210680,Mirinzal - MA,MA,Maranhão,1159,579.5,0,0,0,0,0,0,0,0,0,0,0,0,0,0,0,0,0,0.0,0.0,0.0,0,,579.5,Deserto absoluto,False
2106904,210690,Monção - MA,MA,Maranhão,2115,1057.5,0,0,0,0,0,0,0,0,0,0,0,0,0,0,0,0,0,0.0,0.0,0.0,0,,1057.5,Deserto absoluto,False
2107001,210700,Montes Altos - MA,MA,Maranhão,781,390.5,0,0,0,0,0,0,0,0,0,0,0,0,0,0,0,0,0,0.0,0.0,0.0,0,,390.5,Deserto absoluto,False
2107100,210710,Morros - MA,MA,Maranhão,1218,609.0,0,0,0,0,0,0,0,0,0,0,0,0,0,0,0,0,0,0.0,0.0,0.0,0,,609.0,Deserto absoluto,False
2107209,210720,Nina Rodrigues - MA,MA,Maranhão,920,460.0,0,0,0,0,0,0,0,0,0,0,0,0,0,0,0,0,0,0.0,0.0,0.0,0,,460.0,Deserto absoluto,False
2107258,210725,Nova Colinas - MA,MA,Maranhão,377,188.5,0,0,0,0,0,0,0,0,0,0,0,0,0,0,0,0,0,0.0,0.0,0.0,0,,188.5,Deserto absoluto,False
2107308,210730,Nova Iorque - MA,MA,Maranhão,429,214.5,0,0,0,0,0,0,0,0,0,0,0,0,0,0,0,0,0,0.0,0.0,0.0,0,,214.5,Deserto absoluto,False
2107357,210735,Nova Olinda do Maranhão - MA,MA,Maranhão,1152,576.0,1,1,0,0,0,0,0,0,0,0,0,0,0,0,0,0,0,0.0,0.0,0.0,5069,1.0,576.0,Deserto funcional,True
2107407,210740,Olho d'Água das Cunhãs - MA,MA,Maranhão,1716,858.0,0,0,0,0,0,0,0,0,0,0,0,0,0,0,0,0,0,0.0,0.0,0.0,0,,858.0,Deserto absoluto,False
2107456,210745,Olinda Nova do Maranhão - MA,MA,Maranhão,1097,548.5,0,0,0,0,0,0,0,0,0,0,0,0,0,0,0,0,0,0.0,0.0,0.0,0,,548.5,Deserto absoluto,False
2107506,210750,Paço do Lumiar - MA,MA,Maranhão,12405,6202.5,5,5,0,0,0,0,0,0,0,0,0,0,0,0,0,0,0,0.0,0.0,0.0,25345,1.0,6202.5,Deserto funcional,True
2107605,210760,Palmeirândia - MA,MA,Maranhão,1710,855.0,0,0,0,0,0,0,0,0,0,0,0,0,0,0,0,0,0,0.0,0.0,0.0,0,,855.0,Deserto absoluto,False
2107704,210770,Paraibano - MA,MA,Maranhão,1784,892.0,0,0,0,0,0,0,0,0,0,0,0,0,0,0,0,0,0,0.0,0.0,0.0,0,,892.0,Deserto absoluto,False
2107803,210780,Parnarama - MA,MA,Maranhão,2705,1352.5,0,0,0,0,0,0,0,0,0,0,0,0,0,0,0,0,0,0.0,0.0,0.0,0,,1352.5,Deserto absoluto,False
2107902,210790,Passagem Franca - MA,MA,Maranhão,1549,774.5,0,0,0,0,0,0,0,0,0,0,0,0,0,0,0,0,0,0.0,0.0,0.0,0,,774.5,Deserto absoluto,False
2108009,210800,Pastos Bons - MA,MA,Maranhão,1611,805.5,1,1,0,0,0,0,0,0,0,0,0,0,0,0,0,0,0,0.0,0.0,0.0,5069,1.0,805.5,Deserto funcional,True
2108058,210805,Paulino Neves - MA,MA,Maranhão,1116,558.0,0,0,0,0,0,0,0,0,0,0,0,0,0,0,0,0,0,0.0,0.0,0.0,0,,558.0,Deserto absoluto,False
2108108,210810,Paulo Ramos - MA,MA,Maranhão,1701,850.5,1,1,0,0,0,68,0,0,0,0,0,0,0,0,0,0,0,0.0,0.0,0.0,5069,1.0,850.5,Deserto funcional,True
2108207,210820,Pedreiras - MA,MA,Maranhão,3838,1919.0,5,5,0,0,0,0,0,0,0,0,0,0,0,0,0,0,0,0.0,0.0,0.0,25345,1.0,1919.0,Deserto funcional,True
2108256,210825,Pedro do Rosário - MA,MA,Maranhão,1731,865.5,0,0,0,0,0,0,0,0,0,0,0,0,0,0,0,0,0,0.0,0.0,0.0,0,,865.5,Deserto absoluto,False
2108306,210830,Penalva - MA,MA,Maranhão,2498,1249.0,0,0,0,0,0,0,0,0,0,0,0,0,0,0,0,0,0,0.0,0.0,0.0,0,,1249.0,Deserto absoluto,False
2108405,210840,Peri Mirim - MA,MA,Maranhão,1070,535.0,0,0,0,0,0,0,0,0,0,0,0,0,0,0,0,0,0,0.0,0.0,0.0,0,,535.0,Deserto absoluto,False
2108454,210845,Peritoró - MA,MA,Maranhão,1793,896.5,0,0,0,0,0,0,0,0,0,0,0,0,0,0,0,0,0,0.0,0.0,0.0,0,,896.5,Deserto absoluto,False
2108504,210850,Pindaré-Mirim - MA,MA,Maranhão,2540,1270.0,0,0,0,0,0,0,0,0,0,0,0,0,0,0,0,0,0,0.0,0.0,0.0,0,,1270.0,Deserto absoluto,False
2108603,210860,Pinheiro - MA,MA,Maranhão,7478,3739.0,4,4,1112,1267,1614,935,1635,1952,36,18,26,14,25,12,3587,37,3624,1812.0,0.4797,0.4846,20276,0.9106,1927.0,Intermediario,True
2108702,210870,Pio XII - MA,MA,Maranhão,1826,913.0,0,0,0,0,0,0,0,0,0,0,0,0,0,0,0,0,0,0.0,0.0,0.0,0,,913.0,Deserto absoluto,False
2108801,210880,Pirapemas - MA,MA,Maranhão,1323,661.5,0,0,0,0,0,0,0,0,0,0,0,0,0,0,0,0,0,0.0,0.0,0.0,0,,661.5,Deserto absoluto,False
2108900,210890,Poção de Pedras - MA,MA,Maranhão,1728,864.0,0,0,0,0,0,0,0,0,0,0,0,0,0,0,0,0,0,0.0,0.0,0.0,0,,864.0,Deserto absoluto,False
2109007,210900,Porto Franco - MA,MA,Maranhão,1962,981.0,1,1,622,175,673,642,468,135,1,0,3,8,4,1,603,5,608,304.0,0.3073,0.3099,5069,0.94,677.0,Intermediario,True
2109056,210905,Porto Rico do Maranhão - MA,MA,Maranhão,611,305.5,0,0,0,0,0,0,0,0,0,0,0,0,0,0,0,0,0,0.0,0.0,0.0,0,,305.5,Deserto absoluto,False
2109106,210910,Presidente Dutra - MA,MA,Maranhão,4047,2023.5,7,7,0,0,0,0,0,0,0,0,0,0,0,0,0,0,0,0.0,0.0,0.0,35483,1.0,2023.5,Deserto funcional,True
2109205,210920,Presidente Juscelino - MA,MA,Maranhão,775,387.5,0,0,0,0,0,0,0,0,0,0,0,0,0,0,0,0,0,0.0,0.0,0.0,0,,387.5,Deserto absoluto,False
2109239,210923,Presidente Médici - MA,MA,Maranhão,387,193.5,0,0,0,0,0,0,0,0,0,0,0,0,0,0,0,0,0,0.0,0.0,0.0,0,,193.5,Deserto absoluto,False
2109270,210927,Presidente Sarney - MA,MA,Maranhão,1270,635.0,0,0,0,0,0,0,0,0,0,0,0,0,0,0,0,0,0,0.0,0.0,0.0,0,,635.0,Deserto absoluto,False
2109304,210930,Presidente Vargas - MA,MA,Maranhão,650,325.0,0,0,0,0,0,0,0,0,0,0,0,0,0,0,0,0,0,0.0,0.0,0.0,0,,325.0,Deserto absoluto,False
2109403,210940,Primeira Cruz - MA,MA,Maranhão,893,446.5,0,0,0,0,0,0,0,0,0,0,0,0,0,0,0,0,0,0.0,0.0,0.0,0,,446.5,Deserto absoluto,False
2109452,210945,Raposa - MA,MA,Maranhão,2214,1107.0,0,0,0,0,0,0,0,0,0,0,0,0,0,0,0,0,0,0.0,0.0,0.0,0,,1107.0,Deserto absoluto,False
2109502,210950,Riachão - MA,MA,Maranhão,1866,933.0,0,0,0,0,0,0,0,0,0,0,0,0,0,0,0,0,0,0.0,0.0,0.0,0,,933.0,Deserto absoluto,False
2109551,210955,Ribamar Fiquene - MA,MA,Maranhão,640,320.0,0,0,0,0,0,0,0,0,0,0,0,0,0,0,0,0,0,0.0,0.0,0.0,0,,320.0,Deserto absoluto,False
2109601,210960,Rosário - MA,MA,Maranhão,3234,1617.0,2,2,374,581,1189,1159,1089,1081,0,4,4,4,0,0,2170,0,2170,1085.0,0.671,0.671,10138,0.893,532.0,Intermediario,True
2109700,210970,Sambaíba - MA,MA,Maranhão,510,255.0,0,0,0,0,0,0,0,0,0,0,0,0,0,0,0,0,0,0.0,0.0,0.0,0,,255.0,Deserto absoluto,False
2109759,210975,Santa Filomena do Maranhão - MA,MA,Maranhão,507,253.5,0,0,0,0,0,0,0,0,0,0,0,0,0,0,0,0,0,0.0,0.0,0.0,0,,253.5,Deserto absoluto,False
2109809,210980,Santa Helena - MA,MA,Maranhão,3084,1542.0,0,0,0,0,0,0,0,0,0,0,0,0,0,0,0,0,0,0.0,0.0,0.0,0,,1542.0,Deserto absoluto,False
2109908,210990,Santa Inês - MA,MA,Maranhão,7359,3679.5,6,6,162,560,719,0,1499,2700,0,2,2,0,0,0,4199,0,4199,2099.5,0.5706,0.5706,30414,0.931,1580.0,Intermediario,True
2110005,211000,Santa Luzia - MA,MA,Maranhão,4384,2192.0,0,0,0,0,0,0,0,0,0,0,0,0,0,0,0,0,0,0.0,0.0,0.0,0,,2192.0,Deserto absoluto,False
2110039,211003,Santa Luzia do Paruá - MA,MA,Maranhão,1829,914.5,0,0,0,0,0,0,0,0,0,0,0,0,0,0,0,0,0,0.0,0.0,0.0,0,,914.5,Deserto absoluto,False
2110104,211010,Santa Quitéria do Maranhão - MA,MA,Maranhão,1897,948.5,0,0,0,0,0,0,0,0,0,0,0,0,0,0,0,0,0,0.0,0.0,0.0,0,,948.5,Deserto absoluto,False
2110203,211020,Santa Rita - MA,MA,Maranhão,2670,1335.0,0,0,0,0,0,0,0,0,0,0,0,0,0,0,0,0,0,0.0,0.0,0.0,0,,1335.0,Deserto absoluto,False
2110237,211023,Santana do Maranhão - MA,MA,Maranhão,779,389.5,0,0,0,0,0,0,0,0,0,0,0,0,0,0,0,0,0,0.0,0.0,0.0,0,,389.5,Deserto absoluto,False
2110278,211027,Santo Amaro do Maranhão - MA,MA,Maranhão,878,439.0,0,0,0,0,0,0,0,0,0,0,0,0,0,0,0,0,0,0.0,0.0,0.0,0,,439.0,Deserto absoluto,False
2110302,211030,Santo Antônio dos Lopes - MA,MA,Maranhão,1295,647.5,0,0,0,0,0,0,0,0,0,0,0,0,0,0,0,0,0,0.0,0.0,0.0,0,,647.5,Deserto absoluto,False
2110401,211040,São Benedito do Rio Preto - MA,MA,Maranhão,1205,602.5,0,0,0,0,0,0,0,0,0,0,0,0,0,0,0,0,0,0.0,0.0,0.0,0,,602.5,Deserto absoluto,False
2110500,211050,São Bento - MA,MA,Maranhão,3860,1930.0,0,0,0,0,0,0,0,0,0,0,0,0,0,0,0,0,0,0.0,0.0,0.0,0,,1930.0,Deserto absoluto,False
2110609,211060,São Bernardo - MA,MA,Maranhão,2088,1044.0,2,2,0,0,0,0,0,0,0,0,0,0,0,0,0,0,0,0.0,0.0,0.0,10138,1.0,1044.0,Deserto funcional,True
2110658,211065,São Domingos do Azeitão - MA,MA,Maranhão,603,301.5,0,0,0,0,0,0,0,0,0,0,0,0,0,0,0,0,0,0.0,0.0,0.0,0,,301.5,Deserto absoluto,False
2110708,211070,São Domingos do Maranhão - MA,MA,Maranhão,2841,1420.5,0,0,0,0,0,0,0,0,0,0,0,0,0,0,0,0,0,0.0,0.0,0.0,0,,1420.5,Deserto absoluto,False
2110807,211080,São Félix de Balsas - MA,MA,Maranhão,443,221.5,0,0,0,0,0,0,0,0,0,0,0,0,0,0,0,0,0,0.0,0.0,0.0,0,,221.5,Deserto absoluto,False
2110856,211085,São Francisco do Brejão - MA,MA,Maranhão,717,358.5,0,0,0,0,0,0,0,0,0,0,0,0,0,0,0,0,0,0.0,0.0,0.0,0,,358.5,Deserto absoluto,False
2110906,211090,São Francisco do Maranhão - MA,MA,Maranhão,1132,566.0,0,0,0,0,0,0,0,0,0,0,0,0,0,0,0,0,0,0.0,0.0,0.0,0,,566.0,Deserto absoluto,False
2111003,211100,São João Batista - MA,MA,Maranhão,1597,798.5,0,0,0,0,0,0,0,0,0,0,0,0,0,0,0,0,0,0.0,0.0,0.0,0,,798.5,Deserto absoluto,False
2111029,211102,São João do Carú - MA,MA,Maranhão,803,401.5,0,0,0,0,0,0,0,0,0,0,0,0,0,0,0,0,0,0.0,0.0,0.0,0,,401.5,Deserto absoluto,False
2111052,211105,São João do Paraíso - MA,MA,Maranhão,815,407.5,0,0,0,0,0,0,0,0,0,0,0,0,0,0,0,0,0,0.0,0.0,0.0,0,,407.5,Deserto absoluto,False
2111078,211107,São João do Soter - MA,MA,Maranhão,1417,708.5,0,0,0,0,0,0,0,0,0,0,0,0,0,0,0,0,0,0.0,0.0,0.0,0,,708.5,Deserto absoluto,False
2111102,211110,São João dos Patos - MA,MA,Maranhão,2483,1241.5,0,0,0,0,0,0,0,0,0,0,0,0,0,0,0,0,0,0.0,0.0,0.0,0,,1241.5,Deserto absoluto,False
2111201,211120,São José de Ribamar - MA,MA,Maranhão,20016,10008.0,3,3,0,0,1229,441,0,0,0,0,3,0,0,0,0,0,0,0.0,0.0,0.0,15207,1.0,10008.0,Deserto funcional,True
2111250,211125,São José dos Basílios - MA,MA,Maranhão,624,312.0,0,0,0,0,0,0,0,0,0,0,0,0,0,0,0,0,0,0.0,0.0,0.0,0,,312.0,Deserto absoluto,False
2111300,211130,São Luís - MA,MA,Maranhão,109170,54585.0,62,62,16489,32696,35141,26987,35188,42436,1920,2093,2442,2776,3236,3419,77624,6655,84279,42139.5,0.711,0.772,314278,0.8659,12445.5,Adequado,True
2111409,211140,São Luís Gonzaga do Maranhão - MA,MA,Maranhão,1574,787.0,0,0,0,0,0,0,0,0,0,0,0,0,0,0,0,0,0,0.0,0.0,0.0,0,,787.0,Deserto absoluto,False
2111508,211150,São Mateus do Maranhão - MA,MA,Maranhão,3523,1761.5,0,0,0,0,0,0,0,0,0,0,0,0,0,0,0,0,0,0.0,0.0,0.0,0,,1761.5,Deserto absoluto,False
2111532,211153,São Pedro da Água Branca - MA,MA,Maranhão,1122,561.0,0,0,0,0,0,0,0,0,0,0,0,0,0,0,0,0,0,0.0,0.0,0.0,0,,561.0,Deserto absoluto,False
2111573,211157,São Pedro dos Crentes - MA,MA,Maranhão,379,189.5,0,0,0,0,0,0,0,0,0,0,0,0,0,0,0,0,0,0.0,0.0,0.0,0,,189.5,Deserto absoluto,False
2111607,211160,São Raimundo das Mangabeiras - MA,MA,Maranhão,1550,775.0,0,0,0,0,0,0,0,0,0,0,0,0,0,0,0,0,0,0.0,0.0,0.0,0,,775.0,Deserto absoluto,False
2111631,211163,São Raimundo do Doca Bezerra - MA,MA,Maranhão,455,227.5,0,0,0,0,0,0,0,0,0,0,0,0,0,0,0,0,0,0.0,0.0,0.0,0,,227.5,Deserto absoluto,False
2111672,211167,São Roberto - MA,MA,Maranhão,350,175.0,0,0,0,0,0,0,0,0,0,0,0,0,0,0,0,0,0,0.0,0.0,0.0,0,,175.0,Deserto absoluto,False
2111706,211170,São Vicente Ferrer - MA,MA,Maranhão,1732,866.0,0,0,0,0,0,0,0,0,0,0,0,0,0,0,0,0,0,0.0,0.0,0.0,0,,866.0,Deserto absoluto,False
2111722,211172,Satubinha - MA,MA,Maranhão,631,315.5,0,0,0,0,0,0,0,0,0,0,0,0,0,0,0,0,0,0.0,0.0,0.0,0,,315.5,Deserto absoluto,False
2111748,211174,Senador Alexandre Costa - MA,MA,Maranhão,804,402.0,0,0,0,0,0,0,0,0,0,0,0,0,0,0,0,0,0,0.0,0.0,0.0,0,,402.0,Deserto absoluto,False
2111763,211176,Senador La Rocque - MA,MA,Maranhão,1290,645.0,0,0,0,0,0,0,0,0,0,0,0,0,0,0,0,0,0,0.0,0.0,0.0,0,,645.0,Deserto absoluto,False
2111789,211178,Serrano do Maranhão - MA,MA,Maranhão,822,411.0,0,0,0,0,0,0,0,0,0,0,0,0,0,0,0,0,0,0.0,0.0,0.0,0,,411.0,Deserto absoluto,False
2111805,211180,Sítio Novo - MA,MA,Maranhão,1395,697.5,0,0,0,0,0,0,0,0,0,0,0,0,0,0,0,0,0,0.0,0.0,0.0,0,,697.5,Deserto absoluto,False
2111904,211190,Sucupira do Norte - MA,MA,Maranhão,941,470.5,0,0,0,0,0,0,0,0,0,0,0,0,0,0,0,0,0,0.0,0.0,0.0,0,,470.5,Deserto absoluto,False
2111953,211195,Sucupira do Riachão - MA,MA,Maranhão,488,244.0,0,0,0,0,0,0,0,0,0,0,0,0,0,0,0,0,0,0.0,0.0,0.0,0,,244.0,Deserto absoluto,False
2112001,211200,Tasso Fragoso - MA,MA,Maranhão,598,299.0,0,0,0,0,0,0,0,0,0,0,0,0,0,0,0,0,0,0.0,0.0,0.0,0,,299.0,Deserto absoluto,False
2112100,211210,Timbiras - MA,MA,Maranhão,2158,1079.0,0,0,0,0,0,0,0,0,0,0,0,0,0,0,0,0,0,0.0,0.0,0.0,0,,1079.0,Deserto absoluto,False
2112209,211220,Timon - MA,MA,Maranhão,15133,7566.5,2,2,1551,2982,2416,4101,3426,3555,8,14,9,23,16,1,6981,17,6998,3499.0,0.4613,0.4624,10138,0.6549,4067.5,Intermediario,True
2112233,211223,Trizidela do Vale - MA,MA,Maranhão,1993,996.5,1,1,0,0,0,349,214,306,0,0,0,1,1,3,520,4,524,262.0,0.2609,0.2629,5069,0.9483,734.5,Deserto funcional,True
2112274,211227,Tufilândia - MA,MA,Maranhão,403,201.5,0,0,0,0,0,0,0,0,0,0,0,0,0,0,0,0,0,0.0,0.0,0.0,0,,201.5,Deserto absoluto,False
2112308,211230,Tuntum - MA,MA,Maranhão,3078,1539.0,3,2,79,1175,435,253,0,0,0,0,0,0,0,290,0,290,290,145.0,0.0,0.0942,10138,0.9857,1394.0,Deserto funcional,True
2112407,211240,Turiaçu - MA,MA,Maranhão,2541,1270.5,0,0,0,0,0,0,0,0,0,0,0,0,0,0,0,0,0,0.0,0.0,0.0,0,,1270.5,Deserto absoluto,False
2112456,211245,Turilândia - MA,MA,Maranhão,1796,898.0,0,0,0,0,0,0,0,0,0,0,0,0,0,0,0,0,0,0.0,0.0,0.0,0,,898.0,Deserto absoluto,False
2112506,211250,Tutóia - MA,MA,Maranhão,3880,1940.0,0,0,0,0,0,0,0,0,0,0,0,0,0,0,0,0,0,0.0,0.0,0.0,0,,1940.0,Deserto absoluto,False
2112605,211260,Urbano Santos - MA,MA,Maranhão,1970,985.0,1,1,0,0,0,0,0,0,0,0,0,0,0,0,0,0,0,0.0,0.0,0.0,5069,1.0,985.0,Deserto funcional,True
2112704,211270,Vargem Grande - MA,MA,Maranhão,3114,1557.0,1,1,0,0,0,0,0,0,0,0,0,0,0,0,0,0,0,0.0,0.0,0.0,5069,1.0,1557.0,Deserto funcional,True
2112803,211280,Viana - MA,MA,Maranhão,4149,2074.5,0,0,0,0,0,0,0,0,0,0,0,0,0,0,0,0,0,0.0,0.0,0.0,0,,2074.5,Deserto absoluto,False
2112852,211285,Vila Nova dos Martírios - MA,MA,Maranhão,795,397.5,0,0,0,0,0,0,0,0,0,0,0,0,0,0,0,0,0,0.0,0.0,0.0,0,,397.5,Deserto absoluto,False
2112902,211290,Vitória do Mearim - MA,MA,Maranhão,2590,1295.0,0,0,0,0,0,0,0,0,0,0,0,0,0,0,0,0,0,0.0,0.0,0.0,0,,1295.0,Deserto absoluto,False
2113009,211300,Vitorino Freire - MA,MA,Maranhão,2910,1455.0,1,1,376,2287,1415,0,0,791,6,69,30,0,0,1,791,1,792,396.0,0.2718,0.2722,5069,0.9219,1059.0,Deserto funcional,True
2114007,211400,Zé Doca - MA,MA,Maranhão,3415,1707.5,1,1,0,0,0,0,0,0,0,0,0,0,0,0,0,0,0,0.0,0.0,0.0,5069,1.0,1707.5,Deserto funcional,True
2200053,220005,Acauã - PI,PI,Piauí,620,310.0,0,0,0,0,0,0,0,0,0,0,0,0,0,0,0,0,0,0.0,0.0,0.0,0,,310.0,Deserto absoluto,False
2200103,220010,Agricolândia - PI,PI,Piauí,552,276.0,0,0,0,0,0,0,0,0,0,0,0,0,0,0,0,0,0,0.0,0.0,0.0,0,,276.0,Deserto absoluto,False
2200202,220020,Água Branca - PI,PI,Piauí,1727,863.5,0,0,0,0,0,0,0,0,0,0,0,0,0,0,0,0,0,0.0,0.0,0.0,0,,863.5,Deserto absoluto,False
2200251,220025,Alagoinha do Piauí - PI,PI,Piauí,794,397.0,0,0,0,0,0,0,0,0,0,0,0,0,0,0,0,0,0,0.0,0.0,0.0,0,,397.0,Deserto absoluto,False
2200277,220027,Alegrete do Piauí - PI,PI,Piauí,533,266.5,0,0,0,0,0,0,0,0,0,0,0,0,0,0,0,0,0,0.0,0.0,0.0,0,,266.5,Deserto absoluto,False
2200301,220030,Alto Longá - PI,PI,Piauí,1497,748.5,0,0,0,0,0,0,0,0,0,0,0,0,0,0,0,0,0,0.0,0.0,0.0,0,,748.5,Deserto absoluto,False
2200400,220040,Altos - PI,PI,Piauí,4450,2225.0,0,0,0,0,0,0,0,0,0,0,0,0,0,0,0,0,0,0.0,0.0,0.0,0,,2225.0,Deserto absoluto,False
2200459,220045,Alvorada do Gurguéia - PI,PI,Piauí,447,223.5,0,0,0,0,0,0,0,0,0,0,0,0,0,0,0,0,0,0.0,0.0,0.0,0,,223.5,Deserto absoluto,False
2200509,220050,Amarante - PI,PI,Piauí,1786,893.0,0,0,0,0,0,0,0,0,0,0,0,0,0,0,0,0,0,0.0,0.0,0.0,0,,893.0,Deserto absoluto,False
2200608,220060,Angical do Piauí - PI,PI,Piauí,836,418.0,0,0,0,0,0,0,0,0,0,0,0,0,0,0,0,0,0,0.0,0.0,0.0,0,,418.0,Deserto absoluto,False
2200707,220070,Anísio de Abreu - PI,PI,Piauí,779,389.5,0,0,0,0,0,0,0,0,0,0,0,0,0,0,0,0,0,0.0,0.0,0.0,0,,389.5,Deserto absoluto,False
2200806,220080,Antônio Almeida - PI,PI,Piauí,331,165.5,0,0,0,0,0,0,0,0,0,0,0,0,0,0,0,0,0,0.0,0.0,0.0,0,,165.5,Deserto absoluto,False
2200905,220090,Aroazes - PI,PI,Piauí,619,309.5,0,0,0,0,0,0,0,0,0,0,0,0,0,0,0,0,0,0.0,0.0,0.0,0,,309.5,Deserto absoluto,False
2200954,220095,Aroeiras do Itaim - PI,PI,Piauí,318,159.0,0,0,0,0,0,0,0,0,0,0,0,0,0,0,0,0,0,0.0,0.0,0.0,0,,159.0,Deserto absoluto,False
2201002,220100,Arraial - PI,PI,Piauí,502,251.0,0,0,0,0,0,0,0,0,0,0,0,0,0,0,0,0,0,0.0,0.0,0.0,0,,251.0,Deserto absoluto,False
2201051,220105,Assunção do Piauí - PI,PI,Piauí,672,336.0,0,0,0,0,0,0,0,0,0,0,0,0,0,0,0,0,0,0.0,0.0,0.0,0,,336.0,Deserto absoluto,False
2201101,220110,Avelino Lopes - PI,PI,Piauí,1035,517.5,0,0,0,0,0,0,0,0,0,0,0,0,0,0,0,0,0,0.0,0.0,0.0,0,,517.5,Deserto absoluto,False
2201150,220115,Baixa Grande do Ribeiro - PI,PI,Piauí,813,406.5,0,0,0,0,0,0,0,0,0,0,0,0,0,0,0,0,0,0.0,0.0,0.0,0,,406.5,Deserto absoluto,False
2201176,220117,Barra D'Alcântara - PI,PI,Piauí,430,215.0,0,0,0,0,0,0,0,0,0,0,0,0,0,0,0,0,0,0.0,0.0,0.0,0,,215.0,Deserto absoluto,False
2201200,220120,Barras - PI,PI,Piauí,4091,2045.5,2,2,0,0,0,0,0,0,0,0,0,0,0,0,0,0,0,0.0,0.0,0.0,10138,1.0,2045.5,Deserto funcional,True
2201309,220130,Barreiras do Piauí - PI,PI,Piauí,276,138.0,0,0,0,0,0,0,0,0,0,0,0,0,0,0,0,0,0,0.0,0.0,0.0,0,,138.0,Deserto absoluto,False
2201408,220140,Barro Duro - PI,PI,Piauí,728,364.0,0,0,0,0,0,0,0,0,0,0,0,0,0,0,0,0,0,0.0,0.0,0.0,0,,364.0,Deserto absoluto,False
2201507,220150,Batalha - PI,PI,Piauí,2490,1245.0,0,0,0,0,0,0,0,0,0,0,0,0,0,0,0,0,0,0.0,0.0,0.0,0,,1245.0,Deserto absoluto,False
2201556,220155,Bela Vista do Piauí - PI,PI,Piauí,411,205.5,0,0,0,0,0,0,0,0,0,0,0,0,0,0,0,0,0,0.0,0.0,0.0,0,,205.5,Deserto absoluto,False
2201572,220157,Belém do Piauí - PI,PI,Piauí,328,164.0,0,0,0,0,0,0,0,0,0,0,0,0,0,0,0,0,0,0.0,0.0,0.0,0,,164.0,Deserto absoluto,False
2201606,220160,Beneditinos - PI,PI,Piauí,1048,524.0,0,0,0,0,0,0,0,0,0,0,0,0,0,0,0,0,0,0.0,0.0,0.0,0,,524.0,Deserto absoluto,False
2201705,220170,Bertolínia - PI,PI,Piauí,517,258.5,0,0,0,0,0,0,0,0,0,0,0,0,0,0,0,0,0,0.0,0.0,0.0,0,,258.5,Deserto absoluto,False
2201739,220173,Betânia do Piauí - PI,PI,Piauí,512,256.0,0,0,0,0,0,0,0,0,0,0,0,0,0,0,0,0,0,0.0,0.0,0.0,0,,256.0,Deserto absoluto,False
2201770,220177,Boa Hora - PI,PI,Piauí,573,286.5,0,0,0,0,0,0,0,0,0,0,0,0,0,0,0,0,0,0.0,0.0,0.0,0,,286.5,Deserto absoluto,False
2201804,220180,Bocaina - PI,PI,Piauí,527,263.5,0,0,0,0,0,0,0,0,0,0,0,0,0,0,0,0,0,0.0,0.0,0.0,0,,263.5,Deserto absoluto,False
2201903,220190,Bom Jesus - PI,PI,Piauí,1965,982.5,0,0,337,155,98,89,0,0,0,0,2,0,0,0,0,0,0,0.0,0.0,0.0,0,,982.5,Deserto absoluto,False
2201919,220191,Bom Princípio do Piauí - PI,PI,Piauí,500,250.0,0,0,0,0,0,0,0,0,0,0,0,0,0,0,0,0,0,0.0,0.0,0.0,0,,250.0,Deserto absoluto,False
2201929,220192,Bonfim do Piauí - PI,PI,Piauí,567,283.5,0,0,0,0,0,0,0,0,0,0,0,0,0,0,0,0,0,0.0,0.0,0.0,0,,283.5,Deserto absoluto,False
2201945,220194,Boqueirão do Piauí - PI,PI,Piauí,634,317.0,0,0,0,0,0,0,0,0,0,0,0,0,0,0,0,0,0,0.0,0.0,0.0,0,,317.0,Deserto absoluto,False
2201960,220196,Brasileira - PI,PI,Piauí,810,405.0,0,0,0,0,0,0,0,0,0,0,0,0,0,0,0,0,0,0.0,0.0,0.0,0,,405.0,Deserto absoluto,False
2201988,220198,Brejo do Piauí - PI,PI,Piauí,403,201.5,0,0,0,0,0,0,0,0,0,0,0,0,0,0,0,0,0,0.0,0.0,0.0,0,,201.5,Deserto absoluto,False
2202000,220200,Buriti dos Lopes - PI,PI,Piauí,1715,857.5,0,0,0,0,0,0,0,0,0,0,0,0,0,0,0,0,0,0.0,0.0,0.0,0,,857.5,Deserto absoluto,False
2202026,220202,Buriti dos Montes - PI,PI,Piauí,697,348.5,0,0,0,0,0,0,0,0,0,0,0,0,0,0,0,0,0,0.0,0.0,0.0,0,,348.5,Deserto absoluto,False
2202059,220205,Cabeceiras do Piauí - PI,PI,Piauí,1014,507.0,0,0,0,0,0,0,0,0,0,0,0,0,0,0,0,0,0,0.0,0.0,0.0,0,,507.0,Deserto absoluto,False
2202075,220207,Cajazeiras do Piauí - PI,PI,Piauí,286,143.0,0,0,0,0,0,0,0,0,0,0,0,0,0,0,0,0,0,0.0,0.0,0.0,0,,143.0,Deserto absoluto,False
2202083,220208,Cajueiro da Praia - PI,PI,Piauí,668,334.0,0,0,0,0,0,0,0,0,0,0,0,0,0,0,0,0,0,0.0,0.0,0.0,0,,334.0,Deserto absoluto,False
2202091,220209,Caldeirão Grande do Piauí - PI,PI,Piauí,511,255.5,0,0,0,0,0,0,0,0,0,0,0,0,0,0,0,0,0,0.0,0.0,0.0,0,,255.5,Deserto absoluto,False
2202109,220210,Campinas do Piauí - PI,PI,Piauí,567,283.5,0,0,0,0,0,0,0,0,0,0,0,0,0,0,0,0,0,0.0,0.0,0.0,0,,283.5,Deserto absoluto,False
2202117,220211,Campo Alegre do Fidalgo - PI,PI,Piauí,422,211.0,0,0,0,0,0,0,0,0,0,0,0,0,0,0,0,0,0,0.0,0.0,0.0,0,,211.0,Deserto absoluto,False
2202133,220213,Campo Grande do Piauí - PI,PI,Piauí,624,312.0,0,0,0,0,0,0,0,0,0,0,0,0,0,0,0,0,0,0.0,0.0,0.0,0,,312.0,Deserto absoluto,False
2202174,220217,Campo Largo do Piauí - PI,PI,Piauí,543,271.5,0,0,0,0,0,0,0,0,0,0,0,0,0,0,0,0,0,0.0,0.0,0.0,0,,271.5,Deserto absoluto,False
2202208,220220,Campo Maior - PI,PI,Piauí,5282,2641.0,1,1,604,547,293,0,128,287,14,0,0,0,1,0,415,1,416,208.0,0.0786,0.0788,5069,0.959,2433.0,Deserto funcional,True
2202251,220225,Canavieira - PI,PI,Piauí,356,178.0,0,0,0,0,0,0,0,0,0,0,0,0,0,0,0,0,0,0.0,0.0,0.0,0,,178.0,Deserto absoluto,False
2202307,220230,Canto do Buriti - PI,PI,Piauí,1978,989.0,1,1,0,0,0,0,0,0,0,0,0,0,0,0,0,0,0,0.0,0.0,0.0,5069,1.0,989.0,Deserto funcional,True
2202406,220240,Capitão de Campos - PI,PI,Piauí,1082,541.0,0,0,0,0,0,0,0,0,0,0,0,0,0,0,0,0,0,0.0,0.0,0.0,0,,541.0,Deserto absoluto,False
2202455,220245,Capitão Gervásio Oliveira - PI,PI,Piauí,337,168.5,0,0,0,0,0,0,0,0,0,0,0,0,0,0,0,0,0,0.0,0.0,0.0,0,,168.5,Deserto absoluto,False
2202505,220250,Caracol - PI,PI,Piauí,799,399.5,0,0,0,0,0,0,0,0,0,0,0,0,0,0,0,0,0,0.0,0.0,0.0,0,,399.5,Deserto absoluto,False
2202539,220253,Caraúbas do Piauí - PI,PI,Piauí,482,241.0,0,0,0,0,0,0,0,0,0,0,0,0,0,0,0,0,0,0.0,0.0,0.0,0,,241.0,Deserto absoluto,False
2202554,220255,Caridade do Piauí - PI,PI,Piauí,395,197.5,0,0,0,0,0,0,0,0,0,0,0,0,0,0,0,0,0,0.0,0.0,0.0,0,,197.5,Deserto absoluto,False
2202604,220260,Castelo do Piauí - PI,PI,Piauí,2131,1065.5,1,1,0,0,413,373,29,0,0,0,0,0,0,0,29,0,29,14.5,0.0136,0.0136,5069,0.9971,1051.0,Deserto funcional,True
2202653,220265,Caxingó - PI,PI,Piauí,427,213.5,0,0,0,0,0,0,0,0,0,0,0,0,0,0,0,0,0,0.0,0.0,0.0,0,,213.5,Deserto absoluto,False
2202703,220270,Cocal - PI,PI,Piauí,2372,1186.0,0,0,0,0,0,0,0,0,0,0,0,0,0,0,0,0,0,0.0,0.0,0.0,0,,1186.0,Deserto absoluto,False
2202711,220271,Cocal de Telha - PI,PI,Piauí,534,267.0,0,0,0,0,0,0,0,0,0,0,0,0,0,0,0,0,0,0.0,0.0,0.0,0,,267.0,Deserto absoluto,False
2202729,220272,Cocal dos Alves - PI,PI,Piauí,605,302.5,0,0,0,0,0,0,0,0,0,0,0,0,0,0,0,0,0,0.0,0.0,0.0,0,,302.5,Deserto absoluto,False
2202737,220273,Coivaras - PI,PI,Piauí,385,192.5,0,0,0,0,0,0,0,0,0,0,0,0,0,0,0,0,0,0.0,0.0,0.0,0,,192.5,Deserto absoluto,False
2202752,220275,Colônia do Gurguéia - PI,PI,Piauí,599,299.5,0,0,0,0,0,0,0,0,0,0,0,0,0,0,0,0,0,0.0,0.0,0.0,0,,299.5,Deserto absoluto,False
2202778,220277,Colônia do Piauí - PI,PI,Piauí,783,391.5,0,0,0,0,0,0,0,0,0,0,0,0,0,0,0,0,0,0.0,0.0,0.0,0,,391.5,Deserto absoluto,False
2202802,220280,Conceição do Canindé - PI,PI,Piauí,516,258.0,0,0,0,0,0,0,0,0,0,0,0,0,0,0,0,0,0,0.0,0.0,0.0,0,,258.0,Deserto absoluto,False
2202851,220285,Coronel José Dias - PI,PI,Piauí,418,209.0,0,0,0,0,0,0,0,0,0,0,0,0,0,0,0,0,0,0.0,0.0,0.0,0,,209.0,Deserto absoluto,False
2202901,220290,Corrente - PI,PI,Piauí,2221,1110.5,3,3,180,0,0,0,0,0,0,0,0,0,0,0,0,0,0,0.0,0.0,0.0,15207,1.0,1110.5,Deserto funcional,True
2203008,220300,Cristalândia do Piauí - PI,PI,Piauí,641,320.5,0,0,0,0,0,0,0,0,0,0,0,0,0,0,0,0,0,0.0,0.0,0.0,0,,320.5,Deserto absoluto,False
2203107,220310,Cristino Castro - PI,PI,Piauí,912,456.0,0,0,0,0,0,0,0,0,0,0,0,0,0,0,0,0,0,0.0,0.0,0.0,0,,456.0,Deserto absoluto,False
2203206,220320,Curimatá - PI,PI,Piauí,1030,515.0,0,0,0,0,0,0,0,0,0,0,0,0,0,0,0,0,0,0.0,0.0,0.0,0,,515.0,Deserto absoluto,False
2203230,220323,Currais - PI,PI,Piauí,429,214.5,0,0,0,0,0,0,0,0,0,0,0,0,0,0,0,0,0,0.0,0.0,0.0,0,,214.5,Deserto absoluto,False
2203255,220325,Curralinhos - PI,PI,Piauí,415,207.5,0,0,0,0,0,0,0,0,0,0,0,0,0,0,0,0,0,0.0,0.0,0.0,0,,207.5,Deserto absoluto,False
2203271,220327,Curral Novo do Piauí - PI,PI,Piauí,388,194.0,0,0,0,0,0,0,0,0,0,0,0,0,0,0,0,0,0,0.0,0.0,0.0,0,,194.0,Deserto absoluto,False
2203305,220330,Demerval Lobão - PI,PI,Piauí,1427,713.5,0,0,0,0,0,0,0,0,0,0,0,0,0,0,0,0,0,0.0,0.0,0.0,0,,713.5,Deserto absoluto,False
2203354,220335,Dirceu Arcoverde - PI,PI,Piauí,712,356.0,0,0,0,0,0,0,0,0,0,0,0,0,0,0,0,0,0,0.0,0.0,0.0,0,,356.0,Deserto absoluto,False
2203404,220340,Dom Expedito Lopes - PI,PI,Piauí,785,392.5,0,0,0,0,0,0,0,0,0,0,0,0,0,0,0,0,0,0.0,0.0,0.0,0,,392.5,Deserto absoluto,False
2203420,220342,Domingos Mourão - PI,PI,Piauí,375,187.5,0,0,0,0,0,0,0,0,0,0,0,0,0,0,0,0,0,0.0,0.0,0.0,0,,187.5,Deserto absoluto,False
2203453,220345,Dom Inocêncio - PI,PI,Piauí,948,474.0,0,0,0,0,0,0,0,0,0,0,0,0,0,0,0,0,0,0.0,0.0,0.0,0,,474.0,Deserto absoluto,False
2203503,220350,Elesbão Veloso - PI,PI,Piauí,1635,817.5,0,0,0,0,0,0,0,0,0,0,0,0,0,0,0,0,0,0.0,0.0,0.0,0,,817.5,Deserto absoluto,False
2203602,220360,Eliseu Martins - PI,PI,Piauí,482,241.0,0,0,0,0,0,0,0,0,0,0,0,0,0,0,0,0,0,0.0,0.0,0.0,0,,241.0,Deserto absoluto,False
2203701,220370,Esperantina - PI,PI,Piauí,3769,1884.5,1,1,0,0,0,0,0,0,0,0,0,0,0,0,0,0,0,0.0,0.0,0.0,5069,1.0,1884.5,Deserto funcional,True
2203750,220375,Fartura do Piauí - PI,PI,Piauí,489,244.5,0,0,0,0,0,0,0,0,0,0,0,0,0,0,0,0,0,0.0,0.0,0.0,0,,244.5,Deserto absoluto,False
2203800,220380,Flores do Piauí - PI,PI,Piauí,461,230.5,0,0,0,0,0,0,0,0,0,0,0,0,0,0,0,0,0,0.0,0.0,0.0,0,,230.5,Deserto absoluto,False
2203859,220385,Floresta do Piauí - PI,PI,Piauí,311,155.5,0,0,0,0,0,0,0,0,0,0,0,0,0,0,0,0,0,0.0,0.0,0.0,0,,155.5,Deserto absoluto,False
2203909,220390,Floriano - PI,PI,Piauí,6450,3225.0,8,7,3098,3099,6377,3699,5100,3590,0,2,4,0,11,14,8690,25,8715,4357.5,1.3473,1.3512,35483,0.8772,-1132.5,Adequado,False
2204006,220400,Francinópolis - PI,PI,Piauí,539,269.5,0,0,0,0,0,0,0,0,0,0,0,0,0,0,0,0,0,0.0,0.0,0.0,0,,269.5,Deserto absoluto,False
2204105,220410,Francisco Ayres - PI,PI,Piauí,506,253.0,0,0,0,0,0,0,0,0,0,0,0,0,0,0,0,0,0,0.0,0.0,0.0,0,,253.0,Deserto absoluto,False
2204154,220415,Francisco Macedo - PI,PI,Piauí,280,140.0,0,0,0,0,0,0,0,0,0,0,0,0,0,0,0,0,0,0.0,0.0,0.0,0,,140.0,Deserto absoluto,False
2204204,220420,Francisco Santos - PI,PI,Piauí,866,433.0,0,0,0,0,0,0,0,0,0,0,0,0,0,0,0,0,0,0.0,0.0,0.0,0,,433.0,Deserto absoluto,False
2204303,220430,Fronteiras - PI,PI,Piauí,1168,584.0,0,0,0,0,0,0,0,0,0,0,0,0,0,0,0,0,0,0.0,0.0,0.0,0,,584.0,Deserto absoluto,False
2204352,220435,Geminiano - PI,PI,Piauí,600,300.0,0,0,0,0,0,0,0,0,0,0,0,0,0,0,0,0,0,0.0,0.0,0.0,0,,300.0,Deserto absoluto,False
2204402,220440,Gilbués - PI,PI,Piauí,912,456.0,0,0,0,0,0,0,0,0,0,0,0,0,0,0,0,0,0,0.0,0.0,0.0,0,,456.0,Deserto absoluto,False
2204501,220450,Guadalupe - PI,PI,Piauí,1017,508.5,0,0,0,0,0,0,0,0,0,0,0,0,0,0,0,0,0,0.0,0.0,0.0,0,,508.5,Deserto absoluto,False
2204550,220455,Guaribas - PI,PI,Piauí,332,166.0,0,0,0,0,0,0,0,0,0,0,0,0,0,0,0,0,0,0.0,0.0,0.0,0,,166.0,Deserto absoluto,False
2204600,220460,Hugo Napoleão - PI,PI,Piauí,369,184.5,0,0,0,0,0,0,0,0,0,0,0,0,0,0,0,0,0,0.0,0.0,0.0,0,,184.5,Deserto absoluto,False
2204659,220465,Ilha Grande - PI,PI,Piauí,771,385.5,0,0,0,0,0,0,0,0,0,0,0,0,0,0,0,0,0,0.0,0.0,0.0,0,,385.5,Deserto absoluto,False
2204709,220470,Inhuma - PI,PI,Piauí,1655,827.5,0,0,0,0,0,0,0,0,0,0,0,0,0,0,0,0,0,0.0,0.0,0.0,0,,827.5,Deserto absoluto,False
2204808,220480,Ipiranga do Piauí - PI,PI,Piauí,1075,537.5,0,0,0,0,0,0,0,0,0,0,0,0,0,0,0,0,0,0.0,0.0,0.0,0,,537.5,Deserto absoluto,False
2204907,220490,Isaías Coelho - PI,PI,Piauí,741,370.5,0,0,0,0,0,0,0,0,0,0,0,0,0,0,0,0,0,0.0,0.0,0.0,0,,370.5,Deserto absoluto,False
2205003,220500,Itainópolis - PI,PI,Piauí,1355,677.5,0,0,0,0,0,0,0,0,0,0,0,0,0,0,0,0,0,0.0,0.0,0.0,0,,677.5,Deserto absoluto,False
2205102,220510,Itaueira - PI,PI,Piauí,1153,576.5,0,0,0,0,0,0,0,0,0,0,0,0,0,0,0,0,0,0.0,0.0,0.0,0,,576.5,Deserto absoluto,False
2205151,220515,Jacobina do Piauí - PI,PI,Piauí,604,302.0,0,0,0,0,0,0,0,0,0,0,0,0,0,0,0,0,0,0.0,0.0,0.0,0,,302.0,Deserto absoluto,False
2205201,220520,Jaicós - PI,PI,Piauí,1771,885.5,1,1,0,0,0,0,0,0,0,0,0,0,0,0,0,0,0,0.0,0.0,0.0,5069,1.0,885.5,Deserto funcional,True
2205250,220525,Jardim do Mulato - PI,PI,Piauí,458,229.0,0,0,0,0,0,0,0,0,0,0,0,0,0,0,0,0,0,0.0,0.0,0.0,0,,229.0,Deserto absoluto,False
2205276,220527,Jatobá do Piauí - PI,PI,Piauí,530,265.0,0,0,0,0,0,0,0,0,0,0,0,0,0,0,0,0,0,0.0,0.0,0.0,0,,265.0,Deserto absoluto,False
2205300,220530,Jerumenha - PI,PI,Piauí,489,244.5,0,0,0,0,0,0,0,0,0,0,0,0,0,0,0,0,0,0.0,0.0,0.0,0,,244.5,Deserto absoluto,False
2205359,220535,João Costa - PI,PI,Piauí,302,151.0,0,0,0,0,0,0,0,0,0,0,0,0,0,0,0,0,0,0.0,0.0,0.0,0,,151.0,Deserto absoluto,False
2205409,220540,Joaquim Pires - PI,PI,Piauí,1158,579.0,0,0,0,0,0,0,0,0,0,0,0,0,0,0,0,0,0,0.0,0.0,0.0,0,,579.0,Deserto absoluto,False
2205458,220545,Joca Marques - PI,PI,Piauí,456,228.0,0,0,0,0,0,0,0,0,0,0,0,0,0,0,0,0,0,0.0,0.0,0.0,0,,228.0,Deserto absoluto,False
2205508,220550,José de Freitas - PI,PI,Piauí,3766,1883.0,0,0,0,0,0,0,0,0,0,0,0,0,0,0,0,0,0,0.0,0.0,0.0,0,,1883.0,Deserto absoluto,False
2205516,220551,Juazeiro do Piauí - PI,PI,Piauí,500,250.0,0,0,0,0,0,0,0,0,0,0,0,0,0,0,0,0,0,0.0,0.0,0.0,0,,250.0,Deserto absoluto,False
2205524,220552,Júlio Borges - PI,PI,Piauí,459,229.5,0,0,0,0,0,0,0,0,0,0,0,0,0,0,0,0,0,0.0,0.0,0.0,0,,229.5,Deserto absoluto,False
2205532,220553,Jurema - PI,PI,Piauí,381,190.5,0,0,0,0,0,0,0,0,0,0,0,0,0,0,0,0,0,0.0,0.0,0.0,0,,190.5,Deserto absoluto,False
2205540,220554,Lagoinha do Piauí - PI,PI,Piauí,302,151.0,0,0,0,0,0,0,0,0,0,0,0,0,0,0,0,0,0,0.0,0.0,0.0,0,,151.0,Deserto absoluto,False
2205557,220555,Lagoa Alegre - PI,PI,Piauí,701,350.5,0,0,0,0,0,0,0,0,0,0,0,0,0,0,0,0,0,0.0,0.0,0.0,0,,350.5,Deserto absoluto,False
2205565,220556,Lagoa do Barro do Piauí - PI,PI,Piauí,413,206.5,0,0,0,0,0,0,0,0,0,0,0,0,0,0,0,0,0,0.0,0.0,0.0,0,,206.5,Deserto absoluto,False
2205573,220557,Lagoa de São Francisco - PI,PI,Piauí,589,294.5,0,0,0,0,0,0,0,0,0,0,0,0,0,0,0,0,0,0.0,0.0,0.0,0,,294.5,Deserto absoluto,False
2205581,220558,Lagoa do Piauí - PI,PI,Piauí,445,222.5,0,0,0,0,0,0,0,0,0,0,0,0,0,0,0,0,0,0.0,0.0,0.0,0,,222.5,Deserto absoluto,False
2205599,220559,Lagoa do Sítio - PI,PI,Piauí,520,260.0,0,0,0,0,0,0,0,0,0,0,0,0,0,0,0,0,0,0.0,0.0,0.0,0,,260.0,Deserto absoluto,False
2205607,220560,Landri Sales - PI,PI,Piauí,564,282.0,0,0,0,0,0,0,0,0,0,0,0,0,0,0,0,0,0,0.0,0.0,0.0,0,,282.0,Deserto absoluto,False
2205706,220570,Luís Correia - PI,PI,Piauí,2684,1342.0,0,0,0,0,0,0,0,0,0,0,0,0,0,0,0,0,0,0.0,0.0,0.0,0,,1342.0,Deserto absoluto,False
2205805,220580,Luzilândia - PI,PI,Piauí,2371,1185.5,0,0,0,0,0,0,0,0,0,0,0,0,0,0,0,0,0,0.0,0.0,0.0,0,,1185.5,Deserto absoluto,False
2205854,220585,Madeiro - PI,PI,Piauí,600,300.0,0,0,0,0,0,0,0,0,0,0,0,0,0,0,0,0,0,0.0,0.0,0.0,0,,300.0,Deserto absoluto,False
2205904,220590,Manoel Emídio - PI,PI,Piauí,519,259.5,0,0,0,0,0,0,0,0,0,0,0,0,0,0,0,0,0,0.0,0.0,0.0,0,,259.5,Deserto absoluto,False
2205953,220595,Marcolândia - PI,PI,Piauí,742,371.0,0,0,0,0,0,0,0,0,0,0,0,0,0,0,0,0,0,0.0,0.0,0.0,0,,371.0,Deserto absoluto,False
2206001,220600,Marcos Parente - PI,PI,Piauí,510,255.0,0,0,0,0,0,0,0,0,0,0,0,0,0,0,0,0,0,0.0,0.0,0.0,0,,255.0,Deserto absoluto,False
2206050,220605,Massapê do Piauí - PI,PI,Piauí,525,262.5,0,0,0,0,0,0,0,0,0,0,0,0,0,0,0,0,0,0.0,0.0,0.0,0,,262.5,Deserto absoluto,False
2206100,220610,Matias Olímpio - PI,PI,Piauí,906,453.0,0,0,0,0,0,0,0,0,0,0,0,0,0,0,0,0,0,0.0,0.0,0.0,0,,453.0,Deserto absoluto,False
2206209,220620,Miguel Alves - PI,PI,Piauí,2706,1353.0,0,0,0,0,0,0,0,0,0,0,0,0,0,0,0,0,0,0.0,0.0,0.0,0,,1353.0,Deserto absoluto,False
2206308,220630,Miguel Leão - PI,PI,Piauí,114,57.0,0,0,0,0,0,0,0,0,0,0,0,0,0,0,0,0,0,0.0,0.0,0.0,0,,57.0,Deserto absoluto,False
2206357,220635,Milton Brandão - PI,PI,Piauí,671,335.5,0,0,0,0,0,0,0,0,0,0,0,0,0,0,0,0,0,0.0,0.0,0.0,0,,335.5,Deserto absoluto,False
2206407,220640,Monsenhor Gil - PI,PI,Piauí,1042,521.0,0,0,0,0,0,0,0,0,0,0,0,0,0,0,0,0,0,0.0,0.0,0.0,0,,521.0,Deserto absoluto,False
2206506,220650,Monsenhor Hipólito - PI,PI,Piauí,830,415.0,0,0,0,0,0,0,0,0,0,0,0,0,0,0,0,0,0,0.0,0.0,0.0,0,,415.0,Deserto absoluto,False
2206605,220660,Monte Alegre do Piauí - PI,PI,Piauí,902,451.0,0,0,0,0,0,0,0,0,0,0,0,0,0,0,0,0,0,0.0,0.0,0.0,0,,451.0,Deserto absoluto,False
2206654,220665,Morro Cabeça no Tempo - PI,PI,Piauí,381,190.5,0,0,0,0,0,0,0,0,0,0,0,0,0,0,0,0,0,0.0,0.0,0.0,0,,190.5,Deserto absoluto,False
2206670,220667,Morro do Chapéu do Piauí - PI,PI,Piauí,575,287.5,0,0,0,0,0,0,0,0,0,0,0,0,0,0,0,0,0,0.0,0.0,0.0,0,,287.5,Deserto absoluto,False
2206696,220669,Murici dos Portelas - PI,PI,Piauí,721,360.5,0,0,0,0,0,0,0,0,0,0,0,0,0,0,0,0,0,0.0,0.0,0.0,0,,360.5,Deserto absoluto,False
2206704,220670,Nazaré do Piauí - PI,PI,Piauí,742,371.0,0,0,0,0,0,0,0,0,0,0,0,0,0,0,0,0,0,0.0,0.0,0.0,0,,371.0,Deserto absoluto,False
2206720,220672,Nazária - PI,PI,Piauí,974,487.0,0,0,0,0,0,0,0,0,0,0,0,0,0,0,0,0,0,0.0,0.0,0.0,0,,487.0,Deserto absoluto,False
2206753,220675,Nossa Senhora de Nazaré - PI,PI,Piauí,554,277.0,0,0,0,0,0,0,0,0,0,0,0,0,0,0,0,0,0,0.0,0.0,0.0,0,,277.0,Deserto absoluto,False
2206803,220680,Nossa Senhora dos Remédios - PI,PI,Piauí,670,335.0,0,0,0,0,0,0,0,0,0,0,0,0,0,0,0,0,0,0.0,0.0,0.0,0,,335.0,Deserto absoluto,False
2206902,220690,Novo Oriente do Piauí - PI,PI,Piauí,682,341.0,0,0,0,0,0,0,0,0,0,0,0,0,0,0,0,0,0,0.0,0.0,0.0,0,,341.0,Deserto absoluto,False
2206951,220695,Novo Santo Antônio - PI,PI,Piauí,301,150.5,0,0,0,0,0,0,0,0,0,0,0,0,0,0,0,0,0,0.0,0.0,0.0,0,,150.5,Deserto absoluto,False
2207009,220700,Oeiras - PI,PI,Piauí,3844,1922.0,4,4,0,0,0,0,0,0,0,0,0,0,0,0,0,0,0,0.0,0.0,0.0,20276,1.0,1922.0,Deserto funcional,True
2207108,220710,Olho D'Água do Piauí - PI,PI,Piauí,256,128.0,0,0,0,0,0,0,0,0,0,0,0,0,0,0,0,0,0,0.0,0.0,0.0,0,,128.0,Deserto absoluto,False
2207207,220720,Padre Marcos - PI,PI,Piauí,738,369.0,0,0,0,0,0,0,0,0,0,0,0,0,0,0,0,0,0,0.0,0.0,0.0,0,,369.0,Deserto absoluto,False
2207306,220730,Paes Landim - PI,PI,Piauí,400,200.0,0,0,0,0,0,0,0,0,0,0,0,0,0,0,0,0,0,0.0,0.0,0.0,0,,200.0,Deserto absoluto,False
2207355,220735,Pajeú do Piauí - PI,PI,Piauí,345,172.5,0,0,0,0,0,0,0,0,0,0,0,0,0,0,0,0,0,0.0,0.0,0.0,0,,172.5,Deserto absoluto,False
2207405,220740,Palmeira do Piauí - PI,PI,Piauí,462,231.0,0,0,0,0,0,0,0,0,0,0,0,0,0,0,0,0,0,0.0,0.0,0.0,0,,231.0,Deserto absoluto,False
2207504,220750,Palmeirais - PI,PI,Piauí,1304,652.0,0,0,0,0,0,0,0,0,0,0,0,0,0,0,0,0,0,0.0,0.0,0.0,0,,652.0,Deserto absoluto,False
2207553,220755,Paquetá - PI,PI,Piauí,425,212.5,0,0,0,0,0,0,0,0,0,0,0,0,0,0,0,0,0,0.0,0.0,0.0,0,,212.5,Deserto absoluto,False
2207603,220760,Parnaguá - PI,PI,Piauí,826,413.0,0,0,0,0,0,0,0,0,0,0,0,0,0,0,0,0,0,0.0,0.0,0.0,0,,413.0,Deserto absoluto,False
2207702,220770,Parnaíba - PI,PI,Piauí,16445,8222.5,7,7,1864,2967,3701,3326,4231,4219,135,52,59,77,93,49,8450,142,8592,4296.0,0.5138,0.5225,35483,0.8789,3926.5,Intermediario,True
2207751,220775,Passagem Franca do Piauí - PI,PI,Piauí,380,190.0,0,0,0,0,0,0,0,0,0,0,0,0,0,0,0,0,0,0.0,0.0,0.0,0,,190.0,Deserto absoluto,False
2207777,220777,Patos do Piauí - PI,PI,Piauí,636,318.0,0,0,0,0,0,0,0,0,0,0,0,0,0,0,0,0,0,0.0,0.0,0.0,0,,318.0,Deserto absoluto,False
2207793,220779,Pau D'Arco do Piauí - PI,PI,Piauí,392,196.0,0,0,0,0,0,0,0,0,0,0,0,0,0,0,0,0,0,0.0,0.0,0.0,0,,196.0,Deserto absoluto,False
2207801,220780,Paulistana - PI,PI,Piauí,1933,966.5,2,2,142,1,221,51,0,0,0,0,0,0,0,0,0,0,0,0.0,0.0,0.0,10138,1.0,966.5,Deserto funcional,True
2207850,220785,Pavussu - PI,PI,Piauí,387,193.5,0,0,0,0,0,0,0,0,0,0,0,0,0,0,0,0,0,0.0,0.0,0.0,0,,193.5,Deserto absoluto,False
2207900,220790,Pedro II - PI,PI,Piauí,3934,1967.0,0,0,0,0,0,0,0,0,0,0,0,0,0,0,0,0,0,0.0,0.0,0.0,0,,1967.0,Deserto absoluto,False
2207934,220793,Pedro Laurentino - PI,PI,Piauí,258,129.0,0,0,0,0,0,0,0,0,0,0,0,0,0,0,0,0,0,0.0,0.0,0.0,0,,129.0,Deserto absoluto,False
2207959,220795,Nova Santa Rita - PI,PI,Piauí,382,191.0,0,0,0,0,0,0,0,0,0,0,0,0,0,0,0,0,0,0.0,0.0,0.0,0,,191.0,Deserto absoluto,False
2208007,220800,Picos - PI,PI,Piauí,8869,4434.5,11,11,2289,1436,2139,1580,692,2744,3,10,1,1,6,5,3436,11,3447,1723.5,0.3874,0.3887,55759,0.9691,2711.0,Intermediario,True
2208106,220810,Pimenteiras - PI,PI,Piauí,1154,577.0,0,0,0,0,0,0,0,0,0,0,0,0,0,0,0,0,0,0.0,0.0,0.0,0,,577.0,Deserto absoluto,False
2208205,220820,Pio IX - PI,PI,Piauí,1798,899.0,0,0,0,0,0,0,0,0,0,0,0,0,0,0,0,0,0,0.0,0.0,0.0,0,,899.0,Deserto absoluto,False
2208304,220830,Piracuruca - PI,PI,Piauí,2861,1430.5,0,0,0,0,0,0,0,0,0,0,0,0,0,0,0,0,0,0.0,0.0,0.0,0,,1430.5,Deserto absoluto,False
2208403,220840,Piripiri - PI,PI,Piauí,6850,3425.0,7,7,5008,6536,6545,5670,6837,7785,0,32,9,9,7,12,14622,19,14641,7320.5,2.1346,2.1374,35483,0.7937,-3895.5,Adequado,False
2208502,220850,Porto - PI,PI,Piauí,915,457.5,0,0,0,0,0,0,0,0,0,0,0,0,0,0,0,0,0,0.0,0.0,0.0,0,,457.5,Deserto absoluto,False
2208551,220855,Porto Alegre do Piauí - PI,PI,Piauí,204,102.0,0,0,0,0,0,0,0,0,0,0,0,0,0,0,0,0,0,0.0,0.0,0.0,0,,102.0,Deserto absoluto,False
2208601,220860,Prata do Piauí - PI,PI,Piauí,327,163.5,0,0,0,0,0,0,0,0,0,0,0,0,0,0,0,0,0,0.0,0.0,0.0,0,,163.5,Deserto absoluto,False
2208650,220865,Queimada Nova - PI,PI,Piauí,839,419.5,0,0,0,0,0,0,0,0,0,0,0,0,0,0,0,0,0,0.0,0.0,0.0,0,,419.5,Deserto absoluto,False
2208700,220870,Redenção do Gurguéia - PI,PI,Piauí,699,349.5,0,0,0,0,0,0,0,0,0,0,0,0,0,0,0,0,0,0.0,0.0,0.0,0,,349.5,Deserto absoluto,False
2208809,220880,Regeneração - PI,PI,Piauí,1822,911.0,0,0,0,0,0,0,0,0,0,0,0,0,0,0,0,0,0,0.0,0.0,0.0,0,,911.0,Deserto absoluto,False
2208858,220885,Riacho Frio - PI,PI,Piauí,354,177.0,0,0,0,0,0,0,0,0,0,0,0,0,0,0,0,0,0,0.0,0.0,0.0,0,,177.0,Deserto absoluto,False
2208874,220887,Ribeira do Piauí - PI,PI,Piauí,426,213.0,0,0,0,0,0,0,0,0,0,0,0,0,0,0,0,0,0,0.0,0.0,0.0,0,,213.0,Deserto absoluto,False
2208908,220890,Ribeiro Gonçalves - PI,PI,Piauí,550,275.0,0,0,0,0,0,0,0,0,0,0,0,0,0,0,0,0,0,0.0,0.0,0.0,0,,275.0,Deserto absoluto,False
2209005,220900,Rio Grande do Piauí - PI,PI,Piauí,647,323.5,0,0,0,0,0,0,0,0,0,0,0,0,0,0,0,0,0,0.0,0.0,0.0,0,,323.5,Deserto absoluto,False
2209104,220910,Santa Cruz do Piauí - PI,PI,Piauí,628,314.0,0,0,0,0,0,0,0,0,0,0,0,0,0,0,0,0,0,0.0,0.0,0.0,0,,314.0,Deserto absoluto,False
2209153,220915,Santa Cruz dos Milagres - PI,PI,Piauí,365,182.5,0,0,0,0,0,0,0,0,0,0,0,0,0,0,0,0,0,0.0,0.0,0.0,0,,182.5,Deserto absoluto,False
2209203,220920,Santa Filomena - PI,PI,Piauí,451,225.5,0,0,0,0,0,0,0,0,0,0,0,0,0,0,0,0,0,0.0,0.0,0.0,0,,225.5,Deserto absoluto,False
2209302,220930,Santa Luz - PI,PI,Piauí,475,237.5,0,0,0,0,0,0,0,0,0,0,0,0,0,0,0,0,0,0.0,0.0,0.0,0,,237.5,Deserto absoluto,False
2209351,220935,Santana do Piauí - PI,PI,Piauí,469,234.5,0,0,0,0,0,0,0,0,0,0,0,0,0,0,0,0,0,0.0,0.0,0.0,0,,234.5,Deserto absoluto,False
2209377,220937,Santa Rosa do Piauí - PI,PI,Piauí,554,277.0,0,0,0,0,0,0,0,0,0,0,0,0,0,0,0,0,0,0.0,0.0,0.0,0,,277.0,Deserto absoluto,False
2209401,220940,Santo Antônio de Lisboa - PI,PI,Piauí,679,339.5,0,0,0,0,0,0,0,0,0,0,0,0,0,0,0,0,0,0.0,0.0,0.0,0,,339.5,Deserto absoluto,False
2209450,220945,Santo Antônio dos Milagres - PI,PI,Piauí,183,91.5,0,0,0,0,0,0,0,0,0,0,0,0,0,0,0,0,0,0.0,0.0,0.0,0,,91.5,Deserto absoluto,False
2209500,220950,Santo Inácio do Piauí - PI,PI,Piauí,450,225.0,0,0,0,0,0,0,0,0,0,0,0,0,0,0,0,0,0,0.0,0.0,0.0,0,,225.0,Deserto absoluto,False
2209559,220955,São Braz do Piauí - PI,PI,Piauí,439,219.5,0,0,0,0,0,0,0,0,0,0,0,0,0,0,0,0,0,0.0,0.0,0.0,0,,219.5,Deserto absoluto,False
2209609,220960,São Félix do Piauí - PI,PI,Piauí,361,180.5,0,0,0,0,0,0,0,0,0,0,0,0,0,0,0,0,0,0.0,0.0,0.0,0,,180.5,Deserto absoluto,False
2209658,220965,São Francisco de Assis do Piauí - PI,PI,Piauí,494,247.0,0,0,0,0,0,0,0,0,0,0,0,0,0,0,0,0,0,0.0,0.0,0.0,0,,247.0,Deserto absoluto,False
2209708,220970,São Francisco do Piauí - PI,PI,Piauí,677,338.5,0,0,0,0,0,0,0,0,0,0,0,0,0,0,0,0,0,0.0,0.0,0.0,0,,338.5,Deserto absoluto,False
2209757,220975,São Gonçalo do Gurguéia - PI,PI,Piauí,261,130.5,0,0,0,0,0,0,0,0,0,0,0,0,0,0,0,0,0,0.0,0.0,0.0,0,,130.5,Deserto absoluto,False
2209807,220980,São Gonçalo do Piauí - PI,PI,Piauí,444,222.0,0,0,0,0,0,0,0,0,0,0,0,0,0,0,0,0,0,0.0,0.0,0.0,0,,222.0,Deserto absoluto,False
2209856,220985,São João da Canabrava - PI,PI,Piauí,513,256.5,0,0,0,0,0,0,0,0,0,0,0,0,0,0,0,0,0,0.0,0.0,0.0,0,,256.5,Deserto absoluto,False
2209872,220987,São João da Fronteira - PI,PI,Piauí,529,264.5,0,0,0,0,0,0,0,0,0,0,0,0,0,0,0,0,0,0.0,0.0,0.0,0,,264.5,Deserto absoluto,False
2209906,220990,São João da Serra - PI,PI,Piauí,712,356.0,0,0,0,0,0,0,0,0,0,0,0,0,0,0,0,0,0,0.0,0.0,0.0,0,,356.0,Deserto absoluto,False
2209955,220995,São João da Varjota - PI,PI,Piauí,451,225.5,0,0,0,0,0,0,0,0,0,0,0,0,0,0,0,0,0,0.0,0.0,0.0,0,,225.5,Deserto absoluto,False
2209971,220997,São João do Arraial - PI,PI,Piauí,683,341.5,0,0,0,0,0,0,0,0,0,0,0,0,0,0,0,0,0,0.0,0.0,0.0,0,,341.5,Deserto absoluto,False
2210003,221000,São João do Piauí - PI,PI,Piauí,1989,994.5,1,1,0,0,0,0,0,0,0,0,0,0,0,0,0,0,0,0.0,0.0,0.0,5069,1.0,994.5,Deserto funcional,True
2210052,221005,São José do Divino - PI,PI,Piauí,468,234.0,0,0,0,0,0,0,0,0,0,0,0,0,0,0,0,0,0,0.0,0.0,0.0,0,,234.0,Deserto absoluto,False
2210102,221010,São José do Peixe - PI,PI,Piauí,381,190.5,0,0,0,0,0,0,0,0,0,0,0,0,0,0,0,0,0,0.0,0.0,0.0,0,,190.5,Deserto absoluto,False
2210201,221020,São José do Piauí - PI,PI,Piauí,725,362.5,0,0,0,0,0,0,0,0,0,0,0,0,0,0,0,0,0,0.0,0.0,0.0,0,,362.5,Deserto absoluto,False
2210300,221030,São Julião - PI,PI,Piauí,681,340.5,0,0,0,0,0,0,0,0,0,0,0,0,0,0,0,0,0,0.0,0.0,0.0,0,,340.5,Deserto absoluto,False
2210359,221035,São Lourenço do Piauí - PI,PI,Piauí,529,264.5,0,0,0,0,0,0,0,0,0,0,0,0,0,0,0,0,0,0.0,0.0,0.0,0,,264.5,Deserto absoluto,False
2210375,221037,São Luis do Piauí - PI,PI,Piauí,275,137.5,0,0,0,0,0,0,0,0,0,0,0,0,0,0,0,0,0,0.0,0.0,0.0,0,,137.5,Deserto absoluto,False
2210383,221038,São Miguel da Baixa Grande - PI,PI,Piauí,258,129.0,0,0,0,0,0,0,0,0,0,0,0,0,0,0,0,0,0,0.0,0.0,0.0,0,,129.0,Deserto absoluto,False
2210391,221039,São Miguel do Fidalgo - PI,PI,Piauí,260,130.0,0,0,0,0,0,0,0,0,0,0,0,0,0,0,0,0,0,0.0,0.0,0.0,0,,130.0,Deserto absoluto,False
2210409,221040,São Miguel do Tapuio - PI,PI,Piauí,1887,943.5,0,0,0,0,0,0,0,0,0,0,0,0,0,0,0,0,0,0.0,0.0,0.0,0,,943.5,Deserto absoluto,False
2210508,221050,São Pedro do Piauí - PI,PI,Piauí,1345,672.5,0,0,0,0,0,0,0,0,0,0,0,0,0,0,0,0,0,0.0,0.0,0.0,0,,672.5,Deserto absoluto,False
2210607,221060,São Raimundo Nonato - PI,PI,Piauí,3394,1697.0,1,1,2413,8211,7369,2327,217,0,2,7,8,3,0,0,217,0,217,108.5,0.0639,0.0639,5069,0.9786,1588.5,Deserto funcional,True
2210623,221062,Sebastião Barros - PI,PI,Piauí,282,141.0,0,0,0,0,0,0,0,0,0,0,0,0,0,0,0,0,0,0.0,0.0,0.0,0,,141.0,Deserto absoluto,False
2210631,221063,Sebastião Leal - PI,PI,Piauí,422,211.0,0,0,0,0,0,0,0,0,0,0,0,0,0,0,0,0,0,0.0,0.0,0.0,0,,211.0,Deserto absoluto,False
2210656,221065,Sigefredo Pacheco - PI,PI,Piauí,1019,509.5,0,0,0,0,0,0,0,0,0,0,0,0,0,0,0,0,0,0.0,0.0,0.0,0,,509.5,Deserto absoluto,False
2210706,221070,Simões - PI,PI,Piauí,1215,607.5,0,0,0,0,0,0,0,0,0,0,0,0,0,0,0,0,0,0.0,0.0,0.0,0,,607.5,Deserto absoluto,False
2210805,221080,Simplício Mendes - PI,PI,Piauí,1501,750.5,0,0,0,0,0,0,0,0,0,0,0,0,0,0,0,0,0,0.0,0.0,0.0,0,,750.5,Deserto absoluto,False
2210904,221090,Socorro do Piauí - PI,PI,Piauí,453,226.5,0,0,0,0,0,0,0,0,0,0,0,0,0,0,0,0,0,0.0,0.0,0.0,0,,226.5,Deserto absoluto,False
2210938,221093,Sussuapara - PI,PI,Piauí,671,335.5,0,0,0,0,0,0,0,0,0,0,0,0,0,0,0,0,0,0.0,0.0,0.0,0,,335.5,Deserto absoluto,False
2210953,221095,Tamboril do Piauí - PI,PI,Piauí,277,138.5,0,0,0,0,0,0,0,0,0,0,0,0,0,0,0,0,0,0.0,0.0,0.0,0,,138.5,Deserto absoluto,False
2210979,221097,Tanque do Piauí - PI,PI,Piauí,272,136.0,0,0,0,0,0,0,0,0,0,0,0,0,0,0,0,0,0,0.0,0.0,0.0,0,,136.0,Deserto absoluto,False
2211001,221100,Teresina - PI,PI,Piauí,94955,47477.5,43,42,7854,21380,22468,76253,67650,75590,1263,1837,3354,7072,600,720,143240,1320,144560,72280.0,1.5085,1.5224,212898,0.6605,-24802.5,Adequado,False
2211100,221110,União - PI,PI,Piauí,4028,2014.0,0,0,0,0,0,0,0,0,0,0,0,0,0,0,0,0,0,0.0,0.0,0.0,0,,2014.0,Deserto absoluto,False
2211209,221120,Uruçuí - PI,PI,Piauí,1992,996.0,0,0,0,0,0,0,0,0,0,0,0,0,0,0,0,0,0,0.0,0.0,0.0,0,,996.0,Deserto absoluto,False
2211308,221130,Valença do Piauí - PI,PI,Piauí,2625,1312.5,2,2,1,0,0,0,0,0,489,0,0,0,0,0,0,0,0,0.0,0.0,0.0,10138,1.0,1312.5,Deserto funcional,True
2211357,221135,Várzea Branca - PI,PI,Piauí,475,237.5,0,0,0,0,0,0,0,0,0,0,0,0,0,0,0,0,0,0.0,0.0,0.0,0,,237.5,Deserto absoluto,False
2211407,221140,Várzea Grande - PI,PI,Piauí,530,265.0,0,0,0,0,0,0,0,0,0,0,0,0,0,0,0,0,0,0.0,0.0,0.0,0,,265.0,Deserto absoluto,False
2211506,221150,Vera Mendes - PI,PI,Piauí,404,202.0,0,0,0,0,0,0,0,0,0,0,0,0,0,0,0,0,0,0.0,0.0,0.0,0,,202.0,Deserto absoluto,False
2211605,221160,Vila Nova do Piauí - PI,PI,Piauí,357,178.5,0,0,0,0,0,0,0,0,0,0,0,0,0,0,0,0,0,0.0,0.0,0.0,0,,178.5,Deserto absoluto,False
2211704,221170,Wall Ferraz - PI,PI,Piauí,456,228.0,0,0,0,0,0,0,0,0,0,0,0,0,0,0,0,0,0,0.0,0.0,0.0,0,,228.0,Deserto absoluto,False
2300101,230010,Abaiara - CE,CE,Ceará,942,471.0,0,0,0,156,0,0,74,0,0,0,0,0,0,0,74,0,74,37.0,0.0786,0.0786,0,,434.0,Deserto absoluto,False
2300150,230015,Acarape - CE,CE,Ceará,1326,663.0,0,0,0,0,0,0,0,0,0,0,0,0,0,0,0,0,0,0.0,0.0,0.0,0,,663.0,Deserto absoluto,False
2300200,230020,Acaraú - CE,CE,Ceará,5328,2664.0,2,2,0,0,2702,2502,3174,3327,0,0,0,7,17,44,6501,61,6562,3281.0,1.2202,1.2316,10138,0.6764,-617.0,Adequado,False
2300309,230030,Acopiara - CE,CE,Ceará,4960,2480.0,0,0,0,0,0,0,0,0,0,0,0,0,0,0,0,0,0,0.0,0.0,0.0,0,,2480.0,Deserto absoluto,False
2300408,230040,Aiuaba - CE,CE,Ceará,1518,759.0,0,0,0,0,0,0,0,0,0,0,0,0,0,0,0,0,0,0.0,0.0,0.0,0,,759.0,Deserto absoluto,False
2300507,230050,Alcântaras - CE,CE,Ceará,1109,554.5,0,0,148,54,80,0,0,0,0,2,0,0,0,0,0,0,0,0.0,0.0,0.0,0,,554.5,Deserto absoluto,False
2300606,230060,Altaneira - CE,CE,Ceará,683,341.5,0,0,0,0,0,0,0,0,0,0,0,0,0,0,0,0,0,0.0,0.0,0.0,0,,341.5,Deserto absoluto,False
2300705,230070,Alto Santo - CE,CE,Ceará,1521,760.5,0,0,239,226,0,0,0,0,1,2,0,0,0,0,0,0,0,0.0,0.0,0.0,0,,760.5,Deserto absoluto,False
2300754,230075,Amontada - CE,CE,Ceará,3194,1597.0,0,0,0,0,0,0,0,0,0,0,0,0,0,0,0,0,0,0.0,0.0,0.0,0,,1597.0,Deserto absoluto,False
2300804,230080,Antonina do Norte - CE,CE,Ceará,760,380.0,0,0,0,0,0,0,0,0,0,0,0,0,0,0,0,0,0,0.0,0.0,0.0,0,,380.0,Deserto absoluto,False
2300903,230090,Apuiarés - CE,CE,Ceará,1276,638.0,0,0,0,156,0,0,0,0,0,2,0,0,0,0,0,0,0,0.0,0.0,0.0,0,,638.0,Deserto absoluto,False
2301000,230100,Aquiraz - CE,CE,Ceará,7794,3897.0,2,2,408,0,0,0,0,0,0,0,0,0,0,0,0,0,0,0.0,0.0,0.0,10138,1.0,3897.0,Deserto funcional,True
2301109,230110,Aracati - CE,CE,Ceará,7632,3816.0,2,2,902,554,1643,2449,2728,3810,42,10,35,59,69,97,6538,166,6704,3352.0,0.8567,0.8784,10138,0.6694,464.0,Adequado,True
2301208,230120,Aracoiaba - CE,CE,Ceará,2559,1279.5,0,0,0,0,0,0,0,0,0,0,0,0,0,0,0,0,0,0.0,0.0,0.0,0,,1279.5,Deserto absoluto,False
2301257,230125,Ararendá - CE,CE,Ceará,1169,584.5,0,0,0,0,0,0,0,0,0,0,0,0,0,0,0,0,0,0.0,0.0,0.0,0,,584.5,Deserto absoluto,False
2301307,230130,Araripe - CE,CE,Ceará,1801,900.5,0,0,0,0,0,0,0,0,0,0,0,0,0,0,0,0,0,0.0,0.0,0.0,0,,900.5,Deserto absoluto,False
2301406,230140,Aratuba - CE,CE,Ceará,1035,517.5,0,0,0,0,0,0,0,0,0,0,0,0,0,0,0,0,0,0.0,0.0,0.0,0,,517.5,Deserto absoluto,False
2301505,230150,Arneiroz - CE,CE,Ceará,791,395.5,0,0,0,0,0,0,0,0,0,0,0,0,0,0,0,0,0,0.0,0.0,0.0,0,,395.5,Deserto absoluto,False
2301604,230160,Assaré - CE,CE,Ceará,2246,1123.0,0,0,0,0,0,0,0,0,0,0,0,0,0,0,0,0,0,0.0,0.0,0.0,0,,1123.0,Deserto absoluto,False
2301703,230170,Aurora - CE,CE,Ceará,2494,1247.0,0,0,0,0,0,0,0,0,0,0,0,0,0,0,0,0,0,0.0,0.0,0.0,0,,1247.0,Deserto absoluto,False
2301802,230180,Baixio - CE,CE,Ceará,622,311.0,0,0,0,0,0,0,0,0,0,0,0,0,0,0,0,0,0,0.0,0.0,0.0,0,,311.0,Deserto absoluto,False
2301851,230185,Banabuiú - CE,CE,Ceará,1624,812.0,0,0,0,78,198,0,0,0,0,1,2,0,0,0,0,0,0,0.0,0.0,0.0,0,,812.0,Deserto absoluto,False
2301901,230190,Barbalha - CE,CE,Ceará,6529,3264.5,3,3,1342,1967,3207,2997,3141,2973,140,167,125,660,983,642,6114,1625,7739,3869.5,0.9364,1.1853,15207,0.7455,-605.0,Adequado,False
2301950,230195,Barreira - CE,CE,Ceará,2157,1078.5,0,0,0,0,0,0,0,0,0,0,0,0,0,0,0,0,0,0.0,0.0,0.0,0,,1078.5,Deserto absoluto,False
2302008,230200,Barro - CE,CE,Ceará,2140,1070.0,0,0,0,0,0,0,0,0,0,0,0,0,0,0,0,0,0,0.0,0.0,0.0,0,,1070.0,Deserto absoluto,False
2302057,230205,Barroquinha - CE,CE,Ceará,1251,625.5,0,0,0,0,0,0,0,0,0,0,0,0,0,0,0,0,0,0.0,0.0,0.0,0,,625.5,Deserto absoluto,False
2302107,230210,Baturité - CE,CE,Ceará,3431,1715.5,2,2,5,74,2023,1750,909,3827,0,0,28,21,32,87,4736,119,4855,2427.5,1.3804,1.415,10138,0.7606,-712.0,Adequado,False
2302206,230220,Beberibe - CE,CE,Ceará,5382,2691.0,0,0,0,0,0,0,0,0,0,0,0,0,0,0,0,0,0,0.0,0.0,0.0,0,,2691.0,Deserto absoluto,False
2302305,230230,Bela Cruz - CE,CE,Ceará,2866,1433.0,0,0,0,142,0,0,0,0,0,0,0,0,0,0,0,0,0,0.0,0.0,0.0,0,,1433.0,Deserto absoluto,False
2302404,230240,Boa Viagem - CE,CE,Ceará,5187,2593.5,0,0,0,0,0,0,0,0,0,0,0,0,0,0,0,0,0,0.0,0.0,0.0,0,,2593.5,Deserto absoluto,False
2302503,230250,Brejo Santo - CE,CE,Ceará,4753,2376.5,4,4,1451,2599,3336,4033,3016,3098,12,27,48,76,37,44,6114,81,6195,3097.5,1.2863,1.3034,20276,0.8472,-721.0,Adequado,False
2302602,230260,Camocim - CE,CE,Ceará,5753,2876.5,1,1,273,0,2547,2228,3075,2450,7,0,0,1,0,33,5525,33,5558,2779.0,0.9604,0.9661,5069,0.4518,97.5,Adequado,False
2302701,230270,Campos Sales - CE,CE,Ceará,2817,1408.5,1,1,0,5,713,2351,1406,2676,0,0,19,35,31,30,4082,61,4143,2071.5,1.4491,1.4707,5069,0.5913,-663.0,Adequado,False
2302800,230280,Canindé - CE,CE,Ceará,7248,3624.0,2,2,272,460,788,1409,1077,848,0,0,20,34,24,17,1925,41,1966,983.0,0.2656,0.2712,10138,0.903,2641.0,Deserto funcional,True
2302909,230290,Capistrano - CE,CE,Ceará,1632,816.0,0,0,0,0,0,0,0,0,0,0,0,0,0,0,0,0,0,0.0,0.0,0.0,0,,816.0,Deserto absoluto,False
2303006,230300,Caridade - CE,CE,Ceará,1582,791.0,0,0,0,241,0,0,0,0,0,0,0,0,0,0,0,0,0,0.0,0.0,0.0,0,,791.0,Deserto absoluto,False
2303105,230310,Cariré - CE,CE,Ceará,1808,904.0,0,0,0,77,0,77,0,0,0,0,0,0,0,0,0,0,0,0.0,0.0,0.0,0,,904.0,Deserto absoluto,False
2303204,230320,Caririaçu - CE,CE,Ceará,2516,1258.0,0,0,0,0,0,0,0,0,0,0,0,0,0,0,0,0,0,0.0,0.0,0.0,0,,1258.0,Deserto absoluto,False
2303303,230330,Cariús - CE,CE,Ceará,1914,957.0,0,0,0,0,0,0,0,0,0,0,0,0,0,0,0,0,0,0.0,0.0,0.0,0,,957.0,Deserto absoluto,False
2303402,230340,Carnaubal - CE,CE,Ceará,1643,821.5,0,0,0,0,0,0,0,0,0,0,0,0,0,0,0,0,0,0.0,0.0,0.0,0,,821.5,Deserto absoluto,False
2303501,230350,Cascavel - CE,CE,Ceará,7339,3669.5,3,2,0,0,0,0,0,0,0,0,0,0,0,0,0,0,0,0.0,0.0,0.0,10138,1.0,3669.5,Deserto funcional,True
2303600,230360,Catarina - CE,CE,Ceará,1106,553.0,0,0,0,0,0,0,0,0,0,0,0,0,0,0,0,0,0,0.0,0.0,0.0,0,,553.0,Deserto absoluto,False
2303659,230365,Catunda - CE,CE,Ceará,1062,531.0,0,0,120,0,0,0,0,0,1,0,0,0,0,0,0,0,0,0.0,0.0,0.0,0,,531.0,Deserto absoluto,False
2303709,230370,Caucaia - CE,CE,Ceará,33920,16960.0,9,9,2964,2359,4621,6148,2996,3282,72,60,99,78,40,47,6278,87,6365,3182.5,0.1851,0.1876,45621,0.9302,13777.5,Deserto funcional,True
2303808,230380,Cedro - CE,CE,Ceará,2562,1281.0,0,0,875,158,77,161,317,0,11,1,3,0,2,0,317,2,319,159.5,0.1237,0.1245,0,,1121.5,Deserto absoluto,False
2303907,230390,Chaval - CE,CE,Ceará,1135,567.5,0,0,194,145,153,0,0,0,1,0,2,0,0,0,0,0,0,0.0,0.0,0.0,0,,567.5,Deserto absoluto,False
2303931,230393,Choró - CE,CE,Ceará,1138,569.0,0,0,102,0,0,0,0,0,0,0,0,0,0,0,0,0,0,0.0,0.0,0.0,0,,569.0,Deserto absoluto,False
2303956,230395,Chorozinho - CE,CE,Ceará,1949,974.5,0,0,0,0,0,0,0,0,0,0,0,0,0,0,0,0,0,0.0,0.0,0.0,0,,974.5,Deserto absoluto,False
2304004,230400,Coreaú - CE,CE,Ceará,1941,970.5,0,0,0,0,0,0,0,0,0,0,0,0,0,0,0,0,0,0.0,0.0,0.0,0,,970.5,Deserto absoluto,False
2304103,230410,Crateús - CE,CE,Ceará,8429,4214.5,3,3,0,0,672,614,1583,2237,0,0,20,13,36,290,3820,326,4146,2073.0,0.4532,0.4919,15207,0.8637,2141.5,Intermediario,True
2304202,230420,Crato - CE,CE,Ceará,13403,6701.5,5,5,1836,1881,3599,4472,5764,5503,39,3,45,59,47,41,11267,88,11355,5677.5,0.8406,0.8472,25345,0.776,1024.0,Adequado,True
2304236,230423,Croatá - CE,CE,Ceará,1825,912.5,0,0,0,0,0,0,0,0,0,0,0,0,0,0,0,0,0,0.0,0.0,0.0,0,,912.5,Deserto absoluto,False
2304251,230425,Cruz - CE,CE,Ceará,2544,1272.0,0,0,148,146,154,0,0,0,0,0,0,0,0,0,0,0,0,0.0,0.0,0.0,0,,1272.0,Deserto absoluto,False
2304269,230426,Deputado Irapuan Pinheiro - CE,CE,Ceará,1011,505.5,0,0,0,0,0,0,0,0,0,0,0,0,0,0,0,0,0,0.0,0.0,0.0,0,,505.5,Deserto absoluto,False
2304277,230427,Ereré - CE,CE,Ceará,681,340.5,0,0,0,0,0,0,0,0,0,0,0,0,0,0,0,0,0,0.0,0.0,0.0,0,,340.5,Deserto absoluto,False
2304285,230428,Eusébio - CE,CE,Ceará,5516,2758.0,1,0,292,1534,1269,473,476,1148,0,6,6,2,4,7,1624,11,1635,817.5,0.2944,0.2964,0,,1940.5,Deserto funcional,False
2304301,230430,Farias Brito - CE,CE,Ceará,1907,953.5,0,0,0,0,0,0,0,0,0,0,0,0,0,0,0,0,0,0.0,0.0,0.0,0,,953.5,Deserto absoluto,False
2304350,230435,Forquilha - CE,CE,Ceará,2276,1138.0,0,0,0,0,0,0,0,0,0,0,0,0,0,0,0,0,0,0.0,0.0,0.0,0,,1138.0,Deserto absoluto,False
2304400,230440,Fortaleza - CE,CE,Ceará,286641,143320.5,96,93,19980,26092,29069,34088,36831,40932,2669,5146,4731,5749,5214,5664,77763,10878,88641,44320.5,0.2713,0.3092,471417,0.906,99000.0,Intermediario,True
2304459,230445,Fortim - CE,CE,Ceará,1729,864.5,0,0,0,0,0,0,0,0,0,0,0,0,0,0,0,0,0,0.0,0.0,0.0,0,,864.5,Deserto absoluto,False
2304509,230450,Frecheirinha - CE,CE,Ceará,1288,644.0,0,0,0,241,0,160,0,0,0,0,0,0,0,0,0,0,0,0.0,0.0,0.0,0,,644.0,Deserto absoluto,False
2304608,230460,General Sampaio - CE,CE,Ceará,589,294.5,0,0,0,0,0,0,0,0,0,0,0,0,0,0,0,0,0,0.0,0.0,0.0,0,,294.5,Deserto absoluto,False
2304657,230465,Graça - CE,CE,Ceará,1400,700.0,0,0,0,0,0,0,0,0,0,0,0,0,0,0,0,0,0,0.0,0.0,0.0,0,,700.0,Deserto absoluto,False
2304707,230470,Granja - CE,CE,Ceará,4389,2194.5,0,0,0,254,242,0,0,0,0,0,3,0,0,0,0,0,0,0.0,0.0,0.0,0,,2194.5,Deserto absoluto,False
2304806,230480,Granjeiro - CE,CE,Ceará,471,235.5,0,0,0,0,0,0,0,0,0,0,0,0,0,0,0,0,0,0.0,0.0,0.0,0,,235.5,Deserto absoluto,False
2304905,230490,Groaíras - CE,CE,Ceará,1180,590.0,0,0,0,0,0,0,0,0,0,0,0,0,0,0,0,0,0,0.0,0.0,0.0,0,,590.0,Deserto absoluto,False
2304954,230495,Guaiúba - CE,CE,Ceará,2168,1084.0,0,0,0,347,100,100,0,0,0,3,1,0,0,0,0,0,0,0.0,0.0,0.0,0,,1084.0,Deserto absoluto,False
2305001,230500,Guaraciaba do Norte - CE,CE,Ceará,3851,1925.5,2,2,0,0,0,0,0,0,0,0,0,0,0,0,0,0,0,0.0,0.0,0.0,10138,1.0,1925.5,Deserto funcional,True
2305100,230510,Guaramiranga - CE,CE,Ceará,532,266.0,0,0,0,0,0,0,0,0,0,0,0,0,0,0,0,0,0,0.0,0.0,0.0,0,,266.0,Deserto absoluto,False
2305209,230520,Hidrolândia - CE,CE,Ceará,1842,921.0,0,0,0,0,0,0,0,0,0,0,0,0,0,0,0,0,0,0.0,0.0,0.0,0,,921.0,Deserto absoluto,False
2305233,230523,Horizonte - CE,CE,Ceará,6079,3039.5,1,1,0,0,0,0,0,926,0,0,0,0,0,3,926,3,929,464.5,0.1523,0.1528,5069,0.9084,2575.0,Deserto funcional,True
2305266,230526,Ibaretama - CE,CE,Ceará,1161,580.5,2,2,0,0,0,0,0,0,0,0,0,0,0,0,0,0,0,0.0,0.0,0.0,10138,1.0,580.5,Deserto funcional,True
2305308,230530,Ibiapina - CE,CE,Ceará,2324,1162.0,0,0,0,0,0,0,0,0,0,0,0,0,0,0,0,0,0,0.0,0.0,0.0,0,,1162.0,Deserto absoluto,False
2305332,230533,Ibicuitinga - CE,CE,Ceará,1123,561.5,0,0,0,0,0,0,0,0,0,0,0,0,0,0,0,0,0,0.0,0.0,0.0,0,,561.5,Deserto absoluto,False
2305357,230535,Icapuí - CE,CE,Ceará,2085,1042.5,0,0,0,0,0,0,0,0,0,0,0,0,0,0,0,0,0,0.0,0.0,0.0,0,,1042.5,Deserto absoluto,False
2305407,230540,Icó - CE,CE,Ceará,6839,3419.5,2,2,923,1476,2045,2356,2021,2739,31,46,45,43,35,45,4760,80,4840,2420.0,0.696,0.7077,10138,0.7613,999.5,Adequado,True
2305506,230550,Iguatu - CE,CE,Ceará,10667,5333.5,6,4,1604,2939,2821,5339,3389,5854,53,88,79,136,67,145,9243,212,9455,4727.5,0.8665,0.8864,20276,0.7668,606.0,Adequado,True
2305605,230560,Independência - CE,CE,Ceará,2677,1338.5,0,0,0,0,0,0,0,0,0,0,0,0,0,0,0,0,0,0.0,0.0,0.0,0,,1338.5,Deserto absoluto,False
2305654,230565,Ipaporanga - CE,CE,Ceará,1345,672.5,0,0,0,0,0,0,0,0,0,0,0,0,0,0,0,0,0,0.0,0.0,0.0,0,,672.5,Deserto absoluto,False
2305704,230570,Ipaumirim - CE,CE,Ceará,1205,602.5,0,0,0,0,0,0,0,0,0,0,0,0,0,0,0,0,0,0.0,0.0,0.0,0,,602.5,Deserto absoluto,False
2305803,230580,Ipu - CE,CE,Ceará,4041,2020.5,2,2,623,326,437,405,537,587,10,8,6,1,3,2,1124,5,1129,564.5,0.2781,0.2794,10138,0.9443,1456.0,Deserto funcional,True
2305902,230590,Ipueiras - CE,CE,Ceará,3940,1970.0,0,0,0,0,0,0,0,0,0,0,0,0,0,0,0,0,0,0.0,0.0,0.0,0,,1970.0,Deserto absoluto,False
2306009,230600,Iracema - CE,CE,Ceará,1532,766.0,0,0,0,0,0,0,0,0,0,0,0,0,0,0,0,0,0,0.0,0.0,0.0,0,,766.0,Deserto absoluto,False
2306108,230610,Irauçuba - CE,CE,Ceará,1988,994.0,0,0,0,0,0,0,0,0,0,0,0,0,0,0,0,0,0,0.0,0.0,0.0,0,,994.0,Deserto absoluto,False
2306207,230620,Itaiçaba - CE,CE,Ceará,878,439.0,0,0,0,0,0,0,0,0,0,0,0,0,0,0,0,0,0,0.0,0.0,0.0,0,,439.0,Deserto absoluto,False
2306256,230625,Itaitinga - CE,CE,Ceará,4337,2168.5,1,1,0,231,141,279,669,547,0,0,0,1,1,0,1216,1,1217,608.5,0.2804,0.2806,5069,0.88,1560.0,Deserto funcional,True
2306306,230630,Itapajé - CE,CE,Ceará,4200,2100.0,0,0,0,0,0,0,0,0,0,0,0,0,0,0,0,0,0,0.0,0.0,0.0,0,,2100.0,Deserto absoluto,False
2306405,230640,Itapipoca - CE,CE,Ceará,10667,5333.5,4,4,169,236,2558,1778,1376,2914,2,15,34,23,11,34,4290,45,4335,2167.5,0.4022,0.4064,20276,0.8931,3166.0,Intermediario,True
2306504,230650,Itapiúna - CE,CE,Ceará,1692,846.0,0,0,0,0,0,0,0,0,0,0,0,0,0,0,0,0,0,0.0,0.0,0.0,0,,846.0,Deserto absoluto,False
2306553,230655,Itarema - CE,CE,Ceará,3104,1552.0,0,0,0,0,135,0,0,0,0,0,1,0,0,0,0,0,0,0.0,0.0,0.0,0,,1552.0,Deserto absoluto,False
2306603,230660,Itatira - CE,CE,Ceará,1843,921.5,0,0,0,0,0,0,0,0,0,0,0,0,0,0,0,0,0,0.0,0.0,0.0,0,,921.5,Deserto absoluto,False
2306702,230670,Jaguaretama - CE,CE,Ceará,1897,948.5,0,0,78,78,0,206,0,157,1,1,0,2,0,2,157,2,159,79.5,0.0828,0.0838,0,,869.0,Deserto absoluto,False
2306801,230680,Jaguaribara - CE,CE,Ceará,1031,515.5,0,0,74,0,0,0,0,0,1,0,0,0,0,0,0,0,0,0.0,0.0,0.0,0,,515.5,Deserto absoluto,False
2306900,230690,Jaguaribe - CE,CE,Ceará,3781,1890.5,1,1,0,204,0,255,1173,594,0,0,0,0,4,8,1767,12,1779,889.5,0.4673,0.4705,5069,0.8245,1001.0,Intermediario,True
2307007,230700,Jaguaruana - CE,CE,Ceará,3336,1668.0,0,0,0,294,0,0,0,0,0,0,0,0,0,0,0,0,0,0.0,0.0,0.0,0,,1668.0,Deserto absoluto,False
2307106,230710,Jardim - CE,CE,Ceará,2454,1227.0,0,0,0,0,0,0,0,0,0,0,0,0,0,0,0,0,0,0.0,0.0,0.0,0,,1227.0,Deserto absoluto,False
2307205,230720,Jati - CE,CE,Ceará,792,396.0,0,0,0,0,0,0,0,0,0,0,0,0,0,0,0,0,0,0.0,0.0,0.0,0,,396.0,Deserto absoluto,False
2307254,230725,Jijoca de Jericoacoara - CE,CE,Ceará,1808,904.0,0,0,0,0,0,0,0,128,0,0,0,0,0,1,128,1,129,64.5,0.0708,0.0713,0,,839.5,Deserto absoluto,False
2307304,230730,Juazeiro do Norte - CE,CE,Ceará,26143,13071.5,12,12,1517,2141,2898,2915,4177,1232,40,28,24,31,21,8,5409,29,5438,2719.0,0.2069,0.208,60828,0.9553,10352.5,Deserto funcional,True
2307403,230740,Jucás - CE,CE,Ceará,2512,1256.0,0,0,0,0,0,0,0,0,0,0,0,0,0,0,0,0,0,0.0,0.0,0.0,0,,1256.0,Deserto absoluto,False
2307502,230750,Lavras da Mangabeira - CE,CE,Ceará,3285,1642.5,0,0,0,0,0,0,0,93,0,0,0,0,0,0,93,0,93,46.5,0.0283,0.0283,0,,1596.0,Deserto absoluto,False
2307601,230760,Limoeiro do Norte - CE,CE,Ceará,6693,3346.5,3,3,2208,2942,3139,4412,3949,3803,58,92,108,147,127,105,7752,232,7984,3992.0,1.1582,1.1929,15207,0.7375,-645.5,Adequado,False
2307635,230763,Madalena - CE,CE,Ceará,1627,813.5,0,0,0,0,0,0,0,0,0,0,0,0,0,0,0,0,0,0.0,0.0,0.0,0,,813.5,Deserto absoluto,False
2307650,230765,Maracanaú - CE,CE,Ceará,23124,11562.0,9,9,3305,5360,6655,8660,9029,9433,12,15,24,50,128,181,18462,309,18771,9385.5,0.7984,0.8118,45621,0.7943,2176.5,Adequado,True
2307700,230770,Maranguape - CE,CE,Ceará,10478,5239.0,1,1,932,411,233,0,0,0,5,3,7,0,0,0,0,0,0,0.0,0.0,0.0,5069,1.0,5239.0,Deserto funcional,True
2307809,230780,Marco - CE,CE,Ceará,1983,991.5,0,0,0,0,0,0,0,0,0,0,0,0,0,0,0,0,0,0.0,0.0,0.0,0,,991.5,Deserto absoluto,False
2307908,230790,Martinópole - CE,CE,Ceará,904,452.0,0,0,0,125,0,0,0,43,0,0,0,0,0,0,43,0,43,21.5,0.0476,0.0476,0,,430.5,Deserto absoluto,False
2308005,230800,Massapê - CE,CE,Ceará,3266,1633.0,0,0,0,0,306,230,0,0,0,0,2,1,0,0,0,0,0,0.0,0.0,0.0,0,,1633.0,Deserto absoluto,False
2308104,230810,Mauriti - CE,CE,Ceará,4248,2124.0,0,0,133,158,0,0,237,0,1,0,0,0,0,0,237,0,237,118.5,0.0558,0.0558,0,,2005.5,Deserto absoluto,False
2308203,230820,Meruoca - CE,CE,Ceará,1366,683.0,0,0,0,0,156,0,0,0,0,0,1,0,0,0,0,0,0,0.0,0.0,0.0,0,,683.0,Deserto absoluto,False
2308302,230830,Milagres - CE,CE,Ceará,2730,1365.0,0,0,0,0,0,0,0,0,0,0,0,0,0,0,0,0,0,0.0,0.0,0.0,0,,1365.0,Deserto absoluto,False
2308351,230835,Milhã - CE,CE,Ceará,1518,759.0,0,0,0,0,159,0,0,154,0,0,0,0,0,2,154,2,156,78.0,0.1014,0.1028,0,,681.0,Deserto absoluto,False
2308377,230837,Miraíma - CE,CE,Ceará,1151,575.5,0,0,0,0,0,0,0,0,0,0,0,0,0,0,0,0,0,0.0,0.0,0.0,0,,575.5,Deserto absoluto,False
2308401,230840,Missão Velha - CE,CE,Ceará,3238,1619.0,0,0,0,0,0,0,0,0,0,0,0,0,0,0,0,0,0,0.0,0.0,0.0,0,,1619.0,Deserto absoluto,False
2308500,230850,Mombaça - CE,CE,Ceará,3984,1992.0,0,0,0,0,0,78,0,0,0,0,0,0,0,0,0,0,0,0.0,0.0,0.0,0,,1992.0,Deserto absoluto,False
2308609,230860,Monsenhor Tabosa - CE,CE,Ceará,1747,873.5,0,0,0,0,0,0,0,0,0,0,0,0,0,0,0,0,0,0.0,0.0,0.0,0,,873.5,Deserto absoluto,False
2308708,230870,Morada Nova - CE,CE,Ceará,6668,3334.0,0,0,0,0,0,0,0,0,0,0,0,0,0,0,0,0,0,0.0,0.0,0.0,0,,3334.0,Deserto absoluto,False
2308807,230880,Moraújo - CE,CE,Ceará,694,347.0,0,0,0,236,0,0,0,286,0,0,0,0,0,0,286,0,286,143.0,0.4121,0.4121,0,,204.0,Deserto absoluto,False
2308906,230890,Morrinhos - CE,CE,Ceará,1790,895.0,0,0,0,63,0,0,0,0,0,1,0,0,0,0,0,0,0,0.0,0.0,0.0,0,,895.0,Deserto absoluto,False
2309003,230900,Mucambo - CE,CE,Ceará,1566,783.0,0,0,0,153,0,0,0,0,0,2,0,0,0,0,0,0,0,0.0,0.0,0.0,0,,783.0,Deserto absoluto,False
2309102,230910,Mulungu - CE,CE,Ceará,978,489.0,0,0,0,0,0,0,0,0,0,0,0,0,0,0,0,0,0,0.0,0.0,0.0,0,,489.0,Deserto absoluto,False
2309201,230920,Nova Olinda - CE,CE,Ceará,1316,658.0,0,0,0,0,0,0,0,0,0,0,0,0,0,0,0,0,0,0.0,0.0,0.0,0,,658.0,Deserto absoluto,False
2309300,230930,Nova Russas - CE,CE,Ceará,3351,1675.5,0,0,0,0,0,0,0,0,0,0,0,0,0,0,0,0,0,0.0,0.0,0.0,0,,1675.5,Deserto absoluto,False
2309409,230940,Novo Oriente - CE,CE,Ceará,3048,1524.0,0,0,0,0,270,0,0,0,0,0,2,0,0,0,0,0,0,0.0,0.0,0.0,0,,1524.0,Deserto absoluto,False
2309458,230945,Ocara - CE,CE,Ceará,2552,1276.0,0,0,0,0,0,0,0,0,0,0,0,0,0,0,0,0,0,0.0,0.0,0.0,0,,1276.0,Deserto absoluto,False
2309508,230950,Orós - CE,CE,Ceará,2457,1228.5,0,0,0,0,0,0,0,0,0,0,0,0,0,0,0,0,0,0.0,0.0,0.0,0,,1228.5,Deserto absoluto,False
2309607,230960,Pacajus - CE,CE,Ceará,6364,3182.0,2,2,458,64,3751,2927,4883,3823,9,7,47,70,53,85,8706,138,8844,4422.0,1.368,1.3897,10138,0.5638,-1240.0,Adequado,False
2309706,230970,Pacatuba - CE,CE,Ceará,7382,3691.0,0,0,0,0,0,0,0,0,0,0,0,0,0,0,0,0,0,0.0,0.0,0.0,0,,3691.0,Deserto absoluto,False
2309805,230980,Pacoti - CE,CE,Ceará,1136,568.0,0,0,0,0,0,0,0,0,0,0,0,0,0,0,0,0,0,0.0,0.0,0.0,0,,568.0,Deserto absoluto,False
2309904,230990,Pacujá - CE,CE,Ceará,701,350.5,0,0,0,0,0,0,0,0,0,0,0,0,0,0,0,0,0,0.0,0.0,0.0,0,,350.5,Deserto absoluto,False
2310001,231000,Palhano - CE,CE,Ceará,1014,507.0,0,0,0,0,0,0,0,0,0,0,0,0,0,0,0,0,0,0.0,0.0,0.0,0,,507.0,Deserto absoluto,False
2310100,231010,Palmácia - CE,CE,Ceará,1006,503.0,0,0,0,0,0,0,0,0,0,0,0,0,0,0,0,0,0,0.0,0.0,0.0,0,,503.0,Deserto absoluto,False
2310209,231020,Paracuru - CE,CE,Ceará,3704,1852.0,0,0,0,0,0,0,0,0,0,0,0,0,0,0,0,0,0,0.0,0.0,0.0,0,,1852.0,Deserto absoluto,False
2310258,231025,Paraipaba - CE,CE,Ceará,2968,1484.0,0,0,0,138,0,0,0,0,0,0,0,0,0,0,0,0,0,0.0,0.0,0.0,0,,1484.0,Deserto absoluto,False
2310308,231030,Parambu - CE,CE,Ceará,3455,1727.5,2,2,0,0,0,0,0,0,0,0,0,0,0,0,0,0,0,0.0,0.0,0.0,10138,1.0,1727.5,Deserto funcional,True
2310407,231040,Paramoti - CE,CE,Ceará,1038,519.0,0,0,0,0,0,0,0,0,0,0,0,0,0,0,0,0,0,0.0,0.0,0.0,0,,519.0,Deserto absoluto,False
2310506,231050,Pedra Branca - CE,CE,Ceará,4143,2071.5,0,0,0,0,0,0,0,352,0,0,0,0,0,4,352,4,356,178.0,0.085,0.0859,0,,1893.5,Deserto absoluto,False
2310605,231060,Penaforte - CE,CE,Ceará,828,414.0,0,0,0,0,0,0,0,0,0,0,0,0,0,0,0,0,0,0.0,0.0,0.0,0,,414.0,Deserto absoluto,False
2310704,231070,Pentecoste - CE,CE,Ceará,3664,1832.0,0,0,185,154,0,147,0,0,0,0,0,0,0,0,0,0,0,0.0,0.0,0.0,0,,1832.0,Deserto absoluto,False
2310803,231080,Pereiro - CE,CE,Ceará,1599,799.5,0,0,0,0,0,78,81,0,0,0,0,0,0,0,81,0,81,40.5,0.0507,0.0507,0,,759.0,Deserto absoluto,False
2310852,231085,Pindoretama - CE,CE,Ceará,2282,1141.0,0,0,0,85,312,111,0,0,0,0,1,0,0,0,0,0,0,0.0,0.0,0.0,0,,1141.0,Deserto absoluto,False
2310902,231090,Piquet Carneiro - CE,CE,Ceará,1767,883.5,0,0,0,0,0,0,0,0,0,0,0,0,0,0,0,0,0,0.0,0.0,0.0,0,,883.5,Deserto absoluto,False
2310951,231095,Pires Ferreira - CE,CE,Ceará,1035,517.5,0,0,0,0,0,0,0,0,0,0,0,0,0,0,0,0,0,0.0,0.0,0.0,0,,517.5,Deserto absoluto,False
2311009,231100,Poranga - CE,CE,Ceará,1192,596.0,0,0,0,0,0,0,0,0,0,0,0,0,0,0,0,0,0,0.0,0.0,0.0,0,,596.0,Deserto absoluto,False
2311108,231110,Porteiras - CE,CE,Ceará,1522,761.0,0,0,0,0,0,0,0,0,0,0,0,0,0,0,0,0,0,0.0,0.0,0.0,0,,761.0,Deserto absoluto,False
2311207,231120,Potengi - CE,CE,Ceará,915,457.5,0,0,0,0,0,0,0,0,0,0,0,0,0,0,0,0,0,0.0,0.0,0.0,0,,457.5,Deserto absoluto,False
2311231,231123,Potiretama - CE,CE,Ceará,596,298.0,0,0,0,0,0,0,0,0,0,0,0,0,0,0,0,0,0,0.0,0.0,0.0,0,,298.0,Deserto absoluto,False
2311264,231126,Quiterianópolis - CE,CE,Ceará,2153,1076.5,0,0,0,155,155,0,0,0,0,0,1,0,0,0,0,0,0,0.0,0.0,0.0,0,,1076.5,Deserto absoluto,False
2311306,231130,Quixadá - CE,CE,Ceará,8054,4027.0,4,4,108,335,2349,3592,3268,4207,5,3,116,164,234,160,7475,394,7869,3934.5,0.9281,0.977,20276,0.806,92.5,Adequado,True
2311355,231135,Quixelô - CE,CE,Ceará,1822,911.0,0,0,0,0,0,0,0,0,0,0,0,0,0,0,0,0,0,0.0,0.0,0.0,0,,911.0,Deserto absoluto,False
2311405,231140,Quixeramobim - CE,CE,Ceará,8064,4032.0,1,1,0,0,0,0,0,0,0,0,0,0,0,0,0,0,0,0.0,0.0,0.0,5069,1.0,4032.0,Deserto funcional,True
2311504,231150,Quixeré - CE,CE,Ceará,2083,1041.5,0,0,0,0,0,0,0,0,0,0,0,0,0,0,0,0,0,0.0,0.0,0.0,0,,1041.5,Deserto absoluto,False
2311603,231160,Redenção - CE,CE,Ceará,2782,1391.0,0,0,252,0,0,0,0,0,1,0,0,0,0,0,0,0,0,0.0,0.0,0.0,0,,1391.0,Deserto absoluto,False
2311702,231170,Reriutaba - CE,CE,Ceará,1837,918.5,0,0,0,144,0,0,0,0,0,1,0,0,0,0,0,0,0,0.0,0.0,0.0,0,,918.5,Deserto absoluto,False
2311801,231180,Russas - CE,CE,Ceará,7502,3751.0,5,5,2974,3577,4606,5937,2932,3700,64,80,66,83,45,38,6632,83,6715,3357.5,0.884,0.8951,25345,0.8675,393.5,Adequado,True
2311900,231190,Saboeiro - CE,CE,Ceará,1518,759.0,0,0,0,0,0,0,0,0,0,0,0,0,0,0,0,0,0,0.0,0.0,0.0,0,,759.0,Deserto absoluto,False
2311959,231195,Salitre - CE,CE,Ceará,1361,680.5,0,0,0,0,0,0,0,0,0,0,0,0,0,0,0,0,0,0.0,0.0,0.0,0,,680.5,Deserto absoluto,False
2312007,231200,Santana do Acaraú - CE,CE,Ceará,2552,1276.0,0,0,0,0,0,71,0,0,0,0,0,0,0,0,0,0,0,0.0,0.0,0.0,0,,1276.0,Deserto absoluto,False
2312106,231210,Santana do Cariri - CE,CE,Ceará,1564,782.0,0,0,0,0,0,0,0,0,0,0,0,0,0,0,0,0,0,0.0,0.0,0.0,0,,782.0,Deserto absoluto,False
2312205,231220,Santa Quitéria - CE,CE,Ceará,4146,2073.0,0,0,0,0,0,0,0,0,0,0,0,0,0,0,0,0,0,0.0,0.0,0.0,0,,2073.0,Deserto absoluto,False
2312304,231230,São Benedito - CE,CE,Ceará,4237,2118.5,1,1,0,0,0,0,0,0,0,0,0,0,0,0,0,0,0,0.0,0.0,0.0,5069,1.0,2118.5,Deserto funcional,True
2312403,231240,São Gonçalo do Amarante - CE,CE,Ceará,4521,2260.5,0,0,171,0,133,0,0,0,32,0,0,0,0,0,0,0,0,0.0,0.0,0.0,0,,2260.5,Deserto absoluto,False
2312502,231250,São João do Jaguaribe - CE,CE,Ceará,830,415.0,0,0,0,0,0,0,0,0,0,0,0,0,0,0,0,0,0,0.0,0.0,0.0,0,,415.0,Deserto absoluto,False
2312601,231260,São Luís do Curu - CE,CE,Ceará,1139,569.5,0,0,0,0,0,0,0,0,0,0,0,0,0,0,0,0,0,0.0,0.0,0.0,0,,569.5,Deserto absoluto,False
2312700,231270,Senador Pompeu - CE,CE,Ceará,2773,1386.5,0,0,0,286,0,0,0,287,0,1,0,0,0,3,287,3,290,145.0,0.1035,0.1046,0,,1241.5,Deserto absoluto,False
2312809,231280,Senador Sá - CE,CE,Ceará,599,299.5,0,0,0,112,0,0,0,0,0,0,0,0,0,0,0,0,0,0.0,0.0,0.0,0,,299.5,Deserto absoluto,False
2312908,231290,Sobral - CE,CE,Ceará,18636,9318.0,12,12,1538,2795,5661,5070,6123,5376,33,34,47,15,35,50,11499,85,11584,5792.0,0.617,0.6216,60828,0.9048,3526.0,Intermediario,True
2313005,231300,Solonópole - CE,CE,Ceará,2128,1064.0,0,0,78,75,65,0,0,0,0,0,0,0,0,0,0,0,0,0.0,0.0,0.0,0,,1064.0,Deserto absoluto,False
2313104,231310,Tabuleiro do Norte - CE,CE,Ceará,3660,1830.0,0,0,0,158,0,0,0,0,0,0,0,0,0,0,0,0,0,0.0,0.0,0.0,0,,1830.0,Deserto absoluto,False
2313203,231320,Tamboril - CE,CE,Ceará,2661,1330.5,0,0,302,0,0,79,154,231,0,0,0,0,0,0,385,0,385,192.5,0.1447,0.1447,0,,1138.0,Deserto absoluto,False
2313252,231325,Tarrafas - CE,CE,Ceará,843,421.5,0,0,0,0,0,0,0,0,0,0,0,0,0,0,0,0,0,0.0,0.0,0.0,0,,421.5,Deserto absoluto,False
2313302,231330,Tauá - CE,CE,Ceará,6505,3252.5,2,2,0,0,868,1966,2004,2158,0,0,20,47,51,240,4162,291,4453,2226.5,0.6398,0.6846,10138,0.7804,1026.0,Intermediario,True
2313351,231335,Tejuçuoca - CE,CE,Ceará,1396,698.0,0,0,0,0,0,0,0,0,0,0,0,0,0,0,0,0,0,0.0,0.0,0.0,0,,698.0,Deserto absoluto,False
2313401,231340,Tianguá - CE,CE,Ceará,6500,3250.0,1,1,922,2387,4134,4524,4520,5141,7,54,60,71,61,77,9661,138,9799,4899.5,1.4863,1.5075,5069,0.0334,-1649.5,Adequado,False
2313500,231350,Trairi - CE,CE,Ceará,4947,2473.5,0,0,0,0,0,0,0,0,0,0,0,0,0,0,0,0,0,0.0,0.0,0.0,0,,2473.5,Deserto absoluto,False
2313559,231355,Tururu - CE,CE,Ceará,1409,704.5,0,0,0,0,0,0,0,0,0,0,0,0,0,0,0,0,0,0.0,0.0,0.0,0,,704.5,Deserto absoluto,False
2313609,231360,Ubajara - CE,CE,Ceará,2892,1446.0,0,0,0,0,0,0,0,0,0,0,0,0,0,0,0,0,0,0.0,0.0,0.0,0,,1446.0,Deserto absoluto,False
2313708,231370,Umari - CE,CE,Ceará,761,380.5,0,0,0,0,0,0,0,0,0,0,0,0,0,0,0,0,0,0.0,0.0,0.0,0,,380.5,Deserto absoluto,False
2313757,231375,Umirim - CE,CE,Ceará,1482,741.0,0,0,0,0,0,0,0,0,0,0,0,0,0,0,0,0,0,0.0,0.0,0.0,0,,741.0,Deserto absoluto,False
2313807,231380,Uruburetama - CE,CE,Ceará,1680,840.0,0,0,0,0,87,0,0,0,0,0,0,0,0,0,0,0,0,0.0,0.0,0.0,0,,840.0,Deserto absoluto,False
2313906,231390,Uruoca - CE,CE,Ceará,1132,566.0,0,0,0,207,149,69,0,0,0,1,1,1,0,0,0,0,0,0.0,0.0,0.0,0,,566.0,Deserto absoluto,False
2313955,231395,Varjota - CE,CE,Ceará,1683,841.5,0,0,0,0,0,0,0,223,0,0,0,0,0,1,223,1,224,112.0,0.1325,0.1331,0,,729.5,Deserto absoluto,False
2314003,231400,Várzea Alegre - CE,CE,Ceará,4171,2085.5,0,0,0,230,511,597,806,1262,0,0,1,4,3,4,2068,7,2075,1037.5,0.4958,0.4975,0,,1048.0,Deserto absoluto,False
2314102,231410,Viçosa do Ceará - CE,CE,Ceará,4884,2442.0,0,0,0,0,0,0,0,0,0,0,0,0,0,0,0,0,0,0.0,0.0,0.0,0,,2442.0,Deserto absoluto,False
2400109,240010,Acari - RN,RN,Rio Grande do Norte,1270,635.0,0,0,0,88,0,0,0,0,0,2,0,0,0,0,0,0,0,0.0,0.0,0.0,0,,635.0,Deserto absoluto,False
2400208,240020,Assú - RN,RN,Rio Grande do Norte,5955,2977.5,0,0,1,0,0,0,0,0,0,0,0,0,0,0,0,0,0,0.0,0.0,0.0,0,,2977.5,Deserto absoluto,False
2400307,240030,Afonso Bezerra - RN,RN,Rio Grande do Norte,1116,558.0,0,0,0,0,0,0,0,0,0,0,0,0,0,0,0,0,0,0.0,0.0,0.0,0,,558.0,Deserto absoluto,False
2400406,240040,Água Nova - RN,RN,Rio Grande do Norte,283,141.5,0,0,0,0,0,0,0,0,0,0,0,0,0,0,0,0,0,0.0,0.0,0.0,0,,141.5,Deserto absoluto,False
2400505,240050,Alexandria - RN,RN,Rio Grande do Norte,1574,787.0,2,2,395,634,1297,675,770,644,9,13,28,12,22,19,1414,41,1455,727.5,0.8983,0.9244,10138,0.9282,59.5,Adequado,True
2400604,240060,Almino Afonso - RN,RN,Rio Grande do Norte,554,277.0,0,0,0,0,0,0,0,0,0,0,0,0,0,0,0,0,0,0.0,0.0,0.0,0,,277.0,Deserto absoluto,False
2400703,240070,Alto do Rodrigues - RN,RN,Rio Grande do Norte,1278,639.0,1,1,0,0,0,0,0,0,0,0,0,0,0,0,0,0,0,0.0,0.0,0.0,5069,1.0,639.0,Deserto funcional,True
2400802,240080,Angicos - RN,RN,Rio Grande do Norte,1327,663.5,0,0,0,0,0,0,0,0,0,0,0,0,0,0,0,0,0,0.0,0.0,0.0,0,,663.5,Deserto absoluto,False
2400901,240090,Antônio Martins - RN,RN,Rio Grande do Norte,746,373.0,0,0,0,0,0,0,0,0,0,0,0,0,0,0,0,0,0,0.0,0.0,0.0,0,,373.0,Deserto absoluto,False
2401008,240100,Apodi - RN,RN,Rio Grande do Norte,4188,2094.0,1,1,0,0,0,0,0,0,0,0,0,0,0,0,0,0,0,0.0,0.0,0.0,5069,1.0,2094.0,Deserto funcional,True
2401107,240110,Areia Branca - RN,RN,Rio Grande do Norte,2861,1430.5,1,1,0,0,0,0,0,0,0,0,0,0,0,0,0,0,0,0.0,0.0,0.0,5069,1.0,1430.5,Deserto funcional,True
2401206,240120,Arez - RN,RN,Rio Grande do Norte,1299,649.5,0,0,0,0,0,0,0,0,0,0,0,0,0,0,0,0,0,0.0,0.0,0.0,0,,649.5,Deserto absoluto,False
2401305,240130,Campo Grande - RN,RN,Rio Grande do Norte,992,496.0,0,0,0,0,0,0,0,0,0,0,0,0,0,0,0,0,0,0.0,0.0,0.0,0,,496.0,Deserto absoluto,False
2401404,240140,Baía Formosa - RN,RN,Rio Grande do Norte,867,433.5,0,0,100,0,0,0,0,0,1,0,0,0,0,0,0,0,0,0.0,0.0,0.0,0,,433.5,Deserto absoluto,False
2401453,240145,Baraúna - RN,RN,Rio Grande do Norte,2253,1126.5,0,0,0,0,0,0,0,0,0,0,0,0,0,0,0,0,0,0.0,0.0,0.0,0,,1126.5,Deserto absoluto,False
2401503,240150,Barcelona - RN,RN,Rio Grande do Norte,435,217.5,0,0,0,0,0,0,0,0,0,0,0,0,0,0,0,0,0,0.0,0.0,0.0,0,,217.5,Deserto absoluto,False
2401602,240160,Bento Fernandes - RN,RN,Rio Grande do Norte,451,225.5,0,0,0,0,0,0,0,0,0,0,0,0,0,0,0,0,0,0.0,0.0,0.0,0,,225.5,Deserto absoluto,False
2401651,240165,Bodó - RN,RN,Rio Grande do Norte,233,116.5,0,0,0,0,0,0,0,0,0,0,0,0,0,0,0,0,0,0.0,0.0,0.0,0,,116.5,Deserto absoluto,False
2401701,240170,Bom Jesus - RN,RN,Rio Grande do Norte,967,483.5,0,0,0,0,0,0,0,0,0,0,0,0,0,0,0,0,0,0.0,0.0,0.0,0,,483.5,Deserto absoluto,False
2401800,240180,Brejinho - RN,RN,Rio Grande do Norte,1142,571.0,0,0,0,0,0,79,0,0,0,0,0,0,0,0,0,0,0,0.0,0.0,0.0,0,,571.0,Deserto absoluto,False
2401859,240185,Caiçara do Norte - RN,RN,Rio Grande do Norte,539,269.5,0,0,0,0,0,0,0,0,0,0,0,0,0,0,0,0,0,0.0,0.0,0.0,0,,269.5,Deserto absoluto,False
2401909,240190,Caiçara do Rio do Vento - RN,RN,Rio Grande do Norte,328,164.0,0,0,0,0,0,0,0,0,0,0,0,0,0,0,0,0,0,0.0,0.0,0.0,0,,164.0,Deserto absoluto,False
2402006,240200,Caicó - RN,RN,Rio Grande do Norte,7425,3712.5,4,4,1767,2247,3042,3233,3343,3838,152,140,194,197,233,189,7181,422,7603,3801.5,0.9671,1.024,20276,0.8125,-89.0,Adequado,False
2402105,240210,Campo Redondo - RN,RN,Rio Grande do Norte,1041,520.5,0,0,0,0,0,0,0,0,0,0,0,0,0,0,0,0,0,0.0,0.0,0.0,0,,520.5,Deserto absoluto,False
2402204,240220,Canguaretama - RN,RN,Rio Grande do Norte,2664,1332.0,0,0,0,0,0,0,0,0,0,0,0,0,0,0,0,0,0,0.0,0.0,0.0,0,,1332.0,Deserto absoluto,False
2402303,240230,Caraúbas - RN,RN,Rio Grande do Norte,2280,1140.0,1,1,0,0,0,0,0,0,0,0,0,0,0,0,0,0,0,0.0,0.0,0.0,5069,1.0,1140.0,Deserto funcional,True
2402402,240240,Carnaúba dos Dantas - RN,RN,Rio Grande do Norte,830,415.0,1,1,0,0,0,0,0,0,0,0,0,0,0,0,0,0,0,0.0,0.0,0.0,5069,1.0,415.0,Deserto funcional,True
2402501,240250,Carnaubais - RN,RN,Rio Grande do Norte,983,491.5,0,0,0,0,0,0,0,0,0,0,0,0,0,0,0,0,0,0.0,0.0,0.0,0,,491.5,Deserto absoluto,False
2402600,240260,Ceará-Mirim - RN,RN,Rio Grande do Norte,7087,3543.5,2,2,0,0,0,0,0,0,0,0,0,0,0,0,0,0,0,0.0,0.0,0.0,10138,1.0,3543.5,Deserto funcional,True
2402709,240270,Cerro Corá - RN,RN,Rio Grande do Norte,1116,558.0,0,0,0,0,0,0,0,0,0,0,0,0,0,0,0,0,0,0.0,0.0,0.0,0,,558.0,Deserto absoluto,False
2402808,240280,Coronel Ezequiel - RN,RN,Rio Grande do Norte,511,255.5,0,0,0,0,0,0,0,0,0,0,0,0,0,0,0,0,0,0.0,0.0,0.0,0,,255.5,Deserto absoluto,False
2402907,240290,Coronel João Pessoa - RN,RN,Rio Grande do Norte,452,226.0,0,0,0,0,0,0,0,0,0,0,0,0,0,0,0,0,0,0.0,0.0,0.0,0,,226.0,Deserto absoluto,False
2403004,240300,Cruzeta - RN,RN,Rio Grande do Norte,967,483.5,0,0,0,0,0,0,0,0,0,0,0,0,0,0,0,0,0,0.0,0.0,0.0,0,,483.5,Deserto absoluto,False
2403103,240310,Currais Novos - RN,RN,Rio Grande do Norte,4979,2489.5,7,7,389,467,388,0,0,0,14,25,13,0,0,0,0,0,0,0.0,0.0,0.0,35483,1.0,2489.5,Deserto funcional,True
2403202,240320,Doutor Severiano - RN,RN,Rio Grande do Norte,761,380.5,0,0,0,0,0,0,0,0,0,0,0,0,0,0,0,0,0,0.0,0.0,0.0,0,,380.5,Deserto absoluto,False
2403251,240325,Parnamirim - RN,RN,Rio Grande do Norte,26803,13401.5,3,3,2252,3759,1738,3967,2922,3464,126,146,63,33,39,40,6386,79,6465,3232.5,0.2383,0.2412,15207,0.7874,10169.0,Deserto funcional,True
2403301,240330,Encanto - RN,RN,Rio Grande do Norte,656,328.0,0,0,0,0,0,0,0,0,0,0,0,0,0,0,0,0,0,0.0,0.0,0.0,0,,328.0,Deserto absoluto,False
2403400,240340,Equador - RN,RN,Rio Grande do Norte,556,278.0,0,0,0,0,0,0,0,0,0,0,0,0,0,0,0,0,0,0.0,0.0,0.0,0,,278.0,Deserto absoluto,False
2403509,240350,Espírito Santo - RN,RN,Rio Grande do Norte,987,493.5,0,0,0,0,0,0,0,0,0,0,0,0,0,0,0,0,0,0.0,0.0,0.0,0,,493.5,Deserto absoluto,False
2403608,240360,Extremoz - RN,RN,Rio Grande do Norte,4784,2392.0,0,0,0,0,0,0,0,0,0,0,0,0,0,0,0,0,0,0.0,0.0,0.0,0,,2392.0,Deserto absoluto,False
2403707,240370,Felipe Guerra - RN,RN,Rio Grande do Norte,745,372.5,0,0,0,0,0,0,0,0,0,0,0,0,0,0,0,0,0,0.0,0.0,0.0,0,,372.5,Deserto absoluto,False
2403756,240375,Fernando Pedroza - RN,RN,Rio Grande do Norte,314,157.0,0,0,0,0,74,0,0,0,0,0,2,0,0,0,0,0,0,0.0,0.0,0.0,0,,157.0,Deserto absoluto,False
2403806,240380,Florânia - RN,RN,Rio Grande do Norte,1091,545.5,0,0,0,76,143,75,0,0,0,0,0,0,0,0,0,0,0,0.0,0.0,0.0,0,,545.5,Deserto absoluto,False
2403905,240390,Francisco Dantas - RN,RN,Rio Grande do Norte,324,162.0,0,0,0,0,0,0,0,0,0,0,0,0,0,0,0,0,0,0.0,0.0,0.0,0,,162.0,Deserto absoluto,False
2404002,240400,Frutuoso Gomes - RN,RN,Rio Grande do Norte,474,237.0,0,0,0,0,0,0,0,0,0,0,0,0,0,0,0,0,0,0.0,0.0,0.0,0,,237.0,Deserto absoluto,False
2404101,240410,Galinhos - RN,RN,Rio Grande do Norte,191,95.5,0,0,0,0,0,0,0,0,0,0,0,0,0,0,0,0,0,0.0,0.0,0.0,0,,95.5,Deserto absoluto,False
2404200,240420,Goianinha - RN,RN,Rio Grande do Norte,2224,1112.0,1,1,0,0,0,0,0,0,0,0,0,0,0,0,0,0,0,0.0,0.0,0.0,5069,1.0,1112.0,Deserto funcional,True
2404309,240430,Governador Dix-Sept Rosado - RN,RN,Rio Grande do Norte,1293,646.5,0,0,0,0,0,0,0,0,0,0,0,0,0,0,0,0,0,0.0,0.0,0.0,0,,646.5,Deserto absoluto,False
2404408,240440,Grossos - RN,RN,Rio Grande do Norte,1133,566.5,0,0,0,0,0,0,0,0,0,0,0,0,0,0,0,0,0,0.0,0.0,0.0,0,,566.5,Deserto absoluto,False
2404507,240450,Guamaré - RN,RN,Rio Grande do Norte,1279,639.5,1,1,0,0,0,0,0,0,0,0,0,0,0,0,0,0,0,0.0,0.0,0.0,5069,1.0,639.5,Deserto funcional,True
2404606,240460,Ielmo Marinho - RN,RN,Rio Grande do Norte,1001,500.5,0,0,42,0,0,0,0,0,0,0,0,0,0,0,0,0,0,0.0,0.0,0.0,0,,500.5,Deserto absoluto,False
2404705,240470,Ipanguaçu - RN,RN,Rio Grande do Norte,1303,651.5,0,0,0,0,0,0,0,0,0,0,0,0,0,0,0,0,0,0.0,0.0,0.0,0,,651.5,Deserto absoluto,False
2404804,240480,Ipueira - RN,RN,Rio Grande do Norte,268,134.0,0,0,0,0,0,0,0,0,0,0,0,0,0,0,0,0,0,0.0,0.0,0.0,0,,134.0,Deserto absoluto,False
2404853,240485,Itajá - RN,RN,Rio Grande do Norte,659,329.5,0,0,0,0,0,0,0,0,0,0,0,0,0,0,0,0,0,0.0,0.0,0.0,0,,329.5,Deserto absoluto,False
2404903,240490,Itaú - RN,RN,Rio Grande do Norte,667,333.5,0,0,0,0,0,0,0,0,0,0,0,0,0,0,0,0,0,0.0,0.0,0.0,0,,333.5,Deserto absoluto,False
2405009,240500,Jaçanã - RN,RN,Rio Grande do Norte,809,404.5,0,0,0,0,0,0,0,0,0,0,0,0,0,0,0,0,0,0.0,0.0,0.0,0,,404.5,Deserto absoluto,False
2405108,240510,Jandaíra - RN,RN,Rio Grande do Norte,558,279.0,0,0,0,0,0,0,0,0,0,0,0,0,0,0,0,0,0,0.0,0.0,0.0,0,,279.0,Deserto absoluto,False
2405207,240520,Janduís - RN,RN,Rio Grande do Norte,528,264.0,0,0,0,0,0,0,0,0,0,0,0,0,0,0,0,0,0,0.0,0.0,0.0,0,,264.0,Deserto absoluto,False
2405306,240530,Januário Cicco - RN,RN,Rio Grande do Norte,844,422.0,0,0,0,0,0,0,0,73,0,0,0,0,0,0,73,0,73,36.5,0.0865,0.0865,0,,385.5,Deserto absoluto,False
2405405,240540,Japi - RN,RN,Rio Grande do Norte,500,250.0,0,0,0,0,0,0,0,0,0,0,0,0,0,0,0,0,0,0.0,0.0,0.0,0,,250.0,Deserto absoluto,False
2405504,240550,Jardim de Angicos - RN,RN,Rio Grande do Norte,233,116.5,0,0,0,52,0,0,0,0,0,0,0,0,0,0,0,0,0,0.0,0.0,0.0,0,,116.5,Deserto absoluto,False
2405603,240560,Jardim de Piranhas - RN,RN,Rio Grande do Norte,1428,714.0,0,0,0,0,0,0,0,0,0,0,0,0,0,0,0,0,0,0.0,0.0,0.0,0,,714.0,Deserto absoluto,False
2405702,240570,Jardim do Seridó - RN,RN,Rio Grande do Norte,1599,799.5,0,0,0,0,0,0,0,0,0,0,0,0,0,0,0,0,0,0.0,0.0,0.0,0,,799.5,Deserto absoluto,False
2405801,240580,João Câmara - RN,RN,Rio Grande do Norte,2778,1389.0,1,1,0,0,0,0,0,0,0,0,0,0,0,0,0,0,0,0.0,0.0,0.0,5069,1.0,1389.0,Deserto funcional,True
2405900,240590,João Dias - RN,RN,Rio Grande do Norte,215,107.5,0,0,0,0,0,0,0,0,0,0,0,0,0,0,0,0,0,0.0,0.0,0.0,0,,107.5,Deserto absoluto,False
2406007,240600,José da Penha - RN,RN,Rio Grande do Norte,716,358.0,0,0,0,0,0,0,0,0,0,0,0,0,0,0,0,0,0,0.0,0.0,0.0,0,,358.0,Deserto absoluto,False
2406106,240610,Jucurutu - RN,RN,Rio Grande do Norte,1974,987.0,0,0,0,0,217,324,154,464,0,0,9,0,0,1,618,1,619,309.5,0.3131,0.3136,0,,677.5,Deserto absoluto,False
2406155,240615,Jundiá - RN,RN,Rio Grande do Norte,325,162.5,0,0,0,0,0,0,0,0,0,0,0,0,0,0,0,0,0,0.0,0.0,0.0,0,,162.5,Deserto absoluto,False
2406205,240620,Lagoa d'Anta - RN,RN,Rio Grande do Norte,595,297.5,0,0,0,0,0,0,0,0,0,0,0,0,0,0,0,0,0,0.0,0.0,0.0,0,,297.5,Deserto absoluto,False
2406304,240630,Lagoa de Pedras - RN,RN,Rio Grande do Norte,689,344.5,0,0,0,0,0,0,0,0,0,0,0,0,0,0,0,0,0,0.0,0.0,0.0,0,,344.5,Deserto absoluto,False
2406403,240640,Lagoa de Velhos - RN,RN,Rio Grande do Norte,254,127.0,0,0,0,0,0,0,0,0,0,0,0,0,0,0,0,0,0,0.0,0.0,0.0,0,,127.0,Deserto absoluto,False
2406502,240650,Lagoa Nova - RN,RN,Rio Grande do Norte,1468,734.0,0,0,0,0,0,0,0,0,0,0,0,0,0,0,0,0,0,0.0,0.0,0.0,0,,734.0,Deserto absoluto,False
2406601,240660,Lagoa Salgada - RN,RN,Rio Grande do Norte,734,367.0,0,0,0,0,0,0,0,0,0,0,0,0,0,0,0,0,0,0.0,0.0,0.0,0,,367.0,Deserto absoluto,False
2406700,240670,Lajes - RN,RN,Rio Grande do Norte,1021,510.5,0,0,0,0,0,0,0,0,0,0,0,0,0,0,0,0,0,0.0,0.0,0.0,0,,510.5,Deserto absoluto,False
2406809,240680,Lajes Pintadas - RN,RN,Rio Grande do Norte,485,242.5,0,0,0,81,0,0,0,0,0,0,0,0,0,0,0,0,0,0.0,0.0,0.0,0,,242.5,Deserto absoluto,False
2406908,240690,Lucrécia - RN,RN,Rio Grande do Norte,370,185.0,0,0,0,0,0,0,0,0,0,0,0,0,0,0,0,0,0,0.0,0.0,0.0,0,,185.0,Deserto absoluto,False
2407005,240700,Luís Gomes - RN,RN,Rio Grande do Norte,918,459.0,0,0,0,0,0,0,0,0,0,0,0,0,0,0,0,0,0,0.0,0.0,0.0,0,,459.0,Deserto absoluto,False
2407104,240710,Macaíba - RN,RN,Rio Grande do Norte,7517,3758.5,2,2,0,0,0,0,0,0,0,0,0,0,0,0,0,0,0,0.0,0.0,0.0,10138,1.0,3758.5,Deserto funcional,True
2407203,240720,Macau - RN,RN,Rio Grande do Norte,3362,1681.0,0,0,0,0,0,0,0,0,0,0,0,0,0,0,0,0,0,0.0,0.0,0.0,0,,1681.0,Deserto absoluto,False
2407252,240725,Major Sales - RN,RN,Rio Grande do Norte,421,210.5,0,0,0,0,0,0,0,0,0,0,0,0,0,0,0,0,0,0.0,0.0,0.0,0,,210.5,Deserto absoluto,False
2407302,240730,Marcelino Vieira - RN,RN,Rio Grande do Norte,914,457.0,0,0,0,0,0,0,0,0,0,0,0,0,0,0,0,0,0,0.0,0.0,0.0,0,,457.0,Deserto absoluto,False
2407401,240740,Martins - RN,RN,Rio Grande do Norte,972,486.0,0,0,0,0,0,0,0,0,0,0,0,0,0,0,0,0,0,0.0,0.0,0.0,0,,486.0,Deserto absoluto,False
2407500,240750,Maxaranguape - RN,RN,Rio Grande do Norte,940,470.0,0,0,0,0,0,0,0,0,0,0,0,0,0,0,0,0,0,0.0,0.0,0.0,0,,470.0,Deserto absoluto,False
2407609,240760,Messias Targino - RN,RN,Rio Grande do Norte,469,234.5,0,0,0,0,0,0,0,0,0,0,0,0,0,0,0,0,0,0.0,0.0,0.0,0,,234.5,Deserto absoluto,False
2407708,240770,Montanhas - RN,RN,Rio Grande do Norte,1028,514.0,0,0,0,0,0,0,0,0,0,0,0,0,0,0,0,0,0,0.0,0.0,0.0,0,,514.0,Deserto absoluto,False
2407807,240780,Monte Alegre - RN,RN,Rio Grande do Norte,2104,1052.0,0,0,0,0,0,0,0,0,0,0,0,0,0,0,0,0,0,0.0,0.0,0.0,0,,1052.0,Deserto absoluto,False
2407906,240790,Monte das Gameleiras - RN,RN,Rio Grande do Norte,240,120.0,0,0,0,0,0,0,0,0,0,0,0,0,0,0,0,0,0,0.0,0.0,0.0,0,,120.0,Deserto absoluto,False
2408003,240800,Mossoró - RN,RN,Rio Grande do Norte,29516,14758.0,14,14,3017,5868,5722,10014,11109,12074,306,494,497,684,755,713,23183,1468,24651,12325.5,0.7854,0.8352,70966,0.8263,2432.5,Adequado,True
2408102,240810,Natal - RN,RN,Rio Grande do Norte,93714,46857.0,33,31,25218,33403,39782,42080,42547,42255,1143,1501,1335,1550,1884,2038,84802,3922,88724,44362.0,0.9049,0.9468,157139,0.7177,2495.0,Adequado,True
2408201,240820,Nísia Floresta - RN,RN,Rio Grande do Norte,2727,1363.5,0,0,0,0,0,0,0,0,0,0,0,0,0,0,0,0,0,0.0,0.0,0.0,0,,1363.5,Deserto absoluto,False
2408300,240830,Nova Cruz - RN,RN,Rio Grande do Norte,3376,1688.0,0,0,0,0,0,0,0,0,0,0,0,0,0,0,0,0,0,0.0,0.0,0.0,0,,1688.0,Deserto absoluto,False
2408409,240840,Olho d'Água do Borges - RN,RN,Rio Grande do Norte,489,244.5,0,0,0,0,0,0,0,0,0,0,0,0,0,0,0,0,0,0.0,0.0,0.0,0,,244.5,Deserto absoluto,False
2408508,240850,Ouro Branco - RN,RN,Rio Grande do Norte,586,293.0,0,0,0,0,0,0,0,0,0,0,0,0,0,0,0,0,0,0.0,0.0,0.0,0,,293.0,Deserto absoluto,False
2408607,240860,Paraná - RN,RN,Rio Grande do Norte,405,202.5,0,0,0,0,0,0,0,0,0,0,0,0,0,0,0,0,0,0.0,0.0,0.0,0,,202.5,Deserto absoluto,False
2408706,240870,Paraú - RN,RN,Rio Grande do Norte,420,210.0,0,0,0,0,0,0,0,0,0,0,0,0,0,0,0,0,0,0.0,0.0,0.0,0,,210.0,Deserto absoluto,False
2408805,240880,Parazinho - RN,RN,Rio Grande do Norte,384,192.0,0,0,0,0,0,0,0,0,0,0,0,0,0,0,0,0,0,0.0,0.0,0.0,0,,192.0,Deserto absoluto,False
2408904,240890,Parelhas - RN,RN,Rio Grande do Norte,2231,1115.5,1,1,0,0,0,0,0,0,0,0,0,0,0,0,0,0,0,0.0,0.0,0.0,5069,1.0,1115.5,Deserto funcional,True
2408953,240895,Rio do Fogo - RN,RN,Rio Grande do Norte,846,423.0,0,0,0,0,0,0,0,0,0,0,0,0,0,0,0,0,0,0.0,0.0,0.0,0,,423.0,Deserto absoluto,False
2409100,240910,Passa e Fica - RN,RN,Rio Grande do Norte,1063,531.5,0,0,0,80,0,0,0,0,0,0,0,0,0,0,0,0,0,0.0,0.0,0.0,0,,531.5,Deserto absoluto,False
2409209,240920,Passagem - RN,RN,Rio Grande do Norte,284,142.0,0,0,0,0,0,0,0,0,0,0,0,0,0,0,0,0,0,0.0,0.0,0.0,0,,142.0,Deserto absoluto,False
2409308,240930,Patu - RN,RN,Rio Grande do Norte,1249,624.5,0,0,0,0,0,0,0,0,0,0,0,0,0,0,0,0,0,0.0,0.0,0.0,0,,624.5,Deserto absoluto,False
2409332,240933,Santa Maria - RN,RN,Rio Grande do Norte,451,225.5,0,0,0,0,0,0,0,0,0,0,0,0,0,0,0,0,0,0.0,0.0,0.0,0,,225.5,Deserto absoluto,False
2409407,240940,Pau dos Ferros - RN,RN,Rio Grande do Norte,3281,1640.5,4,4,1310,2042,2735,3319,3707,4569,341,339,185,194,148,165,8276,313,8589,4294.5,2.5224,2.6178,20276,0.7882,-2654.0,Adequado,False
2409506,240950,Pedra Grande - RN,RN,Rio Grande do Norte,283,141.5,0,0,0,0,0,0,0,0,0,0,0,0,0,0,0,0,0,0.0,0.0,0.0,0,,141.5,Deserto absoluto,False
2409605,240960,Pedra Preta - RN,RN,Rio Grande do Norte,238,119.0,0,0,0,0,0,0,0,0,0,0,0,0,0,0,0,0,0,0.0,0.0,0.0,0,,119.0,Deserto absoluto,False
2409704,240970,Pedro Avelino - RN,RN,Rio Grande do Norte,611,305.5,1,1,0,0,0,0,0,0,0,0,0,0,0,0,0,0,0,0.0,0.0,0.0,5069,1.0,305.5,Deserto funcional,True
2409803,240980,Pedro Velho - RN,RN,Rio Grande do Norte,1301,650.5,0,0,0,0,0,0,0,0,0,0,0,0,0,0,0,0,0,0.0,0.0,0.0,0,,650.5,Deserto absoluto,False
2409902,240990,Pendências - RN,RN,Rio Grande do Norte,1335,667.5,0,0,0,155,308,0,0,0,0,0,1,0,0,0,0,0,0,0.0,0.0,0.0,0,,667.5,Deserto absoluto,False
2410009,241000,Pilões - RN,RN,Rio Grande do Norte,332,166.0,0,0,0,0,75,79,98,135,0,0,0,0,0,0,233,0,233,116.5,0.7018,0.7018,0,,49.5,Deserto absoluto,False
2410108,241010,Poço Branco - RN,RN,Rio Grande do Norte,1058,529.0,0,0,0,0,0,0,0,0,0,0,0,0,0,0,0,0,0,0.0,0.0,0.0,0,,529.0,Deserto absoluto,False
2410207,241020,Portalegre - RN,RN,Rio Grande do Norte,942,471.0,0,0,0,0,0,0,0,0,0,0,0,0,0,0,0,0,0,0.0,0.0,0.0,0,,471.0,Deserto absoluto,False
2410256,241025,Porto do Mangue - RN,RN,Rio Grande do Norte,505,252.5,0,0,0,0,0,0,0,0,0,0,0,0,0,0,0,0,0,0.0,0.0,0.0,0,,252.5,Deserto absoluto,False
2410306,241030,Serra Caiada - RN,RN,Rio Grande do Norte,855,427.5,0,0,0,0,0,0,0,0,0,0,0,0,0,0,0,0,0,0.0,0.0,0.0,0,,427.5,Deserto absoluto,False
2410405,241040,Pureza - RN,RN,Rio Grande do Norte,804,402.0,0,0,0,0,0,0,0,0,0,0,0,0,0,0,0,0,0,0.0,0.0,0.0,0,,402.0,Deserto absoluto,False
2410504,241050,Rafael Fernandes - RN,RN,Rio Grande do Norte,579,289.5,0,0,0,0,0,0,0,0,0,0,0,0,0,0,0,0,0,0.0,0.0,0.0,0,,289.5,Deserto absoluto,False
2410603,241060,Rafael Godeiro - RN,RN,Rio Grande do Norte,340,170.0,0,0,0,0,0,0,0,0,0,0,0,0,0,0,0,0,0,0.0,0.0,0.0,0,,170.0,Deserto absoluto,False
2410702,241070,Riacho da Cruz - RN,RN,Rio Grande do Norte,284,142.0,0,0,0,71,0,0,0,0,0,0,0,0,0,0,0,0,0,0.0,0.0,0.0,0,,142.0,Deserto absoluto,False
2410801,241080,Riacho de Santana - RN,RN,Rio Grande do Norte,482,241.0,0,0,0,0,0,0,0,0,0,0,0,0,0,0,0,0,0,0.0,0.0,0.0,0,,241.0,Deserto absoluto,False
2410900,241090,Riachuelo - RN,RN,Rio Grande do Norte,680,340.0,0,0,0,0,0,0,0,0,0,0,0,0,0,0,0,0,0,0.0,0.0,0.0,0,,340.0,Deserto absoluto,False
2411007,241100,Rodolfo Fernandes - RN,RN,Rio Grande do Norte,502,251.0,0,0,0,0,0,0,0,0,0,0,0,0,0,0,0,0,0,0.0,0.0,0.0,0,,251.0,Deserto absoluto,False
2411056,241105,Tibau - RN,RN,Rio Grande do Norte,548,274.0,0,0,0,70,0,0,0,0,0,0,0,0,0,0,0,0,0,0.0,0.0,0.0,0,,274.0,Deserto absoluto,False
2411106,241110,Ruy Barbosa - RN,RN,Rio Grande do Norte,321,160.5,0,0,0,0,0,0,0,0,0,0,0,0,0,0,0,0,0,0.0,0.0,0.0,0,,160.5,Deserto absoluto,False
2411205,241120,Santa Cruz - RN,RN,Rio Grande do Norte,3667,1833.5,1,1,602,1056,1317,2318,1823,2738,18,18,27,27,20,14,4561,34,4595,2297.5,1.2438,1.2531,5069,0.5468,-464.0,Adequado,False
2411403,241140,Santana do Matos - RN,RN,Rio Grande do Norte,1468,734.0,0,0,0,0,0,0,0,0,0,0,0,0,0,0,0,0,0,0.0,0.0,0.0,0,,734.0,Deserto absoluto,False
2411429,241142,Santana do Seridó - RN,RN,Rio Grande do Norte,277,138.5,0,0,0,0,0,0,0,0,0,0,0,0,0,0,0,0,0,0.0,0.0,0.0,0,,138.5,Deserto absoluto,False
2411502,241150,Santo Antônio - RN,RN,Rio Grande do Norte,2108,1054.0,1,1,0,0,0,0,0,0,0,0,0,0,0,0,0,0,0,0.0,0.0,0.0,5069,1.0,1054.0,Deserto funcional,True
2411601,241160,São Bento do Norte - RN,RN,Rio Grande do Norte,283,141.5,0,0,0,0,0,0,0,0,0,0,0,0,0,0,0,0,0,0.0,0.0,0.0,0,,141.5,Deserto absoluto,False
2411700,241170,São Bento do Trairí - RN,RN,Rio Grande do Norte,388,194.0,0,0,0,0,0,0,0,0,0,0,0,0,0,0,0,0,0,0.0,0.0,0.0,0,,194.0,Deserto absoluto,False
2411809,241180,São Fernando - RN,RN,Rio Grande do Norte,430,215.0,0,0,0,0,0,0,0,0,0,0,0,0,0,0,0,0,0,0.0,0.0,0.0,0,,215.0,Deserto absoluto,False
2411908,241190,São Francisco do Oeste - RN,RN,Rio Grande do Norte,474,237.0,0,0,0,0,0,0,0,0,0,0,0,0,0,0,0,0,0,0.0,0.0,0.0,0,,237.0,Deserto absoluto,False
2412005,241200,São Gonçalo do Amarante - RN,RN,Rio Grande do Norte,10304,5152.0,6,6,992,1169,1360,1291,1428,1808,17,122,92,15,15,85,3236,100,3336,1668.0,0.3141,0.3238,30414,0.9452,3484.0,Intermediario,True
2412104,241210,São João do Sabugi - RN,RN,Rio Grande do Norte,739,369.5,0,0,0,0,0,0,0,0,0,0,0,0,0,0,0,0,0,0.0,0.0,0.0,0,,369.5,Deserto absoluto,False
2412203,241220,São José de Mipibu - RN,RN,Rio Grande do Norte,4236,2118.0,1,1,0,0,0,2005,1397,2013,0,0,0,43,31,24,3410,55,3465,1732.5,0.805,0.818,5069,0.6582,385.5,Adequado,True
2412302,241230,São José do Campestre - RN,RN,Rio Grande do Norte,1127,563.5,0,0,0,0,0,82,77,145,0,0,0,0,0,0,222,0,222,111.0,0.197,0.197,0,,452.5,Deserto absoluto,False
2412401,241240,São José do Seridó - RN,RN,Rio Grande do Norte,474,237.0,0,0,0,0,0,0,0,0,0,0,0,0,0,0,0,0,0,0.0,0.0,0.0,0,,237.0,Deserto absoluto,False
2412500,241250,São Miguel - RN,RN,Rio Grande do Norte,2445,1222.5,0,0,0,0,0,0,0,0,0,0,0,0,0,0,0,0,0,0.0,0.0,0.0,0,,1222.5,Deserto absoluto,False
2412559,241255,São Miguel do Gostoso - RN,RN,Rio Grande do Norte,792,396.0,0,0,0,0,0,0,0,0,0,0,0,0,0,0,0,0,0,0.0,0.0,0.0,0,,396.0,Deserto absoluto,False
2412609,241260,São Paulo do Potengi - RN,RN,Rio Grande do Norte,1737,868.5,0,0,0,0,0,0,0,0,0,0,0,0,0,0,0,0,0,0.0,0.0,0.0,0,,868.5,Deserto absoluto,False
2412708,241270,São Pedro - RN,RN,Rio Grande do Norte,605,302.5,0,0,0,0,0,0,0,0,0,0,0,0,0,0,0,0,0,0.0,0.0,0.0,0,,302.5,Deserto absoluto,False
2412807,241280,São Rafael - RN,RN,Rio Grande do Norte,876,438.0,0,0,0,0,71,0,0,0,0,0,0,0,0,0,0,0,0,0.0,0.0,0.0,0,,438.0,Deserto absoluto,False
2412906,241290,São Tomé - RN,RN,Rio Grande do Norte,1079,539.5,0,0,0,80,0,0,0,0,0,0,0,0,0,0,0,0,0,0.0,0.0,0.0,0,,539.5,Deserto absoluto,False
2413003,241300,São Vicente - RN,RN,Rio Grande do Norte,702,351.0,0,0,0,0,73,0,0,0,0,0,1,0,0,0,0,0,0,0.0,0.0,0.0,0,,351.0,Deserto absoluto,False
2413102,241310,Senador Elói de Souza - RN,RN,Rio Grande do Norte,600,300.0,0,0,0,0,0,0,0,0,0,0,0,0,0,0,0,0,0,0.0,0.0,0.0,0,,300.0,Deserto absoluto,False
2413201,241320,Senador Georgino Avelino - RN,RN,Rio Grande do Norte,325,162.5,0,0,0,0,0,0,0,0,0,0,0,0,0,0,0,0,0,0.0,0.0,0.0,0,,162.5,Deserto absoluto,False
2413300,241330,Serra de São Bento - RN,RN,Rio Grande do Norte,581,290.5,0,0,0,0,0,0,0,0,0,0,0,0,0,0,0,0,0,0.0,0.0,0.0,0,,290.5,Deserto absoluto,False
2413359,241335,Serra do Mel - RN,RN,Rio Grande do Norte,1048,524.0,0,0,0,0,0,0,0,0,0,0,0,0,0,0,0,0,0,0.0,0.0,0.0,0,,524.0,Deserto absoluto,False
2413409,241340,Serra Negra do Norte - RN,RN,Rio Grande do Norte,854,427.0,0,0,0,0,0,0,0,0,0,0,0,0,0,0,0,0,0,0.0,0.0,0.0,0,,427.0,Deserto absoluto,False
2413508,241350,Serrinha - RN,RN,Rio Grande do Norte,588,294.0,0,0,0,0,0,0,0,0,0,0,0,0,0,0,0,0,0,0.0,0.0,0.0,0,,294.0,Deserto absoluto,False
2413557,241355,Serrinha dos Pintos - RN,RN,Rio Grande do Norte,528,264.0,0,0,0,0,0,0,0,0,0,0,0,0,0,0,0,0,0,0.0,0.0,0.0,0,,264.0,Deserto absoluto,False
2413607,241360,Severiano Melo - RN,RN,Rio Grande do Norte,671,335.5,0,0,0,0,0,0,0,0,0,0,0,0,0,0,0,0,0,0.0,0.0,0.0,0,,335.5,Deserto absoluto,False
2413706,241370,Sítio Novo - RN,RN,Rio Grande do Norte,446,223.0,0,0,0,0,0,0,0,0,0,0,0,0,0,0,0,0,0,0.0,0.0,0.0,0,,223.0,Deserto absoluto,False
2413805,241380,Taboleiro Grande - RN,RN,Rio Grande do Norte,257,128.5,0,0,0,0,0,0,0,0,0,0,0,0,0,0,0,0,0,0.0,0.0,0.0,0,,128.5,Deserto absoluto,False
2413904,241390,Taipu - RN,RN,Rio Grande do Norte,1054,527.0,0,0,0,0,0,0,0,0,0,0,0,0,0,0,0,0,0,0.0,0.0,0.0,0,,527.0,Deserto absoluto,False
2414001,241400,Tangará - RN,RN,Rio Grande do Norte,1288,644.0,0,0,0,0,0,0,0,0,0,0,0,0,0,0,0,0,0,0.0,0.0,0.0,0,,644.0,Deserto absoluto,False
2414100,241410,Tenente Ananias - RN,RN,Rio Grande do Norte,1006,503.0,0,0,0,74,0,0,0,0,0,0,0,0,0,0,0,0,0,0.0,0.0,0.0,0,,503.0,Deserto absoluto,False
2414159,241415,Tenente Laurentino Cruz - RN,RN,Rio Grande do Norte,481,240.5,0,0,0,0,0,0,0,0,0,0,0,0,0,0,0,0,0,0.0,0.0,0.0,0,,240.5,Deserto absoluto,False
2414209,241420,Tibau do Sul - RN,RN,Rio Grande do Norte,1316,658.0,0,0,0,76,0,0,0,0,0,0,0,0,0,0,0,0,0,0.0,0.0,0.0,0,,658.0,Deserto absoluto,False
2414308,241430,Timbaúba dos Batistas - RN,RN,Rio Grande do Norte,295,147.5,0,0,0,0,0,0,0,0,0,0,0,0,0,0,0,0,0,0.0,0.0,0.0,0,,147.5,Deserto absoluto,False
2414407,241440,Touros - RN,RN,Rio Grande do Norte,2736,1368.0,0,0,0,0,0,0,0,0,0,0,0,0,0,0,0,0,0,0.0,0.0,0.0,0,,1368.0,Deserto absoluto,False
2414456,241445,Triunfo Potiguar - RN,RN,Rio Grande do Norte,292,146.0,0,0,0,0,0,0,0,0,0,0,0,0,0,0,0,0,0,0.0,0.0,0.0,0,,146.0,Deserto absoluto,False
2414506,241450,Umarizal - RN,RN,Rio Grande do Norte,1199,599.5,0,0,0,0,0,0,0,0,0,0,0,0,0,0,0,0,0,0.0,0.0,0.0,0,,599.5,Deserto absoluto,False
2414605,241460,Upanema - RN,RN,Rio Grande do Norte,1286,643.0,0,0,0,0,0,0,0,0,0,0,0,0,0,0,0,0,0,0.0,0.0,0.0,0,,643.0,Deserto absoluto,False
2414704,241470,Várzea - RN,RN,Rio Grande do Norte,535,267.5,0,0,0,0,0,0,0,0,0,0,0,0,0,0,0,0,0,0.0,0.0,0.0,0,,267.5,Deserto absoluto,False
2414753,241475,Venha-Ver - RN,RN,Rio Grande do Norte,320,160.0,0,0,0,0,0,0,0,0,0,0,0,0,0,0,0,0,0,0.0,0.0,0.0,0,,160.0,Deserto absoluto,False
2414803,241480,Vera Cruz - RN,RN,Rio Grande do Norte,1035,517.5,0,0,0,0,0,0,0,0,0,0,0,0,0,0,0,0,0,0.0,0.0,0.0,0,,517.5,Deserto absoluto,False
2414902,241490,Viçosa - RN,RN,Rio Grande do Norte,201,100.5,0,0,0,0,0,0,0,0,0,0,0,0,0,0,0,0,0,0.0,0.0,0.0,0,,100.5,Deserto absoluto,False
2415008,241500,Vila Flor - RN,RN,Rio Grande do Norte,270,135.0,0,0,0,0,0,0,0,0,0,0,0,0,0,0,0,0,0,0.0,0.0,0.0,0,,135.0,Deserto absoluto,False
2500106,250010,Água Branca - PB,PB,Paraíba,913,456.5,0,0,379,71,92,78,80,0,2,0,0,0,0,0,80,0,80,40.0,0.0876,0.0876,0,,416.5,Deserto absoluto,False
2500205,250020,Aguiar - PB,PB,Paraíba,552,276.0,0,0,0,0,0,0,0,0,0,0,0,0,0,0,0,0,0,0.0,0.0,0.0,0,,276.0,Deserto absoluto,False
2500304,250030,Alagoa Grande - PB,PB,Paraíba,2776,1388.0,0,0,0,0,0,79,0,0,0,0,0,0,0,0,0,0,0,0.0,0.0,0.0,0,,1388.0,Deserto absoluto,False
2500403,250040,Alagoa Nova - PB,PB,Paraíba,1965,982.5,0,0,81,156,157,159,90,81,0,1,1,0,0,0,171,0,171,85.5,0.087,0.087,0,,897.0,Deserto absoluto,False
2500502,250050,Alagoinha - PB,PB,Paraíba,1255,627.5,0,0,219,303,301,148,226,73,1,3,2,1,1,0,299,1,300,150.0,0.2382,0.239,0,,477.5,Deserto absoluto,False
2500536,250053,Alcantil - PB,PB,Paraíba,557,278.5,0,0,148,159,0,319,153,223,0,0,0,0,0,0,376,0,376,188.0,0.675,0.675,0,,90.5,Deserto absoluto,False
2500577,250057,Algodão de Jandaíra - PB,PB,Paraíba,242,121.0,0,0,0,0,0,0,0,0,0,0,0,0,0,0,0,0,0,0.0,0.0,0.0,0,,121.0,Deserto absoluto,False
2500601,250060,Alhandra - PB,PB,Paraíba,1929,964.5,0,0,0,226,274,110,75,108,0,0,2,0,1,0,183,1,184,92.0,0.0949,0.0954,0,,872.5,Deserto absoluto,False
2500700,250070,São João do Rio do Peixe - PB,PB,Paraíba,2064,1032.0,0,0,107,54,71,268,304,154,5,3,4,2,6,3,458,9,467,233.5,0.2219,0.2263,0,,798.5,Deserto absoluto,False
2500734,250073,Amparo - PB,PB,Paraíba,204,102.0,0,0,0,0,0,0,0,0,0,0,0,0,0,0,0,0,0,0.0,0.0,0.0,0,,102.0,Deserto absoluto,False
2500775,250077,Aparecida - PB,PB,Paraíba,859,429.5,1,1,108,68,68,0,38,112,0,3,1,0,0,1,150,1,151,75.5,0.1746,0.1758,5069,0.9851,354.0,Deserto funcional,True
2500809,250080,Araçagi - PB,PB,Paraíba,1774,887.0,0,0,112,76,76,0,0,0,1,2,1,0,0,0,0,0,0,0.0,0.0,0.0,0,,887.0,Deserto absoluto,False
2500908,250090,Arara - PB,PB,Paraíba,1331,665.5,0,0,0,80,136,0,0,71,0,0,0,0,0,2,71,2,73,36.5,0.0533,0.0548,0,,629.0,Deserto absoluto,False
2501005,250100,Araruna - PB,PB,Paraíba,1720,860.0,0,0,79,78,0,0,0,0,0,0,0,0,0,0,0,0,0,0.0,0.0,0.0,0,,860.0,Deserto absoluto,False
2501104,250110,Areia - PB,PB,Paraíba,2289,1144.5,0,0,0,0,0,0,0,0,0,0,0,0,0,0,0,0,0,0.0,0.0,0.0,0,,1144.5,Deserto absoluto,False
2501153,250115,Areia de Baraúnas - PB,PB,Paraíba,203,101.5,1,1,0,0,0,0,0,0,0,0,0,0,0,0,0,0,0,0.0,0.0,0.0,5069,1.0,101.5,Deserto funcional,True
2501203,250120,Areial - PB,PB,Paraíba,727,363.5,0,0,0,0,0,0,0,0,0,0,0,0,0,0,0,0,0,0.0,0.0,0.0,0,,363.5,Deserto absoluto,False
2501302,250130,Aroeiras - PB,PB,Paraíba,1943,971.5,1,1,0,0,0,0,0,0,0,0,0,0,0,0,0,0,0,0.0,0.0,0.0,5069,1.0,971.5,Deserto funcional,True
2501351,250135,Assunção - PB,PB,Paraíba,334,167.0,0,0,79,76,76,42,40,49,0,0,0,0,0,1,89,1,90,45.0,0.2665,0.2695,0,,122.0,Deserto absoluto,False
2501401,250140,Baía da Traição - PB,PB,Paraíba,792,396.0,0,0,0,84,0,127,80,142,0,0,0,0,0,1,222,1,223,111.5,0.2803,0.2816,0,,284.5,Deserto absoluto,False
2501500,250150,Bananeiras - PB,PB,Paraíba,2313,1156.5,0,0,338,0,124,266,169,571,2,0,2,2,1,3,740,4,744,372.0,0.3199,0.3217,0,,784.5,Deserto absoluto,False
2501534,250153,Baraúna - PB,PB,Paraíba,501,250.5,0,0,0,0,67,0,0,0,0,0,0,0,0,0,0,0,0,0.0,0.0,0.0,0,,250.5,Deserto absoluto,False
2501575,250157,Barra de Santana - PB,PB,Paraíba,885,442.5,0,0,118,0,73,0,0,0,1,0,1,0,0,0,0,0,0,0.0,0.0,0.0,0,,442.5,Deserto absoluto,False
2501609,250160,Barra de Santa Rosa - PB,PB,Paraíba,1342,671.0,0,0,47,0,0,0,0,0,0,0,0,0,0,0,0,0,0,0.0,0.0,0.0,0,,671.0,Deserto absoluto,False
2501708,250170,Barra de São Miguel - PB,PB,Paraíba,619,309.5,0,0,71,0,0,0,0,0,1,0,0,0,0,0,0,0,0,0.0,0.0,0.0,0,,309.5,Deserto absoluto,False
2501807,250180,Bayeux - PB,PB,Paraíba,9193,4596.5,2,2,0,0,0,0,0,0,0,0,0,0,0,0,0,0,0,0.0,0.0,0.0,10138,1.0,4596.5,Deserto funcional,True
2501906,250190,Belém - PB,PB,Paraíba,1686,843.0,1,1,614,171,316,495,231,338,21,2,12,13,2,9,569,11,580,290.0,0.3375,0.344,5069,0.9428,553.0,Intermediario,True
2502003,250200,Belém do Brejo do Cruz - PB,PB,Paraíba,702,351.0,0,0,76,78,71,99,0,0,0,0,0,0,0,0,0,0,0,0.0,0.0,0.0,0,,351.0,Deserto absoluto,False
2502052,250205,Bernardino Batista - PB,PB,Paraíba,329,164.5,0,0,36,137,0,0,0,0,0,0,0,0,0,0,0,0,0,0.0,0.0,0.0,0,,164.5,Deserto absoluto,False
2502102,250210,Boa Ventura - PB,PB,Paraíba,508,254.0,0,0,55,77,0,0,73,48,0,0,0,0,1,0,121,1,122,61.0,0.2382,0.2402,0,,193.0,Deserto absoluto,False
2502151,250215,Boa Vista - PB,PB,Paraíba,672,336.0,0,0,0,0,0,0,0,0,0,0,0,0,0,0,0,0,0,0.0,0.0,0.0,0,,336.0,Deserto absoluto,False
2502201,250220,Bom Jesus - PB,PB,Paraíba,236,118.0,0,0,0,72,0,0,0,0,0,1,0,0,0,0,0,0,0,0.0,0.0,0.0,0,,118.0,Deserto absoluto,False
2502300,250230,Bom Sucesso - PB,PB,Paraíba,605,302.5,0,0,54,0,128,180,162,0,0,0,0,0,0,0,162,0,162,81.0,0.2678,0.2678,0,,221.5,Deserto absoluto,False
2502409,250240,Bonito de Santa Fé - PB,PB,Paraíba,909,454.5,0,0,0,110,150,0,67,0,0,5,0,0,1,0,67,1,68,34.0,0.0737,0.0748,0,,420.5,Deserto absoluto,False
2502508,250250,Boqueirão - PB,PB,Paraíba,1739,869.5,0,0,523,337,443,806,251,232,6,2,3,4,2,0,483,2,485,242.5,0.2777,0.2789,0,,627.0,Deserto absoluto,False
2502607,250260,Igaracy - PB,PB,Paraíba,656,328.0,0,0,0,0,0,0,0,0,0,0,0,0,0,0,0,0,0,0.0,0.0,0.0,0,,328.0,Deserto absoluto,False
2502706,250270,Borborema - PB,PB,Paraíba,396,198.0,1,1,0,53,0,0,0,0,0,0,0,0,0,0,0,0,0,0.0,0.0,0.0,5069,1.0,198.0,Deserto funcional,True
2502805,250280,Brejo do Cruz - PB,PB,Paraíba,1452,726.0,0,0,217,227,154,79,203,287,3,3,1,2,0,5,490,5,495,247.5,0.3375,0.3409,0,,478.5,Deserto absoluto,False
2502904,250290,Brejo dos Santos - PB,PB,Paraíba,629,314.5,0,0,0,0,0,0,0,0,0,0,0,0,0,0,0,0,0,0.0,0.0,0.0,0,,314.5,Deserto absoluto,False
2503001,250300,Caaporã - PB,PB,Paraíba,1813,906.5,0,0,0,0,0,0,0,0,0,0,0,0,0,0,0,0,0,0.0,0.0,0.0,0,,906.5,Deserto absoluto,False
2503100,250310,Cabaceiras - PB,PB,Paraíba,580,290.0,0,0,0,0,0,0,0,0,0,0,0,0,0,0,0,0,0,0.0,0.0,0.0,0,,290.0,Deserto absoluto,False
2503209,250320,Cabedelo - PB,PB,Paraíba,7244,3622.0,0,0,0,0,0,0,260,0,0,0,0,0,0,0,260,0,260,130.0,0.0359,0.0359,0,,3492.0,Deserto absoluto,False
2503308,250330,Cachoeira dos Índios - PB,PB,Paraíba,904,452.0,0,0,150,72,0,0,0,0,1,0,0,0,0,0,0,0,0,0.0,0.0,0.0,0,,452.0,Deserto absoluto,False
2503407,250340,Cacimba de Areia - PB,PB,Paraíba,324,162.0,0,0,0,0,0,0,0,0,0,0,0,0,0,0,0,0,0,0.0,0.0,0.0,0,,162.0,Deserto absoluto,False
2503506,250350,Cacimba de Dentro - PB,PB,Paraíba,1657,828.5,1,1,0,117,183,156,212,207,0,1,0,0,2,1,419,3,422,211.0,0.2529,0.2547,5069,0.9584,617.5,Deserto funcional,True
2503555,250355,Cacimbas - PB,PB,Paraíba,550,275.0,0,0,0,0,0,0,0,0,0,0,0,0,0,0,0,0,0,0.0,0.0,0.0,0,,275.0,Deserto absoluto,False
2503605,250360,Caiçara - PB,PB,Paraíba,696,348.0,0,0,0,0,0,0,0,0,0,0,0,0,0,0,0,0,0,0.0,0.0,0.0,0,,348.0,Deserto absoluto,False
2503704,250370,Cajazeiras - PB,PB,Paraíba,6541,3270.5,3,3,712,0,926,1848,1443,2161,3,0,26,37,46,65,3604,111,3715,1857.5,0.551,0.568,15207,0.8779,1413.0,Intermediario,True
2503753,250375,Cajazeirinhas - PB,PB,Paraíba,296,148.0,0,0,0,62,0,0,0,0,0,0,0,0,0,0,0,0,0,0.0,0.0,0.0,0,,148.0,Deserto absoluto,False
2503803,250380,Caldas Brandão - PB,PB,Paraíba,541,270.5,0,0,0,0,0,0,0,0,0,0,0,0,0,0,0,0,0,0.0,0.0,0.0,0,,270.5,Deserto absoluto,False
2503902,250390,Camalaú - PB,PB,Paraíba,643,321.5,0,0,0,165,76,0,0,0,0,1,0,0,0,0,0,0,0,0.0,0.0,0.0,0,,321.5,Deserto absoluto,False
2504009,250400,Campina Grande - PB,PB,Paraíba,45867,22933.5,38,37,7430,9550,11674,9038,12085,11769,127,175,175,138,155,198,23854,353,24207,12103.5,0.5201,0.5278,187553,0.9355,10830.0,Intermediario,True
2504033,250403,Capim - PB,PB,Paraíba,565,282.5,0,0,0,0,0,70,0,0,0,0,0,0,0,0,0,0,0,0.0,0.0,0.0,0,,282.5,Deserto absoluto,False
2504074,250407,Caraúbas - PB,PB,Paraíba,420,210.0,0,0,0,0,0,0,0,0,0,0,0,0,0,0,0,0,0,0.0,0.0,0.0,0,,210.0,Deserto absoluto,False
2504108,250410,Carrapateira - PB,PB,Paraíba,215,107.5,0,0,0,0,0,0,0,0,0,0,0,0,0,0,0,0,0,0.0,0.0,0.0,0,,107.5,Deserto absoluto,False
2504157,250415,Casserengue - PB,PB,Paraíba,719,359.5,0,0,0,60,146,79,0,80,0,0,1,0,0,0,80,0,80,40.0,0.1113,0.1113,0,,319.5,Deserto absoluto,False
2504207,250420,Catingueira - PB,PB,Paraíba,433,216.5,0,0,0,52,0,0,0,0,0,0,0,0,0,0,0,0,0,0.0,0.0,0.0,0,,216.5,Deserto absoluto,False
2504306,250430,Catolé do Rocha - PB,PB,Paraíba,3391,1695.5,2,2,582,1192,617,2147,1514,1555,25,59,30,42,37,85,3069,122,3191,1595.5,0.905,0.941,10138,0.8426,100.0,Adequado,True
2504355,250435,Caturité - PB,PB,Paraíba,514,257.0,0,0,80,0,124,85,158,0,0,0,0,0,0,0,158,0,158,79.0,0.3074,0.3074,0,,178.0,Deserto absoluto,False
2504405,250440,Conceição - PB,PB,Paraíba,1883,941.5,1,1,200,80,200,0,0,95,2,0,4,0,0,1,95,1,96,48.0,0.0505,0.051,5069,0.9905,893.5,Deserto funcional,True
2504504,250450,Condado - PB,PB,Paraíba,826,413.0,0,0,0,112,0,0,0,0,0,4,0,0,0,0,0,0,0,0.0,0.0,0.0,0,,413.0,Deserto absoluto,False
2504603,250460,Conde - PB,PB,Paraíba,2530,1265.0,0,0,0,0,0,0,0,0,0,0,0,0,0,0,0,0,0,0.0,0.0,0.0,0,,1265.0,Deserto absoluto,False
2504702,250470,Congo - PB,PB,Paraíba,495,247.5,0,0,0,160,282,155,132,0,0,0,1,0,0,0,132,0,132,66.0,0.2667,0.2667,0,,181.5,Deserto absoluto,False
2504801,250480,Coremas - PB,PB,Paraíba,1510,755.0,0,0,0,0,0,0,0,0,0,0,0,0,0,0,0,0,0,0.0,0.0,0.0,0,,755.0,Deserto absoluto,False
2504850,250485,Coxixola - PB,PB,Paraíba,211,105.5,0,0,0,122,0,0,0,0,0,0,0,0,0,0,0,0,0,0.0,0.0,0.0,0,,105.5,Deserto absoluto,False
2504900,250490,Cruz do Espírito Santo - PB,PB,Paraíba,1542,771.0,0,0,149,72,0,0,0,0,0,1,0,0,0,0,0,0,0,0.0,0.0,0.0,0,,771.0,Deserto absoluto,False
2505006,250500,Cubati - PB,PB,Paraíba,711,355.5,0,0,0,0,0,0,0,0,0,0,0,0,0,0,0,0,0,0.0,0.0,0.0,0,,355.5,Deserto absoluto,False
2505105,250510,Cuité - PB,PB,Paraíba,2192,1096.0,1,1,1681,2600,2702,3164,2838,2274,8,21,19,26,23,11,5112,34,5146,2573.0,2.3321,2.3476,5069,0.4924,-1477.0,Adequado,False
2505204,250520,Cuitegi - PB,PB,Paraíba,598,299.0,0,0,51,79,0,0,0,70,3,0,0,0,0,0,70,0,70,35.0,0.1171,0.1171,0,,264.0,Deserto absoluto,False
2505238,250523,Cuité de Mamanguape - PB,PB,Paraíba,639,319.5,0,0,0,0,0,0,0,0,0,0,0,0,0,0,0,0,0,0.0,0.0,0.0,0,,319.5,Deserto absoluto,False
2505279,250527,Curral de Cima - PB,PB,Paraíba,473,236.5,0,0,0,0,0,0,0,0,0,0,0,0,0,0,0,0,0,0.0,0.0,0.0,0,,236.5,Deserto absoluto,False
2505303,250530,Curral Velho - PB,PB,Paraíba,211,105.5,0,0,0,0,0,0,0,0,0,0,0,0,0,0,0,0,0,0.0,0.0,0.0,0,,105.5,Deserto absoluto,False
2505352,250535,Damião - PB,PB,Paraíba,472,236.0,0,0,0,0,0,0,0,0,0,0,0,0,0,0,0,0,0,0.0,0.0,0.0,0,,236.0,Deserto absoluto,False
2505402,250540,Desterro - PB,PB,Paraíba,783,391.5,0,0,0,0,0,0,0,0,0,0,0,0,0,0,0,0,0,0.0,0.0,0.0,0,,391.5,Deserto absoluto,False
2505501,250550,Vista Serrana - PB,PB,Paraíba,348,174.0,0,0,103,0,0,0,0,0,0,0,0,0,0,0,0,0,0,0.0,0.0,0.0,0,,174.0,Deserto absoluto,False
2505600,250560,Diamante - PB,PB,Paraíba,643,321.5,1,1,0,149,0,58,0,0,0,1,0,1,0,0,0,0,0,0.0,0.0,0.0,5069,1.0,321.5,Deserto funcional,True
2505709,250570,Dona Inês - PB,PB,Paraíba,931,465.5,0,0,0,152,79,79,79,0,0,0,2,1,1,0,79,1,80,40.0,0.0849,0.0859,0,,425.5,Deserto absoluto,False
2505808,250580,Duas Estradas - PB,PB,Paraíba,355,177.5,1,1,0,55,48,0,0,92,0,0,0,0,0,0,92,0,92,46.0,0.2592,0.2592,5069,0.9909,131.5,Deserto funcional,True
2505907,250590,Emas - PB,PB,Paraíba,275,137.5,0,0,0,82,0,0,0,0,0,0,0,0,0,0,0,0,0,0.0,0.0,0.0,0,,137.5,Deserto absoluto,False
2506004,250600,Esperança - PB,PB,Paraíba,3110,1555.0,1,1,332,0,0,142,792,0,4,0,0,1,10,0,792,10,802,401.0,0.2547,0.2579,5069,0.9209,1154.0,Deserto funcional,True
2506103,250610,Fagundes - PB,PB,Paraíba,1087,543.5,0,0,0,0,0,0,0,0,0,0,0,0,0,0,0,0,0,0.0,0.0,0.0,0,,543.5,Deserto absoluto,False
2506202,250620,Frei Martinho - PB,PB,Paraíba,319,159.5,0,0,0,0,0,0,0,0,0,0,0,0,0,0,0,0,0,0.0,0.0,0.0,0,,159.5,Deserto absoluto,False
2506251,250625,Gado Bravo - PB,PB,Paraíba,803,401.5,0,0,155,68,209,67,60,49,0,0,1,0,0,0,109,0,109,54.5,0.1357,0.1357,0,,347.0,Deserto absoluto,False
2506301,250630,Guarabira - PB,PB,Paraíba,5920,2960.0,6,5,120,1149,1464,790,1025,1075,3,26,21,15,19,17,2100,36,2136,1068.0,0.3547,0.3608,25345,0.9579,1892.0,Intermediario,True
2506400,250640,Gurinhém - PB,PB,Paraíba,1366,683.0,0,0,0,0,50,0,0,0,0,0,0,0,0,0,0,0,0,0.0,0.0,0.0,0,,683.0,Deserto absoluto,False
2506509,250650,Gurjão - PB,PB,Paraíba,355,177.5,0,0,83,0,0,108,0,0,0,0,0,1,0,0,0,0,0,0.0,0.0,0.0,0,,177.5,Deserto absoluto,False
2506608,250660,Ibiara - PB,PB,Paraíba,663,331.5,1,1,0,0,0,0,0,0,0,0,0,0,0,0,0,0,0,0.0,0.0,0.0,5069,1.0,331.5,Deserto funcional,True
2506707,250670,Imaculada - PB,PB,Paraíba,932,466.0,0,0,0,0,0,0,0,0,0,0,0,0,0,0,0,0,0,0.0,0.0,0.0,0,,466.0,Deserto absoluto,False
2506806,250680,Ingá - PB,PB,Paraíba,1828,914.0,0,0,258,388,502,569,336,149,2,0,2,0,0,0,485,0,485,242.5,0.2653,0.2653,0,,671.5,Deserto absoluto,False
2506905,250690,Itabaiana - PB,PB,Paraíba,2742,1371.0,0,0,0,0,0,0,0,0,0,0,0,0,0,0,0,0,0,0.0,0.0,0.0,0,,1371.0,Deserto absoluto,False
2507002,250700,Itaporanga - PB,PB,Paraíba,2285,1142.5,5,5,265,305,0,0,0,247,4,38,0,0,0,3,247,3,250,125.0,0.1081,0.1094,25345,0.9951,1017.5,Deserto funcional,True
2507101,250710,Itapororoca - PB,PB,Paraíba,1596,798.0,2,2,0,0,0,0,0,78,0,0,0,0,0,0,78,0,78,39.0,0.0489,0.0489,10138,0.9962,759.0,Deserto funcional,True
2507200,250720,Itatuba - PB,PB,Paraíba,1040,520.0,0,0,0,0,0,0,0,0,0,0,0,0,0,0,0,0,0,0.0,0.0,0.0,0,,520.0,Deserto absoluto,False
2507309,250730,Jacaraú - PB,PB,Paraíba,1474,737.0,0,0,143,80,76,0,0,0,1,1,0,0,0,0,0,0,0,0.0,0.0,0.0,0,,737.0,Deserto absoluto,False
2507408,250740,Jericó - PB,PB,Paraíba,886,443.0,0,0,0,79,153,80,0,0,0,1,0,0,0,0,0,0,0,0.0,0.0,0.0,0,,443.0,Deserto absoluto,False
2507507,250750,João Pessoa - PB,PB,Paraíba,95720,47860.0,56,51,9966,19443,18259,23758,24528,21218,422,502,604,796,930,1250,45746,2180,47926,23963.0,0.4779,0.5007,258519,0.9073,23897.0,Intermediario,True
2507606,250760,Juarez Távora - PB,PB,Paraíba,763,381.5,0,0,0,0,0,0,0,0,0,0,0,0,0,0,0,0,0,0.0,0.0,0.0,0,,381.5,Deserto absoluto,False
2507705,250770,Juazeirinho - PB,PB,Paraíba,1437,718.5,0,0,151,0,0,0,0,0,0,0,0,0,0,0,0,0,0,0.0,0.0,0.0,0,,718.5,Deserto absoluto,False
2507804,250780,Junco do Seridó - PB,PB,Paraíba,634,317.0,0,0,0,0,0,0,0,0,0,0,0,0,0,0,0,0,0,0.0,0.0,0.0,0,,317.0,Deserto absoluto,False
2507903,250790,Juripiranga - PB,PB,Paraíba,903,451.5,0,0,0,221,0,0,100,180,0,0,0,0,0,71,280,71,351,175.5,0.3101,0.3887,0,,276.0,Deserto absoluto,False
2508000,250800,Juru - PB,PB,Paraíba,1013,506.5,0,0,0,0,0,0,0,78,0,0,0,0,0,0,78,0,78,39.0,0.077,0.077,0,,467.5,Deserto absoluto,False
2508109,250810,Lagoa - PB,PB,Paraíba,502,251.0,0,0,0,0,99,79,0,0,0,0,0,1,0,0,0,0,0,0.0,0.0,0.0,0,,251.0,Deserto absoluto,False
2508208,250820,Lagoa de Dentro - PB,PB,Paraíba,828,414.0,0,0,76,77,67,62,52,146,1,0,1,1,0,0,198,0,198,99.0,0.2391,0.2391,0,,315.0,Deserto absoluto,False
2508307,250830,Lagoa Seca - PB,PB,Paraíba,2690,1345.0,0,0,0,0,0,68,0,0,0,0,0,0,0,0,0,0,0,0.0,0.0,0.0,0,,1345.0,Deserto absoluto,False
2508406,250840,Lastro - PB,PB,Paraíba,308,154.0,0,0,0,0,0,0,0,0,0,0,0,0,0,0,0,0,0,0.0,0.0,0.0,0,,154.0,Deserto absoluto,False
2508505,250850,Livramento - PB,PB,Paraíba,692,346.0,0,0,59,0,65,0,0,0,0,0,3,0,0,0,0,0,0,0.0,0.0,0.0,0,,346.0,Deserto absoluto,False
2508554,250855,Logradouro - PB,PB,Paraíba,430,215.0,0,0,0,40,0,0,0,77,0,0,0,0,0,0,77,0,77,38.5,0.1791,0.1791,0,,176.5,Deserto absoluto,False
2508604,250860,Lucena - PB,PB,Paraíba,1234,617.0,0,0,0,0,0,0,0,0,0,0,0,0,0,0,0,0,0,0.0,0.0,0.0,0,,617.0,Deserto absoluto,False
2508703,250870,Mãe d'Água - PB,PB,Paraíba,404,202.0,0,0,0,0,0,0,0,0,0,0,0,0,0,0,0,0,0,0.0,0.0,0.0,0,,202.0,Deserto absoluto,False
2508802,250880,Malta - PB,PB,Paraíba,636,318.0,0,0,146,0,0,0,158,222,0,0,0,0,0,0,380,0,380,190.0,0.5975,0.5975,0,,128.0,Deserto absoluto,False
2508901,250890,Mamanguape - PB,PB,Paraíba,4220,2110.0,2,2,0,0,0,0,0,272,0,0,0,0,0,1,272,1,273,136.5,0.0645,0.0647,10138,0.9865,1973.5,Deserto funcional,True
2509008,250900,Manaíra - PB,PB,Paraíba,956,478.0,0,0,72,0,0,0,0,0,0,0,0,0,0,0,0,0,0,0.0,0.0,0.0,0,,478.0,Deserto absoluto,False
2509057,250905,Marcação - PB,PB,Paraíba,678,339.0,0,0,67,0,0,0,156,52,0,0,0,0,0,0,208,0,208,104.0,0.3068,0.3068,0,,235.0,Deserto absoluto,False
2509107,250910,Mari - PB,PB,Paraíba,2247,1123.5,0,0,200,44,117,151,130,0,2,1,3,1,0,0,130,0,130,65.0,0.0579,0.0579,0,,1058.5,Deserto absoluto,False
2509156,250915,Marizópolis - PB,PB,Paraíba,719,359.5,0,0,64,0,75,144,0,61,1,0,1,0,0,2,61,2,63,31.5,0.0848,0.0876,0,,328.0,Deserto absoluto,False
2509206,250920,Massaranduba - PB,PB,Paraíba,1301,650.5,0,0,236,230,152,159,75,384,3,1,1,2,3,2,459,5,464,232.0,0.3528,0.3566,0,,418.5,Deserto absoluto,False
2509305,250930,Mataraca - PB,PB,Paraíba,648,324.0,1,1,0,0,0,0,0,0,0,0,0,0,0,0,0,0,0,0.0,0.0,0.0,5069,1.0,324.0,Deserto funcional,True
2509339,250933,Matinhas - PB,PB,Paraíba,416,208.0,0,0,0,0,0,0,0,0,0,0,0,0,0,0,0,0,0,0.0,0.0,0.0,0,,208.0,Deserto absoluto,False
2509370,250937,Mato Grosso - PB,PB,Paraíba,288,144.0,0,0,0,96,0,0,99,0,0,0,0,0,1,0,99,1,100,50.0,0.3438,0.3472,0,,94.0,Deserto absoluto,False
2509396,250939,Maturéia - PB,PB,Paraíba,573,286.5,0,0,143,143,0,0,0,0,1,0,0,0,0,0,0,0,0,0.0,0.0,0.0,0,,286.5,Deserto absoluto,False
2509404,250940,Mogeiro - PB,PB,Paraíba,1349,674.5,0,0,50,0,72,0,0,0,0,0,0,0,0,0,0,0,0,0.0,0.0,0.0,0,,674.5,Deserto absoluto,False
2509503,250950,Montadas - PB,PB,Paraíba,546,273.0,0,0,0,0,0,0,69,0,0,0,0,0,0,0,69,0,69,34.5,0.1264,0.1264,0,,238.5,Deserto absoluto,False
2509602,250960,Monte Horebe - PB,PB,Paraíba,433,216.5,0,0,0,0,125,131,0,0,0,0,2,3,0,0,0,0,0,0.0,0.0,0.0,0,,216.5,Deserto absoluto,False
2509701,250970,Monteiro - PB,PB,Paraíba,3489,1744.5,5,5,839,1810,1723,926,2295,1249,8,25,20,6,21,12,3544,33,3577,1788.5,1.0158,1.0252,25345,0.9294,-44.0,Adequado,False
2509800,250980,Mulungu - PB,PB,Paraíba,890,445.0,0,0,158,219,194,231,232,0,0,2,2,1,0,0,232,0,232,116.0,0.2607,0.2607,0,,329.0,Deserto absoluto,False
2509909,250990,Natuba - PB,PB,Paraíba,861,430.5,0,0,0,0,0,0,0,0,0,0,0,0,0,0,0,0,0,0.0,0.0,0.0,0,,430.5,Deserto absoluto,False
2510006,251000,Nazarezinho - PB,PB,Paraíba,755,377.5,0,0,0,0,0,0,0,0,0,0,0,0,0,0,0,0,0,0.0,0.0,0.0,0,,377.5,Deserto absoluto,False
2510105,251010,Nova Floresta - PB,PB,Paraíba,1017,508.5,0,0,0,0,0,0,0,0,0,0,0,0,0,0,0,0,0,0.0,0.0,0.0,0,,508.5,Deserto absoluto,False
2510204,251020,Nova Olinda - PB,PB,Paraíba,590,295.0,0,0,0,0,0,0,0,0,0,0,0,0,0,0,0,0,0,0.0,0.0,0.0,0,,295.0,Deserto absoluto,False
2510303,251030,Nova Palmeira - PB,PB,Paraíba,473,236.5,0,0,0,0,0,0,0,0,0,0,0,0,0,0,0,0,0,0.0,0.0,0.0,0,,236.5,Deserto absoluto,False
2510402,251040,Olho d'Água - PB,PB,Paraíba,678,339.0,0,0,0,0,0,0,0,0,0,0,0,0,0,0,0,0,0,0.0,0.0,0.0,0,,339.0,Deserto absoluto,False
2510501,251050,Olivedos - PB,PB,Paraíba,367,183.5,0,0,84,0,0,67,0,0,0,0,0,1,0,0,0,0,0,0.0,0.0,0.0,0,,183.5,Deserto absoluto,False
2510600,251060,Ouro Velho - PB,PB,Paraíba,366,183.0,0,0,0,64,0,0,0,0,0,0,0,0,0,0,0,0,0,0.0,0.0,0.0,0,,183.0,Deserto absoluto,False
2510659,251065,Parari - PB,PB,Paraíba,209,104.5,0,0,69,0,0,0,0,0,0,0,0,0,0,0,0,0,0,0.0,0.0,0.0,0,,104.5,Deserto absoluto,False
2510709,251070,Passagem - PB,PB,Paraíba,219,109.5,0,0,0,0,112,53,0,0,0,0,1,1,0,0,0,0,0,0.0,0.0,0.0,0,,109.5,Deserto absoluto,False
2510808,251080,Patos - PB,PB,Paraíba,10979,5489.5,6,6,1112,776,3082,4439,3733,7629,35,15,108,93,30,881,11362,911,12273,6136.5,1.0349,1.1179,30414,0.7982,-647.0,Adequado,False
2510907,251090,Paulista - PB,PB,Paraíba,1326,663.0,1,1,71,78,69,0,0,349,5,1,1,0,0,6,349,6,355,177.5,0.2632,0.2677,5069,0.965,485.5,Deserto funcional,True
2511004,251100,Pedra Branca - PB,PB,Paraíba,383,191.5,1,1,0,0,0,0,0,0,0,0,0,0,0,0,0,0,0,0.0,0.0,0.0,5069,1.0,191.5,Deserto funcional,True
2511103,251110,Pedra Lavrada - PB,PB,Paraíba,725,362.5,0,0,0,0,0,0,0,0,0,0,0,0,0,0,0,0,0,0.0,0.0,0.0,0,,362.5,Deserto absoluto,False
2511202,251120,Pedras de Fogo - PB,PB,Paraíba,2766,1383.0,0,0,0,0,0,0,0,0,0,0,0,0,0,0,0,0,0,0.0,0.0,0.0,0,,1383.0,Deserto absoluto,False
2511301,251130,Piancó - PB,PB,Paraíba,1858,929.0,2,2,0,156,0,84,188,134,0,0,0,1,2,23,322,25,347,173.5,0.1733,0.1868,10138,0.9829,755.5,Deserto funcional,True
2511400,251140,Picuí - PB,PB,Paraíba,1853,926.5,1,1,0,0,0,0,0,0,0,0,0,0,0,0,0,0,0,0.0,0.0,0.0,5069,1.0,926.5,Deserto funcional,True
2511509,251150,Pilar - PB,PB,Paraíba,1172,586.0,0,0,79,0,0,0,80,0,0,0,0,0,0,0,80,0,80,40.0,0.0683,0.0683,0,,546.0,Deserto absoluto,False
2511608,251160,Pilões - PB,PB,Paraíba,588,294.0,1,1,146,130,76,153,70,134,0,0,1,0,0,0,204,0,204,102.0,0.3469,0.3469,5069,0.9799,192.0,Intermediario,True
2511707,251170,Pilõezinhos - PB,PB,Paraíba,489,244.5,1,1,0,0,0,0,0,80,0,0,0,0,0,0,80,0,80,40.0,0.1636,0.1636,5069,0.9921,204.5,Deserto funcional,True
2511806,251180,Pirpirituba - PB,PB,Paraíba,937,468.5,0,0,0,70,76,154,0,98,0,0,1,0,0,2,98,2,100,50.0,0.1046,0.1067,0,,418.5,Deserto absoluto,False
2511905,251190,Pitimbu - PB,PB,Paraíba,1505,752.5,0,0,0,193,0,60,151,110,0,1,0,2,0,2,261,2,263,131.5,0.1734,0.1748,0,,621.0,Deserto absoluto,False
2512002,251200,Pocinhos - PB,PB,Paraíba,1636,818.0,0,0,0,80,350,288,167,0,0,1,2,0,1,0,167,1,168,84.0,0.1021,0.1027,0,,734.0,Deserto absoluto,False
2512036,251203,Poço Dantas - PB,PB,Paraíba,364,182.0,0,0,61,135,79,73,81,0,0,0,1,1,1,0,81,1,82,41.0,0.2225,0.2253,0,,141.0,Deserto absoluto,False
2512077,251207,Poço de José de Moura - PB,PB,Paraíba,458,229.0,0,0,0,79,80,0,0,84,0,0,0,0,0,2,84,2,86,43.0,0.1834,0.1878,0,,186.0,Deserto absoluto,False
2512101,251210,Pombal - PB,PB,Paraíba,3627,1813.5,4,3,154,377,450,189,690,1352,11,21,29,14,21,48,2042,69,2111,1055.5,0.563,0.582,15207,0.9306,758.0,Intermediario,True
2512200,251220,Prata - PB,PB,Paraíba,421,210.5,0,0,78,78,0,0,0,95,1,1,0,0,0,1,95,1,96,48.0,0.2257,0.228,0,,162.5,Deserto absoluto,False
2512309,251230,Princesa Isabel - PB,PB,Paraíba,2093,1046.5,1,1,476,703,1724,1338,514,1169,10,13,15,16,4,5,1683,9,1692,846.0,0.8041,0.8084,5069,0.8331,200.5,Adequado,True
2512408,251240,Puxinanã - PB,PB,Paraíba,1345,672.5,0,0,0,0,0,0,0,0,0,0,0,0,0,0,0,0,0,0.0,0.0,0.0,0,,672.5,Deserto absoluto,False
2512507,251250,Queimadas - PB,PB,Paraíba,4501,2250.5,1,1,0,0,0,0,0,0,0,0,0,0,0,0,0,0,0,0.0,0.0,0.0,5069,1.0,2250.5,Deserto funcional,True
2512606,251260,Quixaba - PB,PB,Paraíba,169,84.5,0,0,0,0,0,0,0,0,0,0,0,0,0,0,0,0,0,0.0,0.0,0.0,0,,84.5,Deserto absoluto,False
2512705,251270,Remígio - PB,PB,Paraíba,1786,893.0,1,0,73,146,202,431,138,320,1,0,2,1,4,3,458,7,465,232.5,0.2564,0.2604,0,,660.5,Deserto funcional,False
2512721,251272,Pedro Régis - PB,PB,Paraíba,568,284.0,0,0,0,80,78,61,150,60,0,0,0,0,0,0,210,0,210,105.0,0.3697,0.3697,0,,179.0,Deserto absoluto,False
2512747,251274,Riachão - PB,PB,Paraíba,278,139.0,0,0,45,0,0,0,0,0,1,0,0,0,0,0,0,0,0,0.0,0.0,0.0,0,,139.0,Deserto absoluto,False
2512754,251275,Riachão do Bacamarte - PB,PB,Paraíba,468,234.0,0,0,153,0,62,69,0,0,0,0,0,0,0,0,0,0,0,0.0,0.0,0.0,0,,234.0,Deserto absoluto,False
2512762,251276,Riachão do Poço - PB,PB,Paraíba,460,230.0,0,0,57,66,67,74,78,0,0,0,0,0,0,0,78,0,78,39.0,0.1696,0.1696,0,,191.0,Deserto absoluto,False
2512788,251278,Riacho de Santo Antônio - PB,PB,Paraíba,193,96.5,0,0,0,0,0,0,74,79,0,0,0,0,0,1,153,1,154,77.0,0.7927,0.7979,0,,19.5,Deserto absoluto,False
2512804,251280,Riacho dos Cavalos - PB,PB,Paraíba,835,417.5,0,0,0,0,156,0,0,101,0,0,1,0,0,2,101,2,103,51.5,0.121,0.1234,0,,366.0,Deserto absoluto,False
2512903,251290,Rio Tinto - PB,PB,Paraíba,2531,1265.5,0,0,0,65,0,0,0,0,0,2,0,0,0,0,0,0,0,0.0,0.0,0.0,0,,1265.5,Deserto absoluto,False
2513000,251300,Salgadinho - PB,PB,Paraíba,298,149.0,0,0,0,0,70,78,0,0,0,0,0,0,0,0,0,0,0,0.0,0.0,0.0,0,,149.0,Deserto absoluto,False
2513109,251310,Salgado de São Félix - PB,PB,Paraíba,1283,641.5,0,0,53,0,0,76,72,98,1,0,0,2,2,1,170,3,173,86.5,0.1325,0.1348,0,,555.0,Deserto absoluto,False
2513158,251315,Santa Cecília - PB,PB,Paraíba,652,326.0,0,0,79,119,124,80,0,0,0,0,0,0,0,0,0,0,0,0.0,0.0,0.0,0,,326.0,Deserto absoluto,False
2513208,251320,Santa Cruz - PB,PB,Paraíba,731,365.5,0,0,0,79,226,77,78,71,0,0,0,0,0,2,149,2,151,75.5,0.2038,0.2066,0,,290.0,Deserto absoluto,False
2513307,251330,Santa Helena - PB,PB,Paraíba,673,336.5,0,0,129,78,121,127,53,0,0,0,1,1,0,0,53,0,53,26.5,0.0788,0.0788,0,,310.0,Deserto absoluto,False
2513356,251335,Santa Inês - PB,PB,Paraíba,290,145.0,0,0,0,0,0,0,0,0,0,0,0,0,0,0,0,0,0,0.0,0.0,0.0,0,,145.0,Deserto absoluto,False
2513406,251340,Santa Luzia - PB,PB,Paraíba,1629,814.5,0,0,0,0,0,0,0,0,0,0,0,0,0,0,0,0,0,0.0,0.0,0.0,0,,814.5,Deserto absoluto,False
2513505,251350,Santana de Mangueira - PB,PB,Paraíba,446,223.0,0,0,0,0,0,0,0,0,0,0,0,0,0,0,0,0,0,0.0,0.0,0.0,0,,223.0,Deserto absoluto,False
2513604,251360,Santana dos Garrotes - PB,PB,Paraíba,800,400.0,0,0,0,0,0,0,0,0,0,0,0,0,0,0,0,0,0,0.0,0.0,0.0,0,,400.0,Deserto absoluto,False
2513653,251365,Joca Claudino - PB,PB,Paraíba,292,146.0,0,0,0,80,0,0,0,0,0,0,0,0,0,0,0,0,0,0.0,0.0,0.0,0,,146.0,Deserto absoluto,False
2513703,251370,Santa Rita - PB,PB,Paraíba,14463,7231.5,3,3,1380,1621,2090,690,467,1041,18,44,28,10,3,10,1508,13,1521,760.5,0.1043,0.1052,15207,0.95,6471.0,Deserto funcional,True
2513802,251380,Santa Teresinha - PB,PB,Paraíba,485,242.5,0,0,0,48,79,0,0,0,0,2,1,0,0,0,0,0,0,0.0,0.0,0.0,0,,242.5,Deserto absoluto,False
2513851,251385,Santo André - PB,PB,Paraíba,291,145.5,0,0,0,0,0,0,0,0,0,0,0,0,0,0,0,0,0,0.0,0.0,0.0,0,,145.5,Deserto absoluto,False
2513901,251390,São Bento - PB,PB,Paraíba,3221,1610.5,3,3,279,0,0,381,0,0,5,0,0,4,0,0,0,0,0,0.0,0.0,0.0,15207,1.0,1610.5,Deserto funcional,True
2513927,251392,São Bentinho - PB,PB,Paraíba,465,232.5,1,1,0,20,0,0,52,0,0,1,0,0,0,0,52,0,52,26.0,0.1118,0.1118,5069,0.9949,206.5,Deserto funcional,True
2513943,251394,São Domingos do Cariri - PB,PB,Paraíba,280,140.0,0,0,0,73,134,0,354,78,0,0,0,0,1,0,432,1,433,216.5,1.5429,1.5464,0,,-76.5,Deserto absoluto,False
2513968,251396,São Domingos - PB,PB,Paraíba,297,148.5,0,0,0,0,0,0,0,0,0,0,0,0,0,0,0,0,0,0.0,0.0,0.0,0,,148.5,Deserto absoluto,False
2513984,251398,São Francisco - PB,PB,Paraíba,379,189.5,0,0,39,68,136,135,136,170,0,0,1,1,1,1,306,2,308,154.0,0.8074,0.8127,0,,35.5,Deserto absoluto,False
2514008,251400,São João do Cariri - PB,PB,Paraíba,474,237.0,0,0,0,79,161,71,186,0,0,1,0,0,0,0,186,0,186,93.0,0.3924,0.3924,0,,144.0,Deserto absoluto,False
2514107,251410,São João do Tigre - PB,PB,Paraíba,454,227.0,0,0,75,76,118,0,146,79,0,0,0,0,0,0,225,0,225,112.5,0.4956,0.4956,0,,114.5,Deserto absoluto,False
2514206,251420,São José da Lagoa Tapada - PB,PB,Paraíba,823,411.5,0,0,0,77,0,0,0,95,0,0,0,0,0,0,95,0,95,47.5,0.1154,0.1154,0,,364.0,Deserto absoluto,False
2514305,251430,São José de Caiana - PB,PB,Paraíba,458,229.0,3,3,0,150,0,0,0,0,0,2,0,0,0,0,0,0,0,0.0,0.0,0.0,15207,1.0,229.0,Deserto funcional,True
2514404,251440,São José de Espinharas - PB,PB,Paraíba,415,207.5,0,0,0,130,62,0,0,0,0,0,0,0,0,0,0,0,0,0.0,0.0,0.0,0,,207.5,Deserto absoluto,False
2514453,251445,São José dos Ramos - PB,PB,Paraíba,513,256.5,0,0,0,74,74,64,76,155,0,0,0,0,0,0,231,0,231,115.5,0.4503,0.4503,0,,141.0,Deserto absoluto,False
2514503,251450,São José de Piranhas - PB,PB,Paraíba,1888,944.0,0,0,129,232,369,383,229,171,1,2,2,6,5,0,400,5,405,202.5,0.2119,0.2145,0,,741.5,Deserto absoluto,False
2514552,251455,São José de Princesa - PB,PB,Paraíba,330,165.0,0,0,0,135,0,0,0,0,0,0,0,0,0,0,0,0,0,0.0,0.0,0.0,0,,165.0,Deserto absoluto,False
2514602,251460,São José do Bonfim - PB,PB,Paraíba,323,161.5,0,0,0,0,0,0,0,0,0,0,0,0,0,0,0,0,0,0.0,0.0,0.0,0,,161.5,Deserto absoluto,False
2514651,251465,São José do Brejo do Cruz - PB,PB,Paraíba,149,74.5,0,0,0,0,0,0,0,0,0,0,0,0,0,0,0,0,0,0.0,0.0,0.0,0,,74.5,Deserto absoluto,False
2514701,251470,São José do Sabugi - PB,PB,Paraíba,439,219.5,0,0,213,0,0,0,0,163,0,0,0,0,0,0,163,0,163,81.5,0.3713,0.3713,0,,138.0,Deserto absoluto,False
2514800,251480,São José dos Cordeiros - PB,PB,Paraíba,389,194.5,0,0,0,0,0,155,193,84,0,0,0,0,2,2,277,4,281,140.5,0.7121,0.7224,0,,54.0,Deserto absoluto,False
2514909,251490,São Mamede - PB,PB,Paraíba,923,461.5,0,0,0,0,0,0,0,0,0,0,0,0,0,0,0,0,0,0.0,0.0,0.0,0,,461.5,Deserto absoluto,False
2515005,251500,São Miguel de Taipu - PB,PB,Paraíba,704,352.0,0,0,0,0,0,0,0,0,0,0,0,0,0,0,0,0,0,0.0,0.0,0.0,0,,352.0,Deserto absoluto,False
2515104,251510,São Sebastião de Lagoa de Roça - PB,PB,Paraíba,1119,559.5,0,0,0,0,0,0,0,0,0,0,0,0,0,0,0,0,0,0.0,0.0,0.0,0,,559.5,Deserto absoluto,False
2515203,251520,São Sebastião do Umbuzeiro - PB,PB,Paraíba,344,172.0,0,0,0,0,0,0,0,0,0,0,0,0,0,0,0,0,0,0.0,0.0,0.0,0,,172.0,Deserto absoluto,False
2515302,251530,Sapé - PB,PB,Paraíba,5177,2588.5,0,0,349,662,480,576,511,136,6,1,0,3,1,0,647,1,648,324.0,0.125,0.1252,0,,2264.5,Deserto absoluto,False
2515401,251540,São Vicente do Seridó - PB,PB,Paraíba,828,414.0,0,0,0,0,0,0,0,0,0,0,0,0,0,0,0,0,0,0.0,0.0,0.0,0,,414.0,Deserto absoluto,False
2515500,251550,Serra Branca - PB,PB,Paraíba,1598,799.0,0,0,138,0,74,0,0,0,1,0,0,0,0,0,0,0,0,0.0,0.0,0.0,0,,799.0,Deserto absoluto,False
2515609,251560,Serra da Raiz - PB,PB,Paraíba,325,162.5,0,0,59,76,78,66,82,120,0,0,0,0,0,0,202,0,202,101.0,0.6215,0.6215,0,,61.5,Deserto absoluto,False
2515708,251570,Serra Grande - PB,PB,Paraíba,274,137.0,0,0,0,0,0,0,0,0,0,0,0,0,0,0,0,0,0,0.0,0.0,0.0,0,,137.0,Deserto absoluto,False
2515807,251580,Serra Redonda - PB,PB,Paraíba,754,377.0,0,0,106,0,148,141,249,0,0,0,0,1,0,0,249,0,249,124.5,0.3302,0.3302,0,,252.5,Deserto absoluto,False
2515906,251590,Serraria - PB,PB,Paraíba,477,238.5,3,3,122,0,0,0,0,88,2,0,0,0,0,1,88,1,89,44.5,0.1845,0.1866,15207,0.9971,194.0,Deserto funcional,True
2515930,251593,Sertãozinho - PB,PB,Paraíba,515,257.5,0,0,79,0,67,75,144,144,0,0,0,0,0,0,288,0,288,144.0,0.5592,0.5592,0,,113.5,Deserto absoluto,False
2515971,251597,Sobrado - PB,PB,Paraíba,797,398.5,0,0,0,70,69,143,133,0,0,2,3,1,2,0,133,2,135,67.5,0.1669,0.1694,0,,331.0,Deserto absoluto,False
2516003,251600,Solânea - PB,PB,Paraíba,2850,1425.0,2,2,0,296,474,0,459,436,0,2,4,0,3,2,895,5,900,450.0,0.314,0.3158,10138,0.9556,975.0,Intermediario,True
2516102,251610,Soledade - PB,PB,Paraíba,1380,690.0,0,0,0,0,0,0,0,0,0,0,0,0,0,0,0,0,0,0.0,0.0,0.0,0,,690.0,Deserto absoluto,False
2516151,251615,Sossêgo - PB,PB,Paraíba,327,163.5,0,0,0,0,0,0,0,0,0,0,0,0,0,0,0,0,0,0.0,0.0,0.0,0,,163.5,Deserto absoluto,False
2516201,251620,Sousa - PB,PB,Paraíba,7239,3619.5,6,6,640,920,1394,946,781,1414,5,8,11,11,3,19,2195,22,2217,1108.5,0.3032,0.3063,30414,0.9636,2511.0,Intermediario,True
2516300,251630,Sumé - PB,PB,Paraíba,1911,955.5,0,0,159,624,367,227,0,249,0,3,0,2,0,1,249,1,250,125.0,0.1303,0.1308,0,,830.5,Deserto absoluto,False
2516409,251640,Tacima - PB,PB,Paraíba,801,400.5,0,0,0,0,0,0,0,0,0,0,0,0,0,0,0,0,0,0.0,0.0,0.0,0,,400.5,Deserto absoluto,False
2516508,251650,Taperoá - PB,PB,Paraíba,1419,709.5,0,0,0,0,0,0,0,0,0,0,0,0,0,0,0,0,0,0.0,0.0,0.0,0,,709.5,Deserto absoluto,False
2516607,251660,Tavares - PB,PB,Paraíba,1411,705.5,0,0,0,80,0,0,77,0,0,0,0,0,0,0,77,0,77,38.5,0.0546,0.0546,0,,667.0,Deserto absoluto,False
2516706,251670,Teixeira - PB,PB,Paraíba,1345,672.5,0,0,72,156,143,139,0,0,0,0,3,3,0,0,0,0,0,0.0,0.0,0.0,0,,672.5,Deserto absoluto,False
2516755,251675,Tenório - PB,PB,Paraíba,274,137.0,0,0,0,0,79,0,0,83,0,0,0,0,0,0,83,0,83,41.5,0.3029,0.3029,0,,95.5,Deserto absoluto,False
2516805,251680,Triunfo - PB,PB,Paraíba,992,496.0,0,0,152,76,74,100,49,100,0,0,0,0,0,0,149,0,149,74.5,0.1502,0.1502,0,,421.5,Deserto absoluto,False
2516904,251690,Uiraúna - PB,PB,Paraíba,1735,867.5,0,0,72,81,75,82,0,274,3,3,2,0,0,2,274,2,276,138.0,0.1579,0.1591,0,,729.5,Deserto absoluto,False
2517001,251700,Umbuzeiro - PB,PB,Paraíba,950,475.0,0,0,0,0,0,0,0,0,0,0,0,0,0,0,0,0,0,0.0,0.0,0.0,0,,475.0,Deserto absoluto,False
2517100,251710,Várzea - PB,PB,Paraíba,315,157.5,0,0,0,0,0,0,82,0,0,0,0,0,0,0,82,0,82,41.0,0.2603,0.2603,0,,116.5,Deserto absoluto,False
2517209,251720,Vieirópolis - PB,PB,Paraíba,551,275.5,0,0,0,0,146,122,142,0,0,0,0,0,0,0,142,0,142,71.0,0.2577,0.2577,0,,204.5,Deserto absoluto,False
2517407,251740,Zabelê - PB,PB,Paraíba,238,119.0,0,0,0,0,0,0,0,0,0,0,0,0,0,0,0,0,0,0.0,0.0,0.0,0,,119.0,Deserto absoluto,False
2600054,260005,Abreu e Lima - PE,PE,Pernambuco,11773,5886.5,0,0,228,0,0,1291,979,1219,14,0,0,2,0,2,2198,2,2200,1100.0,0.1867,0.1869,0,,4786.5,Deserto absoluto,False
2600104,260010,Afogados da Ingazeira - PE,PE,Pernambuco,4126,2063.0,4,4,1833,2689,2822,3641,3441,3922,29,36,23,23,570,1185,7363,1755,9118,4559.0,1.7845,2.2099,20276,0.7752,-2496.0,Adequado,False
2600203,260020,Afrânio - PE,PE,Pernambuco,1674,837.0,1,1,0,0,215,0,0,0,0,0,0,0,0,0,0,0,0,0.0,0.0,0.0,5069,1.0,837.0,Deserto funcional,True
2600302,260030,Agrestina - PE,PE,Pernambuco,2338,1169.0,1,1,0,0,0,112,0,45,0,0,0,0,0,0,45,0,45,22.5,0.0192,0.0192,5069,0.9956,1146.5,Deserto funcional,True
2600401,260040,Água Preta - PE,PE,Pernambuco,2601,1300.5,0,0,0,0,0,0,0,0,0,0,0,0,0,0,0,0,0,0.0,0.0,0.0,0,,1300.5,Deserto absoluto,False
2600500,260050,Águas Belas - PE,PE,Pernambuco,3568,1784.0,0,0,0,0,0,0,79,0,0,0,0,0,0,0,79,0,79,39.5,0.0221,0.0221,0,,1744.5,Deserto absoluto,False
2600609,260060,Alagoinha - PE,PE,Pernambuco,1434,717.0,0,0,0,0,0,0,0,0,0,0,0,0,0,0,0,0,0,0.0,0.0,0.0,0,,717.0,Deserto absoluto,False
2600708,260070,Aliança - PE,PE,Pernambuco,3822,1911.0,0,0,243,291,617,409,487,519,0,1,4,1,4,3,1006,7,1013,506.5,0.2632,0.265,0,,1404.5,Deserto absoluto,False
2600807,260080,Altinho - PE,PE,Pernambuco,2255,1127.5,0,0,0,0,0,0,0,50,0,0,0,0,0,0,50,0,50,25.0,0.0222,0.0222,0,,1102.5,Deserto absoluto,False
2600906,260090,Amaraji - PE,PE,Pernambuco,1815,907.5,0,0,0,0,306,0,0,0,0,0,0,0,0,0,0,0,0,0.0,0.0,0.0,0,,907.5,Deserto absoluto,False
2601003,260100,Angelim - PE,PE,Pernambuco,987,493.5,0,0,0,0,0,0,0,0,0,0,0,0,0,0,0,0,0,0.0,0.0,0.0,0,,493.5,Deserto absoluto,False
2601052,260105,Araçoiaba - PE,PE,Pernambuco,1718,859.0,1,1,0,0,0,80,0,0,0,0,0,0,0,0,0,0,0,0.0,0.0,0.0,5069,1.0,859.0,Deserto funcional,True
2601102,260110,Araripina - PE,PE,Pernambuco,7432,3716.0,8,8,0,0,0,495,101,0,0,0,0,2,1,0,101,1,102,51.0,0.0136,0.0137,40552,0.9987,3665.0,Deserto funcional,True
2601201,260120,Arcoverde - PE,PE,Pernambuco,7778,3889.0,9,9,2260,3548,4749,3946,4033,3248,61,111,105,100,103,69,7281,172,7453,3726.5,0.9361,0.9582,45621,0.9183,162.5,Adequado,True
2601300,260130,Barra de Guabiraba - PE,PE,Pernambuco,1080,540.0,0,0,0,0,0,120,0,0,0,0,0,0,0,0,0,0,0,0.0,0.0,0.0,0,,540.0,Deserto absoluto,False
2601409,260140,Barreiros - PE,PE,Pernambuco,3966,1983.0,1,1,0,0,0,0,0,0,0,0,0,0,0,0,0,0,0,0.0,0.0,0.0,5069,1.0,1983.0,Deserto funcional,True
2601508,260150,Belém de Maria - PE,PE,Pernambuco,1003,501.5,0,0,0,0,117,97,0,0,0,0,2,2,0,0,0,0,0,0.0,0.0,0.0,0,,501.5,Deserto absoluto,False
2601607,260160,Belém do São Francisco - PE,PE,Pernambuco,1698,849.0,0,0,0,0,0,0,0,0,0,0,0,0,0,0,0,0,0,0.0,0.0,0.0,0,,849.0,Deserto absoluto,False
2601706,260170,Belo Jardim - PE,PE,Pernambuco,7858,3929.0,4,4,160,471,265,341,436,142,7,3,0,2,2,2,578,4,582,291.0,0.0736,0.0741,20276,0.9856,3638.0,Deserto funcional,True
2601805,260180,Betânia - PE,PE,Pernambuco,1030,515.0,0,0,0,0,0,0,0,0,0,0,0,0,0,0,0,0,0,0.0,0.0,0.0,0,,515.0,Deserto absoluto,False
2601904,260190,Bezerros - PE,PE,Pernambuco,7021,3510.5,3,3,709,1086,1201,1090,1565,1468,17,15,19,13,10,3,3033,13,3046,1523.0,0.432,0.4338,15207,0.8998,1987.5,Intermediario,True
2602001,260200,Bodocó - PE,PE,Pernambuco,3053,1526.5,0,0,0,159,52,0,0,305,0,0,0,0,0,1,305,1,306,153.0,0.0999,0.1002,0,,1373.5,Deserto absoluto,False
2602100,260210,Bom Conselho - PE,PE,Pernambuco,4493,2246.5,0,0,0,0,0,211,0,0,0,0,0,0,0,0,0,0,0,0.0,0.0,0.0,0,,2246.5,Deserto absoluto,False
2602209,260220,Bom Jardim - PE,PE,Pernambuco,3919,1959.5,0,0,0,0,0,0,0,0,0,0,0,0,0,0,0,0,0,0.0,0.0,0.0,0,,1959.5,Deserto absoluto,False
2602308,260230,Bonito - PE,PE,Pernambuco,3744,1872.0,0,0,0,0,0,0,0,0,0,0,0,0,0,0,0,0,0,0.0,0.0,0.0,0,,1872.0,Deserto absoluto,False
2602407,260240,Brejão - PE,PE,Pernambuco,804,402.0,0,0,0,80,55,0,0,0,0,0,0,0,0,0,0,0,0,0.0,0.0,0.0,0,,402.0,Deserto absoluto,False
2602506,260250,Brejinho - PE,PE,Pernambuco,772,386.0,0,0,0,157,0,0,0,0,0,0,0,0,0,0,0,0,0,0.0,0.0,0.0,0,,386.0,Deserto absoluto,False
2602605,260260,Brejo da Madre de Deus - PE,PE,Pernambuco,4094,2047.0,0,0,0,0,71,0,0,0,0,0,0,0,0,0,0,0,0,0.0,0.0,0.0,0,,2047.0,Deserto absoluto,False
2602704,260270,Buenos Aires - PE,PE,Pernambuco,1266,633.0,0,0,0,0,0,0,0,0,0,0,0,0,0,0,0,0,0,0.0,0.0,0.0,0,,633.0,Deserto absoluto,False
2602803,260280,Buíque - PE,PE,Pernambuco,4516,2258.0,0,0,0,0,0,0,0,0,0,0,0,0,0,0,0,0,0,0.0,0.0,0.0,0,,2258.0,Deserto absoluto,False
2602902,260290,Cabo de Santo Agostinho - PE,PE,Pernambuco,21587,10793.5,3,3,8189,8407,6164,4301,4857,4978,21,23,2,0,10,10,9835,20,9855,4927.5,0.4556,0.4565,15207,0.676,5866.0,Intermediario,True
2603009,260300,Cabrobó - PE,PE,Pernambuco,2759,1379.5,0,0,0,0,0,0,0,0,0,0,0,0,0,0,0,0,0,0.0,0.0,0.0,0,,1379.5,Deserto absoluto,False
2603108,260310,Cachoeirinha - PE,PE,Pernambuco,2072,1036.0,0,0,0,153,0,0,200,0,0,0,0,0,0,0,200,0,200,100.0,0.0965,0.0965,0,,936.0,Deserto absoluto,False
2603207,260320,Caetés - PE,PE,Pernambuco,2441,1220.5,0,0,0,81,231,238,0,0,0,0,0,0,0,0,0,0,0,0.0,0.0,0.0,0,,1220.5,Deserto absoluto,False
2603306,260330,Calçado - PE,PE,Pernambuco,1037,518.5,0,0,0,0,0,0,0,0,0,0,0,0,0,0,0,0,0,0.0,0.0,0.0,0,,518.5,Deserto absoluto,False
2603405,260340,Calumbi - PE,PE,Pernambuco,529,264.5,0,0,0,0,0,0,0,0,0,0,0,0,0,0,0,0,0,0.0,0.0,0.0,0,,264.5,Deserto absoluto,False
2603454,260345,Camaragibe - PE,PE,Pernambuco,17565,8782.5,4,4,2376,3271,3998,3833,3927,4071,2,11,12,9,11,13,7998,24,8022,4011.0,0.4553,0.4567,20276,0.8022,4771.5,Intermediario,True
2603504,260350,Camocim de São Félix - PE,PE,Pernambuco,1857,928.5,0,0,0,0,0,0,0,0,0,0,0,0,0,0,0,0,0,0.0,0.0,0.0,0,,928.5,Deserto absoluto,False
2603603,260360,Camutanga - PE,PE,Pernambuco,832,416.0,0,0,0,0,0,0,0,0,0,0,0,0,0,0,0,0,0,0.0,0.0,0.0,0,,416.0,Deserto absoluto,False
2603702,260370,Canhotinho - PE,PE,Pernambuco,2210,1105.0,0,0,0,0,0,0,0,0,0,0,0,0,0,0,0,0,0,0.0,0.0,0.0,0,,1105.0,Deserto absoluto,False
2603801,260380,Capoeiras - PE,PE,Pernambuco,1725,862.5,0,0,0,0,0,0,0,0,0,0,0,0,0,0,0,0,0,0.0,0.0,0.0,0,,862.5,Deserto absoluto,False
2603900,260390,Carnaíba - PE,PE,Pernambuco,1974,987.0,0,0,0,0,0,0,0,0,0,0,0,0,0,0,0,0,0,0.0,0.0,0.0,0,,987.0,Deserto absoluto,False
2603926,260392,Carnaubeira da Penha - PE,PE,Pernambuco,874,437.0,0,0,0,0,0,0,0,0,0,0,0,0,0,0,0,0,0,0.0,0.0,0.0,0,,437.0,Deserto absoluto,False
2604007,260400,Carpina - PE,PE,Pernambuco,9303,4651.5,3,3,927,951,593,2079,3572,4807,0,0,0,7,2,8,8379,10,8389,4194.5,0.9007,0.9018,15207,0.7242,457.0,Adequado,True
2604106,260410,Caruaru - PE,PE,Pernambuco,37935,18967.5,14,14,4352,5152,10341,10264,9336,7067,114,174,161,188,206,160,16403,366,16769,8384.5,0.4324,0.442,70966,0.8819,10583.0,Intermediario,True
2604155,260415,Casinhas - PE,PE,Pernambuco,1236,618.0,0,0,0,613,313,420,228,0,0,2,1,4,0,0,228,0,228,114.0,0.1845,0.1845,0,,504.0,Deserto absoluto,False
2604205,260420,Catende - PE,PE,Pernambuco,3375,1687.5,1,1,0,0,54,0,0,0,0,0,0,0,0,0,0,0,0,0.0,0.0,0.0,5069,1.0,1687.5,Deserto funcional,True
2604304,260430,Cedro - PE,PE,Pernambuco,956,478.0,0,0,0,0,0,0,0,0,0,0,0,0,0,0,0,0,0,0.0,0.0,0.0,0,,478.0,Deserto absoluto,False
2604403,260440,Chã de Alegria - PE,PE,Pernambuco,1187,593.5,0,0,0,76,70,0,0,0,0,1,0,0,0,0,0,0,0,0.0,0.0,0.0,0,,593.5,Deserto absoluto,False
2604502,260450,Chã Grande - PE,PE,Pernambuco,1892,946.0,1,1,0,0,0,0,0,0,0,0,0,0,0,0,0,0,0,0.0,0.0,0.0,5069,1.0,946.0,Deserto funcional,True
2604601,260460,Condado - PE,PE,Pernambuco,2532,1266.0,0,0,0,0,0,75,0,0,0,0,0,0,0,0,0,0,0,0.0,0.0,0.0,0,,1266.0,Deserto absoluto,False
2604700,260470,Correntes - PE,PE,Pernambuco,1563,781.5,0,0,0,0,0,0,0,0,0,0,0,0,0,0,0,0,0,0.0,0.0,0.0,0,,781.5,Deserto absoluto,False
2604809,260480,Cortês - PE,PE,Pernambuco,1067,533.5,0,0,0,0,0,0,0,0,0,0,0,0,0,0,0,0,0,0.0,0.0,0.0,0,,533.5,Deserto absoluto,False
2604908,260490,Cumaru - PE,PE,Pernambuco,1762,881.0,0,0,0,0,0,0,0,0,0,0,0,0,0,0,0,0,0,0.0,0.0,0.0,0,,881.0,Deserto absoluto,False
2605004,260500,Cupira - PE,PE,Pernambuco,2407,1203.5,0,0,0,0,0,0,0,0,0,0,0,0,0,0,0,0,0,0.0,0.0,0.0,0,,1203.5,Deserto absoluto,False
2605103,260510,Custódia - PE,PE,Pernambuco,3718,1859.0,1,1,0,0,161,0,194,0,0,0,0,0,1,0,194,1,195,97.5,0.0522,0.0524,5069,0.9808,1761.5,Deserto funcional,True
2605152,260515,Dormentes - PE,PE,Pernambuco,1636,818.0,0,0,0,114,106,0,0,0,0,0,0,0,0,0,0,0,0,0.0,0.0,0.0,0,,818.0,Deserto absoluto,False
2605202,260520,Escada - PE,PE,Pernambuco,6073,3036.5,2,2,624,0,77,2566,3015,4258,1,0,0,3,1,13,7273,14,7287,3643.5,1.1976,1.1999,10138,0.6406,-607.0,Adequado,False
2605301,260530,Exu - PE,PE,Pernambuco,3050,1525.0,0,0,0,159,0,0,0,343,0,0,0,0,0,1,343,1,344,172.0,0.1125,0.1128,0,,1353.0,Deserto absoluto,False
2605400,260540,Feira Nova - PE,PE,Pernambuco,2292,1146.0,0,0,71,0,0,0,0,0,2,0,0,0,0,0,0,0,0,0.0,0.0,0.0,0,,1146.0,Deserto absoluto,False
2605459,260545,Fernando de Noronha - PE,PE,Pernambuco,313,156.5,0,0,0,0,0,0,0,0,0,0,0,0,0,0,0,0,0,0.0,0.0,0.0,0,,156.5,Deserto absoluto,False
2605509,260550,Ferreiros - PE,PE,Pernambuco,1555,777.5,0,0,0,0,0,0,0,0,0,0,0,0,0,0,0,0,0,0.0,0.0,0.0,0,,777.5,Deserto absoluto,False
2605608,260560,Flores - PE,PE,Pernambuco,2216,1108.0,0,0,0,0,0,82,0,0,0,0,0,0,0,0,0,0,0,0.0,0.0,0.0,0,,1108.0,Deserto absoluto,False
2605707,260570,Floresta - PE,PE,Pernambuco,2432,1216.0,0,0,0,0,0,0,0,0,0,0,0,0,0,0,0,0,0,0.0,0.0,0.0,0,,1216.0,Deserto absoluto,False
2605806,260580,Frei Miguelinho - PE,PE,Pernambuco,1467,733.5,1,1,157,0,0,0,0,0,0,0,0,0,0,0,0,0,0,0.0,0.0,0.0,5069,1.0,733.5,Deserto funcional,True
2605905,260590,Gameleira - PE,PE,Pernambuco,1738,869.0,0,0,0,0,78,74,0,0,0,0,0,0,0,0,0,0,0,0.0,0.0,0.0,0,,869.0,Deserto absoluto,False
2606002,260600,Garanhuns - PE,PE,Pernambuco,14537,7268.5,8,8,2552,4646,5969,6476,5908,6183,41,187,111,21,27,39,12091,66,12157,6078.5,0.8317,0.8363,40552,0.8501,1190.0,Adequado,True
2606101,260610,Glória do Goitá - PE,PE,Pernambuco,2796,1398.0,0,0,0,0,0,0,0,0,0,0,0,0,0,0,0,0,0,0.0,0.0,0.0,0,,1398.0,Deserto absoluto,False
2606200,260620,Goiana - PE,PE,Pernambuco,8595,4297.5,1,1,0,723,1663,2178,1802,2426,0,6,7,7,6,6,4228,12,4240,2120.0,0.4919,0.4933,5069,0.5818,2177.5,Intermediario,True
2606309,260630,Granito - PE,PE,Pernambuco,632,316.0,0,0,0,0,0,0,0,0,0,0,0,0,0,0,0,0,0,0.0,0.0,0.0,0,,316.0,Deserto absoluto,False
2606408,260640,Gravatá - PE,PE,Pernambuco,9320,4660.0,2,2,1419,0,0,0,0,0,11,0,0,0,0,0,0,0,0,0.0,0.0,0.0,10138,1.0,4660.0,Deserto funcional,True
2606507,260650,Iati - PE,PE,Pernambuco,1593,796.5,0,0,0,0,0,0,0,0,0,0,0,0,0,0,0,0,0,0.0,0.0,0.0,0,,796.5,Deserto absoluto,False
2606606,260660,Ibimirim - PE,PE,Pernambuco,2432,1216.0,0,0,0,0,0,0,216,0,0,0,0,0,0,0,216,0,216,108.0,0.0888,0.0888,0,,1108.0,Deserto absoluto,False
2606705,260670,Ibirajuba - PE,PE,Pernambuco,694,347.0,0,0,0,0,0,0,0,0,0,0,0,0,0,0,0,0,0,0.0,0.0,0.0,0,,347.0,Deserto absoluto,False
2606804,260680,Igarassu - PE,PE,Pernambuco,12589,6294.5,3,3,0,925,2741,2776,2417,2870,0,0,2,8,7,14,5287,21,5308,2654.0,0.42,0.4216,15207,0.8255,3640.5,Intermediario,True
2606903,260690,Iguaracy - PE,PE,Pernambuco,1271,635.5,0,0,0,0,0,0,0,0,0,0,0,0,0,0,0,0,0,0.0,0.0,0.0,0,,635.5,Deserto absoluto,False
2607000,260700,Inajá - PE,PE,Pernambuco,1705,852.5,0,0,0,0,147,0,0,0,0,0,0,0,0,0,0,0,0,0.0,0.0,0.0,0,,852.5,Deserto absoluto,False
2607109,260710,Ingazeira - PE,PE,Pernambuco,479,239.5,0,0,0,0,0,0,0,0,0,0,0,0,0,0,0,0,0,0.0,0.0,0.0,0,,239.5,Deserto absoluto,False
2607208,260720,Ipojuca - PE,PE,Pernambuco,8054,4027.0,2,2,246,1290,2340,2247,2289,1670,4,12,7,2,5,5,3959,10,3969,1984.5,0.4916,0.4928,10138,0.8043,2042.5,Intermediario,True
2607307,260730,Ipubi - PE,PE,Pernambuco,2227,1113.5,0,0,0,0,0,0,0,0,0,0,0,0,0,0,0,0,0,0.0,0.0,0.0,0,,1113.5,Deserto absoluto,False
2607406,260740,Itacuruba - PE,PE,Pernambuco,355,177.5,0,0,0,0,0,0,0,0,0,0,0,0,0,0,0,0,0,0.0,0.0,0.0,0,,177.5,Deserto absoluto,False
2607505,260750,Itaíba - PE,PE,Pernambuco,2990,1495.0,0,0,0,156,0,0,0,0,0,0,0,0,0,0,0,0,0,0.0,0.0,0.0,0,,1495.0,Deserto absoluto,False
2607604,260760,Ilha de Itamaracá - PE,PE,Pernambuco,2459,1229.5,0,0,26,0,0,0,0,0,4,0,0,0,0,0,0,0,0,0.0,0.0,0.0,0,,1229.5,Deserto absoluto,False
2607653,260765,Itambé - PE,PE,Pernambuco,3318,1659.0,1,1,0,0,0,0,0,0,0,0,0,0,0,0,0,0,0,0.0,0.0,0.0,5069,1.0,1659.0,Deserto funcional,True
2607703,260770,Itapetim - PE,PE,Pernambuco,1540,770.0,0,0,0,80,0,0,0,0,0,0,0,0,0,0,0,0,0,0.0,0.0,0.0,0,,770.0,Deserto absoluto,False
2607752,260775,Itapissuma - PE,PE,Pernambuco,2343,1171.5,0,0,310,202,438,550,354,266,3,14,23,50,26,6,620,32,652,326.0,0.2646,0.2783,0,,845.5,Deserto absoluto,False
2607802,260780,Itaquitinga - PE,PE,Pernambuco,1427,713.5,0,0,0,0,0,0,0,0,0,0,0,0,0,0,0,0,0,0.0,0.0,0.0,0,,713.5,Deserto absoluto,False
2607901,260790,Jaboatão dos Guararapes - PE,PE,Pernambuco,76471,38235.5,11,11,8276,13237,12538,11499,11896,10918,40,68,47,60,82,60,22814,142,22956,11478.0,0.2983,0.3002,55759,0.7941,26757.5,Intermediario,True
2607950,260795,Jaqueira - PE,PE,Pernambuco,921,460.5,0,0,0,0,59,117,0,0,0,0,0,0,0,0,0,0,0,0.0,0.0,0.0,0,,460.5,Deserto absoluto,False
2608008,260800,Jataúba - PE,PE,Pernambuco,1497,748.5,0,0,0,0,0,0,0,0,0,0,0,0,0,0,0,0,0,0.0,0.0,0.0,0,,748.5,Deserto absoluto,False
2608057,260805,Jatobá - PE,PE,Pernambuco,1414,707.0,0,0,0,0,0,0,0,0,0,0,0,0,0,0,0,0,0,0.0,0.0,0.0,0,,707.0,Deserto absoluto,False
2608107,260810,João Alfredo - PE,PE,Pernambuco,2965,1482.5,0,0,0,0,0,0,0,0,0,0,0,0,0,0,0,0,0,0.0,0.0,0.0,0,,1482.5,Deserto absoluto,False
2608206,260820,Joaquim Nabuco - PE,PE,Pernambuco,1247,623.5,0,0,155,294,191,139,35,0,0,2,0,0,0,0,35,0,35,17.5,0.0281,0.0281,0,,606.0,Deserto absoluto,False
2608255,260825,Jucati - PE,PE,Pernambuco,1027,513.5,0,0,0,0,129,0,0,0,0,0,0,0,0,0,0,0,0,0.0,0.0,0.0,0,,513.5,Deserto absoluto,False
2608305,260830,Jupi - PE,PE,Pernambuco,1423,711.5,0,0,0,0,0,0,0,0,0,0,0,0,0,0,0,0,0,0.0,0.0,0.0,0,,711.5,Deserto absoluto,False
2608404,260840,Jurema - PE,PE,Pernambuco,1325,662.5,0,0,0,0,0,0,0,0,0,0,0,0,0,0,0,0,0,0.0,0.0,0.0,0,,662.5,Deserto absoluto,False
2608453,260845,Lagoa do Carro - PE,PE,Pernambuco,1829,914.5,0,0,0,0,0,0,0,0,0,0,0,0,0,0,0,0,0,0.0,0.0,0.0,0,,914.5,Deserto absoluto,False
2608503,260850,Lagoa de Itaenga - PE,PE,Pernambuco,1964,982.0,0,0,0,0,0,0,0,0,0,0,0,0,0,0,0,0,0,0.0,0.0,0.0,0,,982.0,Deserto absoluto,False
2608602,260860,Lagoa do Ouro - PE,PE,Pernambuco,1186,593.0,0,0,0,162,0,0,0,0,0,1,0,0,0,0,0,0,0,0.0,0.0,0.0,0,,593.0,Deserto absoluto,False
2608701,260870,Lagoa dos Gatos - PE,PE,Pernambuco,1389,694.5,0,0,0,0,0,0,118,105,0,0,0,0,0,0,223,0,223,111.5,0.1605,0.1605,0,,583.0,Deserto absoluto,False
2608750,260875,Lagoa Grande - PE,PE,Pernambuco,1946,973.0,0,0,0,0,0,0,0,0,0,0,0,0,0,0,0,0,0,0.0,0.0,0.0,0,,973.0,Deserto absoluto,False
2608800,260880,Lajedo - PE,PE,Pernambuco,3806,1903.0,0,0,0,0,67,0,196,0,0,0,0,0,0,0,196,0,196,98.0,0.0515,0.0515,0,,1805.0,Deserto absoluto,False
2608909,260890,Limoeiro - PE,PE,Pernambuco,6639,3319.5,6,6,538,3558,7560,4813,4423,4183,184,233,334,254,335,443,8606,778,9384,4692.0,1.2963,1.4135,30414,0.8457,-1372.5,Adequado,False
2609006,260900,Macaparana - PE,PE,Pernambuco,2381,1190.5,0,0,68,0,649,124,0,181,0,0,0,0,0,13,181,13,194,97.0,0.076,0.0815,0,,1093.5,Deserto absoluto,False
2609105,260910,Machados - PE,PE,Pernambuco,1072,536.0,0,0,0,0,0,0,0,0,0,0,0,0,0,0,0,0,0,0.0,0.0,0.0,0,,536.0,Deserto absoluto,False
2609154,260915,Manari - PE,PE,Pernambuco,1560,780.0,0,0,0,156,0,0,0,0,0,0,0,0,0,0,0,0,0,0.0,0.0,0.0,0,,780.0,Deserto absoluto,False
2609204,260920,Maraial - PE,PE,Pernambuco,847,423.5,0,0,0,0,0,0,0,0,0,0,0,0,0,0,0,0,0,0.0,0.0,0.0,0,,423.5,Deserto absoluto,False
2609303,260930,Mirandiba - PE,PE,Pernambuco,1249,624.5,0,0,80,0,0,0,0,0,0,0,0,0,0,0,0,0,0,0.0,0.0,0.0,0,,624.5,Deserto absoluto,False
2609402,260940,Moreno - PE,PE,Pernambuco,6476,3238.0,3,3,1,0,248,0,0,0,0,0,0,0,0,0,0,0,0,0.0,0.0,0.0,15207,1.0,3238.0,Deserto funcional,True
2609501,260950,Nazaré da Mata - PE,PE,Pernambuco,3728,1864.0,0,0,0,0,0,0,0,0,0,0,0,0,0,0,0,0,0,0.0,0.0,0.0,0,,1864.0,Deserto absoluto,False
2609600,260960,Olinda - PE,PE,Pernambuco,46419,23209.5,6,6,5157,6979,5908,5860,5877,29,36,18,10,29,39,0,5906,39,5945,2972.5,0.1272,0.1281,30414,0.9023,20237.0,Deserto funcional,True
2609709,260970,Orobó - PE,PE,Pernambuco,2304,1152.0,0,0,0,315,363,0,0,0,0,2,0,0,0,0,0,0,0,0.0,0.0,0.0,0,,1152.0,Deserto absoluto,False
2609808,260980,Orocó - PE,PE,Pernambuco,1087,543.5,0,0,0,0,0,0,0,0,0,0,0,0,0,0,0,0,0,0.0,0.0,0.0,0,,543.5,Deserto absoluto,False
2609907,260990,Ouricuri - PE,PE,Pernambuco,5802,2901.0,4,4,0,155,161,0,316,668,0,3,1,0,0,23,984,23,1007,503.5,0.1696,0.1736,20276,0.9752,2397.5,Deserto funcional,True
2610004,261000,Palmares - PE,PE,Pernambuco,5845,2922.5,5,4,2347,2700,2775,4381,4004,5014,11,19,4,73,102,66,9018,168,9186,4593.0,1.5429,1.5716,20276,0.7735,-1670.5,Adequado,False
2610103,261010,Palmeirina - PE,PE,Pernambuco,707,353.5,0,0,0,105,0,0,0,0,0,0,0,0,0,0,0,0,0,0.0,0.0,0.0,0,,353.5,Deserto absoluto,False
2610202,261020,Panelas - PE,PE,Pernambuco,2154,1077.0,0,0,0,0,0,0,0,0,0,0,0,0,0,0,0,0,0,0.0,0.0,0.0,0,,1077.0,Deserto absoluto,False
2610301,261030,Paranatama - PE,PE,Pernambuco,1221,610.5,0,0,0,0,0,0,0,0,0,0,0,0,0,0,0,0,0,0.0,0.0,0.0,0,,610.5,Deserto absoluto,False
2610400,261040,Parnamirim - PE,PE,Pernambuco,1770,885.0,0,0,0,237,0,0,0,0,0,0,0,0,0,0,0,0,0,0.0,0.0,0.0,0,,885.0,Deserto absoluto,False
2610509,261050,Passira - PE,PE,Pernambuco,3157,1578.5,0,0,0,0,0,0,0,0,0,0,0,0,0,0,0,0,0,0.0,0.0,0.0,0,,1578.5,Deserto absoluto,False
2610608,261060,Paudalho - PE,PE,Pernambuco,5655,2827.5,2,2,0,0,206,154,0,211,0,0,1,0,0,0,211,0,211,105.5,0.0373,0.0373,10138,0.9896,2722.0,Deserto funcional,True
2610707,261070,Paulista - PE,PE,Pernambuco,42710,21355.0,6,6,4852,7417,6131,5421,4035,5350,75,101,92,603,70,21,9385,91,9476,4738.0,0.2197,0.2219,30414,0.8442,16617.0,Deserto funcional,True
2610806,261080,Pedra - PE,PE,Pernambuco,2097,1048.5,0,0,0,0,0,0,0,0,0,0,0,0,0,0,0,0,0,0.0,0.0,0.0,0,,1048.5,Deserto absoluto,False
2610905,261090,Pesqueira - PE,PE,Pernambuco,6727,3363.5,3,3,0,0,207,262,0,163,0,0,1,2,0,0,163,0,163,81.5,0.0242,0.0242,15207,0.9946,3282.0,Deserto funcional,True
2611002,261100,Petrolândia - PE,PE,Pernambuco,2943,1471.5,2,2,370,194,325,153,143,0,2,1,3,0,0,0,143,0,143,71.5,0.0486,0.0486,10138,0.9929,1400.0,Deserto funcional,True
2611101,261110,Petrolina - PE,PE,Pernambuco,31643,15821.5,11,10,3914,3017,4154,6314,3890,1587,103,139,138,137,959,1233,5477,2192,7669,3834.5,0.1731,0.2424,50690,0.9244,11987.0,Deserto funcional,True
2611200,261120,Poção - PE,PE,Pernambuco,1179,589.5,0,0,0,0,0,0,0,0,0,0,0,0,0,0,0,0,0,0.0,0.0,0.0,0,,589.5,Deserto absoluto,False
2611309,261130,Pombos - PE,PE,Pernambuco,2849,1424.5,0,0,140,0,0,0,0,0,1,0,0,0,0,0,0,0,0,0.0,0.0,0.0,0,,1424.5,Deserto absoluto,False
2611408,261140,Primavera - PE,PE,Pernambuco,1250,625.0,0,0,0,0,0,0,0,0,0,0,0,0,0,0,0,0,0,0.0,0.0,0.0,0,,625.0,Deserto absoluto,False
2611507,261150,Quipapá - PE,PE,Pernambuco,1751,875.5,0,0,0,0,0,0,135,100,0,0,0,0,0,0,235,0,235,117.5,0.1342,0.1342,0,,758.0,Deserto absoluto,False
2611533,261153,Quixaba - PE,PE,Pernambuco,630,315.0,0,0,0,0,0,0,0,0,0,0,0,0,0,0,0,0,0,0.0,0.0,0.0,0,,315.0,Deserto absoluto,False
2611606,261160,Recife - PE,PE,Pernambuco,195206,97603.0,79,75,22789,44648,40559,47824,48622,59336,3923,5178,4029,7939,9133,10497,107958,19630,127588,63794.0,0.553,0.6536,380175,0.8322,33809.0,Intermediario,True
2611705,261170,Riacho das Almas - PE,PE,Pernambuco,2031,1015.5,0,0,0,69,0,0,0,0,0,1,0,0,0,0,0,0,0,0.0,0.0,0.0,0,,1015.5,Deserto absoluto,False
2611804,261180,Ribeirão - PE,PE,Pernambuco,3872,1936.0,1,1,0,81,0,0,0,0,0,0,0,0,0,0,0,0,0,0.0,0.0,0.0,5069,1.0,1936.0,Deserto funcional,True
2611903,261190,Rio Formoso - PE,PE,Pernambuco,1789,894.5,1,1,108,394,317,0,0,0,0,4,0,0,0,0,0,0,0,0.0,0.0,0.0,5069,1.0,894.5,Deserto funcional,True
2612000,261200,Sairé - PE,PE,Pernambuco,1227,613.5,0,0,0,0,0,0,0,0,0,0,0,0,0,0,0,0,0,0.0,0.0,0.0,0,,613.5,Deserto absoluto,False
2612109,261210,Salgadinho - PE,PE,Pernambuco,600,300.0,0,0,0,0,73,158,80,0,0,0,0,0,0,0,80,0,80,40.0,0.1333,0.1333,0,,260.0,Deserto absoluto,False
2612208,261220,Salgueiro - PE,PE,Pernambuco,5850,2925.0,4,4,465,868,1316,1637,289,134,0,0,0,0,0,1,423,1,424,212.0,0.0723,0.0725,20276,0.9895,2713.0,Deserto funcional,True
2612307,261230,Saloá - PE,PE,Pernambuco,1412,706.0,0,0,0,0,220,77,0,0,0,0,2,0,0,0,0,0,0,0.0,0.0,0.0,0,,706.0,Deserto absoluto,False
2612406,261240,Sanharó - PE,PE,Pernambuco,1896,948.0,0,0,0,0,0,0,0,0,0,0,0,0,0,0,0,0,0,0.0,0.0,0.0,0,,948.0,Deserto absoluto,False
2612455,261245,Santa Cruz - PE,PE,Pernambuco,1216,608.0,0,0,0,0,0,0,0,0,0,0,0,0,0,0,0,0,0,0.0,0.0,0.0,0,,608.0,Deserto absoluto,False
2612471,261247,Santa Cruz da Baixa Verde - PE,PE,Pernambuco,1114,557.0,0,0,0,0,0,0,0,0,0,0,0,0,0,0,0,0,0,0.0,0.0,0.0,0,,557.0,Deserto absoluto,False
2612505,261250,Santa Cruz do Capibaribe - PE,PE,Pernambuco,7564,3782.0,3,3,0,214,0,0,0,0,0,0,0,0,0,0,0,0,0,0.0,0.0,0.0,15207,1.0,3782.0,Deserto funcional,True
2612554,261255,Santa Filomena - PE,PE,Pernambuco,1100,550.0,0,0,0,0,0,0,0,0,0,0,0,0,0,0,0,0,0,0.0,0.0,0.0,0,,550.0,Deserto absoluto,False
2612604,261260,Santa Maria da Boa Vista - PE,PE,Pernambuco,3164,1582.0,0,0,0,212,0,0,0,0,0,1,0,0,0,0,0,0,0,0.0,0.0,0.0,0,,1582.0,Deserto absoluto,False
2612703,261270,Santa Maria do Cambucá - PE,PE,Pernambuco,1308,654.0,0,0,153,0,138,150,0,0,0,0,1,0,0,0,0,0,0,0.0,0.0,0.0,0,,654.0,Deserto absoluto,False
2612802,261280,Santa Terezinha - PE,PE,Pernambuco,1037,518.5,0,0,0,0,0,0,0,0,0,0,0,0,0,0,0,0,0,0.0,0.0,0.0,0,,518.5,Deserto absoluto,False
2612901,261290,São Benedito do Sul - PE,PE,Pernambuco,1123,561.5,0,0,0,0,0,0,0,0,0,0,0,0,0,0,0,0,0,0.0,0.0,0.0,0,,561.5,Deserto absoluto,False
2613008,261300,São Bento do Una - PE,PE,Pernambuco,4498,2249.0,0,0,310,234,0,229,159,0,0,3,0,2,0,0,159,0,159,79.5,0.0353,0.0353,0,,2169.5,Deserto absoluto,False
2613107,261310,São Caitano - PE,PE,Pernambuco,3591,1795.5,0,0,0,231,0,283,155,0,0,0,0,2,0,0,155,0,155,77.5,0.0432,0.0432,0,,1718.0,Deserto absoluto,False
2613206,261320,São João - PE,PE,Pernambuco,2112,1056.0,0,0,0,149,0,0,0,0,0,0,0,0,0,0,0,0,0,0.0,0.0,0.0,0,,1056.0,Deserto absoluto,False
2613305,261330,São Joaquim do Monte - PE,PE,Pernambuco,2000,1000.0,0,0,0,158,0,0,0,0,0,0,0,0,0,0,0,0,0,0.0,0.0,0.0,0,,1000.0,Deserto absoluto,False
2613404,261340,São José da Coroa Grande - PE,PE,Pernambuco,1869,934.5,0,0,177,288,156,0,0,0,0,4,0,0,0,0,0,0,0,0.0,0.0,0.0,0,,934.5,Deserto absoluto,False
2613503,261350,São José do Belmonte - PE,PE,Pernambuco,3358,1679.0,0,0,0,0,0,0,0,0,0,0,0,0,0,0,0,0,0,0.0,0.0,0.0,0,,1679.0,Deserto absoluto,False
2613602,261360,São José do Egito - PE,PE,Pernambuco,3370,1685.0,1,1,0,0,0,0,0,294,0,0,0,0,0,0,294,0,294,147.0,0.0872,0.0872,5069,0.971,1538.0,Deserto funcional,True
2613701,261370,São Lourenço da Mata - PE,PE,Pernambuco,11799,5899.5,0,0,453,0,0,0,0,0,0,0,0,0,0,0,0,0,0,0.0,0.0,0.0,0,,5899.5,Deserto absoluto,False
2613800,261380,São Vicente Férrer - PE,PE,Pernambuco,1588,794.0,0,0,128,161,0,0,0,0,0,0,0,0,0,0,0,0,0,0.0,0.0,0.0,0,,794.0,Deserto absoluto,False
2613909,261390,Serra Talhada - PE,PE,Pernambuco,8851,4425.5,7,7,3331,4849,5398,4950,5834,5088,26,60,35,29,33,38,10922,71,10993,5496.5,1.234,1.242,35483,0.8451,-1071.0,Adequado,False
2614006,261400,Serrita - PE,PE,Pernambuco,1670,835.0,0,0,0,0,0,0,0,0,0,0,0,0,0,0,0,0,0,0.0,0.0,0.0,0,,835.0,Deserto absoluto,False
2614105,261410,Sertânia - PE,PE,Pernambuco,3581,1790.5,1,1,0,0,0,0,0,0,0,0,0,0,0,0,0,0,0,0.0,0.0,0.0,5069,1.0,1790.5,Deserto funcional,True
2614204,261420,Sirinhaém - PE,PE,Pernambuco,3135,1567.5,0,0,229,0,0,0,0,0,0,0,0,0,0,0,0,0,0,0.0,0.0,0.0,0,,1567.5,Deserto absoluto,False
2614303,261430,Moreilândia - PE,PE,Pernambuco,1033,516.5,0,0,0,0,0,0,0,0,0,0,0,0,0,0,0,0,0,0.0,0.0,0.0,0,,516.5,Deserto absoluto,False
2614402,261440,Solidão - PE,PE,Pernambuco,486,243.0,0,0,0,0,0,0,0,0,0,0,0,0,0,0,0,0,0,0.0,0.0,0.0,0,,243.0,Deserto absoluto,False
2614501,261450,Surubim - PE,PE,Pernambuco,6536,3268.0,1,1,902,1635,1603,1972,1669,1667,6,10,13,4,5,8,3336,13,3349,1674.5,0.5104,0.5124,5069,0.6697,1593.5,Intermediario,True
2614600,261460,Tabira - PE,PE,Pernambuco,2692,1346.0,1,1,0,0,0,0,346,0,0,0,0,0,6,0,346,6,352,176.0,0.1285,0.1308,5069,0.9653,1170.0,Deserto funcional,True
2614709,261470,Tacaimbó - PE,PE,Pernambuco,1308,654.0,0,0,0,0,0,0,0,0,0,0,0,0,0,0,0,0,0,0.0,0.0,0.0,0,,654.0,Deserto absoluto,False
2614808,261480,Tacaratu - PE,PE,Pernambuco,1979,989.5,0,0,0,0,0,0,0,0,0,0,0,0,0,0,0,0,0,0.0,0.0,0.0,0,,989.5,Deserto absoluto,False
2614857,261485,Tamandaré - PE,PE,Pernambuco,1972,986.0,0,0,205,79,0,0,0,0,1,0,0,0,0,0,0,0,0,0.0,0.0,0.0,0,,986.0,Deserto absoluto,False
2615003,261500,Taquaritinga do Norte - PE,PE,Pernambuco,2283,1141.5,0,0,0,0,0,0,0,0,0,0,0,0,0,0,0,0,0,0.0,0.0,0.0,0,,1141.5,Deserto absoluto,False
2615102,261510,Terezinha - PE,PE,Pernambuco,620,310.0,0,0,0,164,0,79,0,0,0,0,0,0,0,0,0,0,0,0.0,0.0,0.0,0,,310.0,Deserto absoluto,False
2615201,261520,Terra Nova - PE,PE,Pernambuco,829,414.5,0,0,0,0,0,0,0,0,0,0,0,0,0,0,0,0,0,0.0,0.0,0.0,0,,414.5,Deserto absoluto,False
2615300,261530,Timbaúba - PE,PE,Pernambuco,5310,2655.0,1,1,1167,1674,1620,1186,900,875,0,2,1,0,0,0,1775,0,1775,887.5,0.3343,0.3343,5069,0.8249,1767.5,Intermediario,True
2615409,261540,Toritama - PE,PE,Pernambuco,2889,1444.5,1,1,0,0,0,0,603,2026,0,0,0,0,22,114,2629,136,2765,1382.5,0.91,0.9571,5069,0.7273,62.0,Adequado,True
2615508,261550,Tracunhaém - PE,PE,Pernambuco,1358,679.0,0,0,0,0,0,0,0,0,0,0,0,0,0,0,0,0,0,0.0,0.0,0.0,0,,679.0,Deserto absoluto,False
2615607,261560,Trindade - PE,PE,Pernambuco,2424,1212.0,0,0,0,149,0,0,0,0,0,0,0,0,0,0,0,0,0,0.0,0.0,0.0,0,,1212.0,Deserto absoluto,False
2615706,261570,Triunfo - PE,PE,Pernambuco,1702,851.0,0,0,0,0,0,0,0,0,0,0,0,0,0,0,0,0,0,0.0,0.0,0.0,0,,851.0,Deserto absoluto,False
2615805,261580,Tupanatinga - PE,PE,Pernambuco,2124,1062.0,0,0,0,326,0,0,0,0,0,0,0,0,0,0,0,0,0,0.0,0.0,0.0,0,,1062.0,Deserto absoluto,False
2615904,261590,Tuparetama - PE,PE,Pernambuco,899,449.5,0,0,0,0,0,0,0,0,0,0,0,0,0,0,0,0,0,0.0,0.0,0.0,0,,449.5,Deserto absoluto,False
2616001,261600,Venturosa - PE,PE,Pernambuco,1681,840.5,1,1,0,0,0,0,0,0,0,0,0,0,0,0,0,0,0,0.0,0.0,0.0,5069,1.0,840.5,Deserto funcional,True
2616100,261610,Verdejante - PE,PE,Pernambuco,888,444.0,0,0,0,0,0,0,0,0,0,0,0,0,0,0,0,0,0,0.0,0.0,0.0,0,,444.0,Deserto absoluto,False
2616183,261618,Vertente do Lério - PE,PE,Pernambuco,797,398.5,0,0,0,0,0,0,0,0,0,0,0,0,0,0,0,0,0,0.0,0.0,0.0,0,,398.5,Deserto absoluto,False
2616209,261620,Vertentes - PE,PE,Pernambuco,1996,998.0,1,1,0,0,0,0,0,0,0,0,0,0,0,0,0,0,0,0.0,0.0,0.0,5069,1.0,998.0,Deserto funcional,True
2616308,261630,Vicência - PE,PE,Pernambuco,2763,1381.5,0,0,0,0,203,0,0,0,0,0,1,0,0,0,0,0,0,0.0,0.0,0.0,0,,1381.5,Deserto absoluto,False
2616407,261640,Vitória de Santo Antão - PE,PE,Pernambuco,14720,7360.0,6,6,1317,2702,2871,1023,2234,2013,5,25,10,2,3,57,4247,60,4307,2153.5,0.2885,0.2926,30414,0.9292,5206.5,Deserto funcional,True
2616506,261650,Xexéu - PE,PE,Pernambuco,1175,587.5,0,0,0,0,79,0,0,0,0,0,0,0,0,0,0,0,0,0.0,0.0,0.0,0,,587.5,Deserto absoluto,False
2700102,270010,Água Branca - AL,AL,Alagoas,1628,814.0,0,0,0,228,0,158,0,253,0,0,0,0,0,2,253,2,255,127.5,0.1554,0.1566,0,,686.5,Deserto absoluto,False
2700201,270020,Anadia - AL,AL,Alagoas,1525,762.5,0,0,0,0,0,0,0,0,0,0,0,0,0,0,0,0,0,0.0,0.0,0.0,0,,762.5,Deserto absoluto,False
2700300,270030,Arapiraca - AL,AL,Alagoas,22902,11451.0,13,13,6303,10876,9733,8298,7313,14111,149,201,196,187,184,1029,21424,1213,22637,11318.5,0.9355,0.9884,65897,0.8282,132.5,Adequado,True
2700409,270040,Atalaia - AL,AL,Alagoas,3571,1785.5,0,0,0,360,313,78,476,0,0,3,0,0,4,0,476,4,480,240.0,0.1333,0.1344,0,,1545.5,Deserto absoluto,False
2700508,270050,Barra de Santo Antônio - AL,AL,Alagoas,1434,717.0,0,0,0,0,0,0,0,0,0,0,0,0,0,0,0,0,0,0.0,0.0,0.0,0,,717.0,Deserto absoluto,False
2700607,270060,Barra de São Miguel - AL,AL,Alagoas,683,341.5,0,0,0,0,0,0,79,0,0,0,0,0,0,0,79,0,79,39.5,0.1157,0.1157,0,,302.0,Deserto absoluto,False
2700706,270070,Batalha - AL,AL,Alagoas,1493,746.5,0,0,0,0,0,0,210,202,0,0,0,0,0,0,412,0,412,206.0,0.276,0.276,0,,540.5,Deserto absoluto,False
2700805,270080,Belém - AL,AL,Alagoas,501,250.5,0,0,67,80,80,0,78,156,0,0,0,0,0,0,234,0,234,117.0,0.4671,0.4671,0,,133.5,Deserto absoluto,False
2700904,270090,Belo Monte - AL,AL,Alagoas,525,262.5,0,0,0,0,0,0,0,0,0,0,0,0,0,0,0,0,0,0.0,0.0,0.0,0,,262.5,Deserto absoluto,False
2701001,270100,Boca da Mata - AL,AL,Alagoas,2307,1153.5,0,0,80,0,275,582,623,540,0,0,1,0,4,1,1163,5,1168,584.0,0.5041,0.5063,0,,569.5,Deserto absoluto,False
2701100,270110,Branquinha - AL,AL,Alagoas,910,455.0,0,0,0,0,0,0,0,90,0,0,0,0,0,0,90,0,90,45.0,0.0989,0.0989,0,,410.0,Deserto absoluto,False
2701209,270120,Cacimbinhas - AL,AL,Alagoas,964,482.0,0,0,0,0,0,0,0,0,0,0,0,0,0,0,0,0,0,0.0,0.0,0.0,0,,482.0,Deserto absoluto,False
2701308,270130,Cajueiro - AL,AL,Alagoas,1551,775.5,0,0,0,0,0,0,0,0,0,0,0,0,0,0,0,0,0,0.0,0.0,0.0,0,,775.5,Deserto absoluto,False
2701357,270135,Campestre - AL,AL,Alagoas,605,302.5,0,0,0,77,78,88,0,86,0,0,0,0,0,0,86,0,86,43.0,0.1421,0.1421,0,,259.5,Deserto absoluto,False
2701407,270140,Campo Alegre - AL,AL,Alagoas,2862,1431.0,0,0,0,0,0,0,149,0,0,0,0,0,0,0,149,0,149,74.5,0.0521,0.0521,0,,1356.5,Deserto absoluto,False
2701506,270150,Campo Grande - AL,AL,Alagoas,790,395.0,0,0,0,0,0,0,0,0,0,0,0,0,0,0,0,0,0,0.0,0.0,0.0,0,,395.0,Deserto absoluto,False
2701605,270160,Canapi - AL,AL,Alagoas,1323,661.5,0,0,0,236,0,259,0,0,0,0,0,0,0,0,0,0,0,0.0,0.0,0.0,0,,661.5,Deserto absoluto,False
2701704,270170,Capela - AL,AL,Alagoas,1402,701.0,1,1,337,33,0,0,0,0,0,0,0,0,0,0,0,0,0,0.0,0.0,0.0,5069,1.0,701.0,Deserto funcional,True
2701803,270180,Carneiros - AL,AL,Alagoas,710,355.0,0,0,158,159,294,296,80,152,0,0,0,0,0,0,232,0,232,116.0,0.3268,0.3268,0,,239.0,Deserto absoluto,False
2701902,270190,Chã Preta - AL,AL,Alagoas,558,279.0,0,0,0,0,68,156,80,80,0,0,0,0,0,0,160,0,160,80.0,0.2867,0.2867,0,,199.0,Deserto absoluto,False
2702009,270200,Coité do Nóia - AL,AL,Alagoas,1039,519.5,0,0,0,0,0,0,0,0,0,0,0,0,0,0,0,0,0,0.0,0.0,0.0,0,,519.5,Deserto absoluto,False
2702108,270210,Colônia Leopoldina - AL,AL,Alagoas,1408,704.0,0,0,0,0,0,0,169,0,0,0,0,0,0,0,169,0,169,84.5,0.12,0.12,0,,619.5,Deserto absoluto,False
2702207,270220,Coqueiro Seco - AL,AL,Alagoas,575,287.5,0,0,0,0,0,0,74,0,0,0,0,0,0,0,74,0,74,37.0,0.1287,0.1287,0,,250.5,Deserto absoluto,False
2702306,270230,Coruripe - AL,AL,Alagoas,4687,2343.5,1,1,596,0,0,0,0,0,0,0,0,0,0,0,0,0,0,0.0,0.0,0.0,5069,1.0,2343.5,Deserto funcional,True
2702355,270235,Craíbas - AL,AL,Alagoas,2248,1124.0,0,0,0,0,0,0,0,0,0,0,0,0,0,0,0,0,0,0.0,0.0,0.0,0,,1124.0,Deserto absoluto,False
2702405,270240,Delmiro Gouveia - AL,AL,Alagoas,4860,2430.0,3,3,1423,1638,1602,1966,1027,725,16,9,21,9,19,6,1752,25,1777,888.5,0.3605,0.3656,15207,0.9416,1541.5,Intermediario,True
2702504,270250,Dois Riachos - AL,AL,Alagoas,930,465.0,0,0,144,151,287,0,133,0,0,0,0,0,1,0,133,1,134,67.0,0.143,0.1441,0,,398.0,Deserto absoluto,False
2702553,270255,Estrela de Alagoas - AL,AL,Alagoas,1638,819.0,0,0,0,0,0,60,0,72,0,0,0,0,0,0,72,0,72,36.0,0.044,0.044,0,,783.0,Deserto absoluto,False
2702603,270260,Feira Grande - AL,AL,Alagoas,2017,1008.5,0,0,384,0,0,464,161,0,2,0,0,5,1,0,161,1,162,81.0,0.0798,0.0803,0,,927.5,Deserto absoluto,False
2702702,270270,Feliz Deserto - AL,AL,Alagoas,404,202.0,0,0,0,152,0,0,0,87,0,0,0,0,0,0,87,0,87,43.5,0.2153,0.2153,0,,158.5,Deserto absoluto,False
2702801,270280,Flexeiras - AL,AL,Alagoas,914,457.0,0,0,0,0,0,0,0,0,0,0,0,0,0,0,0,0,0,0.0,0.0,0.0,0,,457.0,Deserto absoluto,False
2702900,270290,Girau do Ponciano - AL,AL,Alagoas,3083,1541.5,0,0,286,0,0,0,0,0,0,0,0,0,0,0,0,0,0,0.0,0.0,0.0,0,,1541.5,Deserto absoluto,False
2703007,270300,Ibateguara - AL,AL,Alagoas,1280,640.0,0,0,0,0,0,0,0,0,0,0,0,0,0,0,0,0,0,0.0,0.0,0.0,0,,640.0,Deserto absoluto,False
2703106,270310,Igaci - AL,AL,Alagoas,2427,1213.5,0,0,0,0,0,0,0,0,0,0,0,0,0,0,0,0,0,0.0,0.0,0.0,0,,1213.5,Deserto absoluto,False
2703205,270320,Igreja Nova - AL,AL,Alagoas,2001,1000.5,0,0,0,0,241,214,460,290,0,0,0,1,2,2,750,4,754,377.0,0.3748,0.3768,0,,623.5,Deserto absoluto,False
2703304,270330,Inhapi - AL,AL,Alagoas,1339,669.5,0,0,0,236,239,250,331,498,0,1,1,0,1,3,829,4,833,416.5,0.6191,0.6221,0,,253.0,Deserto absoluto,False
2703403,270340,Jacaré dos Homens - AL,AL,Alagoas,495,247.5,0,0,129,206,153,296,220,160,1,0,0,1,2,2,380,4,384,192.0,0.7677,0.7758,0,,55.5,Deserto absoluto,False
2703502,270350,Jacuípe - AL,AL,Alagoas,494,247.0,0,0,0,0,0,0,0,0,0,0,0,0,0,0,0,0,0,0.0,0.0,0.0,0,,247.0,Deserto absoluto,False
2703601,270360,Japaratinga - AL,AL,Alagoas,758,379.0,1,1,0,120,114,0,159,161,0,0,1,0,1,1,320,2,322,161.0,0.4222,0.4248,5069,0.9682,218.0,Intermediario,True
2703700,270370,Jaramataia - AL,AL,Alagoas,475,237.5,0,0,0,0,0,0,0,0,0,0,0,0,0,0,0,0,0,0.0,0.0,0.0,0,,237.5,Deserto absoluto,False
2703759,270375,Jequiá da Praia - AL,AL,Alagoas,785,392.5,0,0,0,158,0,0,0,0,0,0,0,0,0,0,0,0,0,0.0,0.0,0.0,0,,392.5,Deserto absoluto,False
2703809,270380,Joaquim Gomes - AL,AL,Alagoas,1513,756.5,0,0,0,0,0,0,0,0,0,0,0,0,0,0,0,0,0,0.0,0.0,0.0,0,,756.5,Deserto absoluto,False
2703908,270390,Jundiá - AL,AL,Alagoas,402,201.0,0,0,0,49,0,0,67,0,0,0,0,0,0,0,67,0,67,33.5,0.1667,0.1667,0,,167.5,Deserto absoluto,False
2704005,270400,Junqueiro - AL,AL,Alagoas,2285,1142.5,0,0,0,124,68,378,404,233,0,0,0,1,0,0,637,0,637,318.5,0.2788,0.2788,0,,824.0,Deserto absoluto,False
2704104,270410,Lagoa da Canoa - AL,AL,Alagoas,1684,842.0,0,0,0,160,0,0,183,0,0,0,0,0,0,0,183,0,183,91.5,0.1087,0.1087,0,,750.5,Deserto absoluto,False
2704203,270420,Limoeiro de Anadia - AL,AL,Alagoas,2211,1105.5,0,0,0,0,186,0,0,0,0,0,1,0,0,0,0,0,0,0.0,0.0,0.0,0,,1105.5,Deserto absoluto,False
2704302,270430,Maceió - AL,AL,Alagoas,107564,53782.0,54,51,31668,41828,44025,25665,32835,30550,586,635,614,543,742,869,63385,1611,64996,32498.0,0.5893,0.6043,258519,0.8743,21284.0,Intermediario,True
2704401,270440,Major Isidoro - AL,AL,Alagoas,1749,874.5,0,0,0,0,0,0,163,14,0,0,0,0,0,0,177,0,177,88.5,0.1012,0.1012,0,,786.0,Deserto absoluto,False
2704500,270450,Maragogi - AL,AL,Alagoas,2515,1257.5,1,1,0,0,0,0,0,63,0,0,0,0,0,0,63,0,63,31.5,0.025,0.025,5069,0.9938,1226.0,Deserto funcional,True
2704609,270460,Maravilha - AL,AL,Alagoas,937,468.5,0,0,100,79,74,80,90,86,1,0,0,0,0,0,176,0,176,88.0,0.1878,0.1878,0,,380.5,Deserto absoluto,False
2704708,270470,Marechal Deodoro - AL,AL,Alagoas,5875,2937.5,0,0,0,0,281,136,0,0,0,0,1,0,0,0,0,0,0,0.0,0.0,0.0,0,,2937.5,Deserto absoluto,False
2704807,270480,Maribondo - AL,AL,Alagoas,1374,687.0,0,0,0,145,67,0,0,0,0,0,0,0,0,0,0,0,0,0.0,0.0,0.0,0,,687.0,Deserto absoluto,False
2704906,270490,Mar Vermelho - AL,AL,Alagoas,366,183.0,0,0,0,85,25,80,80,80,0,0,0,0,1,0,160,1,161,80.5,0.4372,0.4399,0,,102.5,Deserto absoluto,False
2705002,270500,Mata Grande - AL,AL,Alagoas,1874,937.0,0,0,0,0,236,0,0,0,0,0,1,0,0,0,0,0,0,0.0,0.0,0.0,0,,937.0,Deserto absoluto,False
2705101,270510,Matriz de Camaragibe - AL,AL,Alagoas,2120,1060.0,0,0,0,320,410,0,469,153,0,0,0,0,1,0,622,1,623,311.5,0.2934,0.2939,0,,748.5,Deserto absoluto,False
2705200,270520,Messias - AL,AL,Alagoas,1452,726.0,0,0,0,0,0,0,0,0,0,0,0,0,0,0,0,0,0,0.0,0.0,0.0,0,,726.0,Deserto absoluto,False
2705309,270530,Minador do Negrão - AL,AL,Alagoas,511,255.5,0,0,0,0,0,0,0,0,0,0,0,0,0,0,0,0,0,0.0,0.0,0.0,0,,255.5,Deserto absoluto,False
2705408,270540,Monteirópolis - AL,AL,Alagoas,621,310.5,0,0,0,0,0,0,0,0,0,0,0,0,0,0,0,0,0,0.0,0.0,0.0,0,,310.5,Deserto absoluto,False
2705507,270550,Murici - AL,AL,Alagoas,2208,1104.0,1,1,0,0,0,0,0,0,0,0,0,0,0,0,0,0,0,0.0,0.0,0.0,5069,1.0,1104.0,Deserto funcional,True
2705606,270560,Novo Lino - AL,AL,Alagoas,881,440.5,0,0,0,72,0,0,0,88,0,0,0,0,0,0,88,0,88,44.0,0.0999,0.0999,0,,396.5,Deserto absoluto,False
2705705,270570,Olho d'Água das Flores - AL,AL,Alagoas,1937,968.5,0,0,0,0,241,0,129,0,0,0,0,0,0,0,129,0,129,64.5,0.0666,0.0666,0,,904.0,Deserto absoluto,False
2705804,270580,Olho d'Água do Casado - AL,AL,Alagoas,679,339.5,0,0,0,0,0,0,0,0,0,0,0,0,0,0,0,0,0,0.0,0.0,0.0,0,,339.5,Deserto absoluto,False
2705903,270590,Olho d'Água Grande - AL,AL,Alagoas,351,175.5,0,0,62,0,0,0,0,0,0,0,0,0,0,0,0,0,0,0.0,0.0,0.0,0,,175.5,Deserto absoluto,False
2706000,270600,Olivença - AL,AL,Alagoas,992,496.0,0,0,0,0,0,0,0,0,0,0,0,0,0,0,0,0,0,0.0,0.0,0.0,0,,496.0,Deserto absoluto,False
2706109,270610,Ouro Branco - AL,AL,Alagoas,1070,535.0,0,0,0,309,0,159,0,0,0,3,0,1,0,0,0,0,0,0.0,0.0,0.0,0,,535.0,Deserto absoluto,False
2706208,270620,Palestina - AL,AL,Alagoas,380,190.0,0,0,0,160,147,0,0,0,0,0,0,0,0,0,0,0,0,0.0,0.0,0.0,0,,190.0,Deserto absoluto,False
2706307,270630,Palmeira dos Índios - AL,AL,Alagoas,7667,3833.5,6,6,2720,3410,3891,3160,3391,3267,28,41,27,24,24,27,6658,51,6709,3354.5,0.8684,0.875,30414,0.8897,479.0,Adequado,True
2706406,270640,Pão de Açúcar - AL,AL,Alagoas,2185,1092.5,1,1,0,252,0,0,0,125,0,0,0,0,0,0,125,0,125,62.5,0.0572,0.0572,5069,0.9877,1030.0,Deserto funcional,True
2706422,270642,Pariconha - AL,AL,Alagoas,868,434.0,0,0,0,0,0,0,0,0,0,0,0,0,0,0,0,0,0,0.0,0.0,0.0,0,,434.0,Deserto absoluto,False
2706448,270644,Paripueira - AL,AL,Alagoas,1277,638.5,0,0,0,0,0,287,0,0,0,0,0,2,0,0,0,0,0,0.0,0.0,0.0,0,,638.5,Deserto absoluto,False
2706505,270650,Passo de Camaragibe - AL,AL,Alagoas,1094,547.0,0,0,0,0,0,0,0,0,0,0,0,0,0,0,0,0,0,0.0,0.0,0.0,0,,547.0,Deserto absoluto,False
2706604,270660,Paulo Jacinto - AL,AL,Alagoas,672,336.0,0,0,0,0,0,0,0,0,0,0,0,0,0,0,0,0,0,0.0,0.0,0.0,0,,336.0,Deserto absoluto,False
2706703,270670,Penedo - AL,AL,Alagoas,5972,2986.0,4,4,1185,2757,1035,2367,2814,3270,135,25,6,13,24,52,6084,76,6160,3080.0,1.0188,1.0315,20276,0.8481,-94.0,Adequado,False
2706802,270680,Piaçabuçu - AL,AL,Alagoas,1485,742.5,1,1,0,0,0,0,0,0,0,0,0,0,0,0,0,0,0,0.0,0.0,0.0,5069,1.0,742.5,Deserto funcional,True
2706901,270690,Pilar - AL,AL,Alagoas,3341,1670.5,1,1,0,0,1810,2935,1442,3903,0,0,41,13,25,34,5345,59,5404,2702.0,1.5998,1.6175,5069,0.467,-1031.5,Adequado,False
2707008,270700,Pindoba - AL,AL,Alagoas,304,152.0,0,0,156,0,143,118,0,0,0,0,0,0,0,0,0,0,0,0.0,0.0,0.0,0,,152.0,Deserto absoluto,False
2707107,270710,Piranhas - AL,AL,Alagoas,1814,907.0,0,0,0,0,0,0,0,0,0,0,0,0,0,0,0,0,0,0.0,0.0,0.0,0,,907.0,Deserto absoluto,False
2707206,270720,Poço das Trincheiras - AL,AL,Alagoas,1121,560.5,0,0,0,0,49,0,0,0,0,0,0,0,0,0,0,0,0,0.0,0.0,0.0,0,,560.5,Deserto absoluto,False
2707305,270730,Porto Calvo - AL,AL,Alagoas,2159,1079.5,2,2,484,1078,1111,1237,1103,1249,15,13,19,26,16,6,2352,22,2374,1187.0,1.0894,1.0996,10138,0.8829,-107.5,Adequado,False
2707404,270740,Porto de Pedras - AL,AL,Alagoas,772,386.0,0,0,80,83,149,77,164,188,0,0,0,0,0,0,352,0,352,176.0,0.456,0.456,0,,210.0,Deserto absoluto,False
2707503,270750,Porto Real do Colégio - AL,AL,Alagoas,1781,890.5,0,0,0,0,209,299,170,170,0,0,0,2,0,0,340,0,340,170.0,0.1909,0.1909,0,,720.5,Deserto absoluto,False
2707602,270760,Quebrangulo - AL,AL,Alagoas,1034,517.0,0,0,0,0,0,0,0,0,0,0,0,0,0,0,0,0,0,0.0,0.0,0.0,0,,517.0,Deserto absoluto,False
2707701,270770,Rio Largo - AL,AL,Alagoas,9197,4598.5,0,0,0,0,347,261,0,384,0,0,0,1,0,1,384,1,385,192.5,0.0418,0.0419,0,,4406.0,Deserto absoluto,False
2707800,270780,Roteiro - AL,AL,Alagoas,462,231.0,0,0,0,0,0,0,0,0,0,0,0,0,0,0,0,0,0,0.0,0.0,0.0,0,,231.0,Deserto absoluto,False
2707909,270790,Santa Luzia do Norte - AL,AL,Alagoas,610,305.0,0,0,0,0,0,0,0,79,0,0,0,0,0,0,79,0,79,39.5,0.1295,0.1295,0,,265.5,Deserto absoluto,False
2708006,270800,Santana do Ipanema - AL,AL,Alagoas,4159,2079.5,3,3,1141,723,1042,1738,826,1978,5,6,2,7,9,27,2804,36,2840,1420.0,0.6742,0.6829,15207,0.9066,659.5,Intermediario,True
2708105,270810,Santana do Mundaú - AL,AL,Alagoas,1003,501.5,0,0,0,0,0,0,0,231,0,0,0,0,0,1,231,1,232,116.0,0.2303,0.2313,0,,385.5,Deserto absoluto,False
2708204,270820,São Brás - AL,AL,Alagoas,623,311.5,0,0,0,0,152,0,0,100,0,0,0,0,0,0,100,0,100,50.0,0.1605,0.1605,0,,261.5,Deserto absoluto,False
2708303,270830,São José da Laje - AL,AL,Alagoas,1965,982.5,1,1,0,234,287,0,0,197,0,2,2,0,0,0,197,0,197,98.5,0.1003,0.1003,5069,0.9806,884.0,Deserto funcional,True
2708402,270840,São José da Tapera - AL,AL,Alagoas,2405,1202.5,0,0,211,0,0,0,0,0,0,0,0,0,0,0,0,0,0,0.0,0.0,0.0,0,,1202.5,Deserto absoluto,False
2708501,270850,São Luís do Quitunde - AL,AL,Alagoas,2471,1235.5,2,2,152,311,342,160,236,190,0,1,0,0,1,0,426,1,427,213.5,0.1724,0.1728,10138,0.9789,1022.0,Deserto funcional,True
2708600,270860,São Miguel dos Campos - AL,AL,Alagoas,5190,2595.0,2,2,1994,2635,1562,2504,2151,1455,12,33,9,25,19,16,3606,35,3641,1820.5,0.6948,0.7015,10138,0.8204,774.5,Adequado,True
2708709,270870,São Miguel dos Milagres - AL,AL,Alagoas,707,353.5,1,1,0,0,0,0,0,0,0,0,0,0,0,0,0,0,0,0.0,0.0,0.0,5069,1.0,353.5,Deserto funcional,True
2708808,270880,São Sebastião - AL,AL,Alagoas,2902,1451.0,0,0,0,0,0,0,0,0,0,0,0,0,0,0,0,0,0,0.0,0.0,0.0,0,,1451.0,Deserto absoluto,False
2708907,270890,Satuba - AL,AL,Alagoas,2115,1057.5,0,0,0,0,0,0,0,0,0,0,0,0,0,0,0,0,0,0.0,0.0,0.0,0,,1057.5,Deserto absoluto,False
2708956,270895,Senador Rui Palmeira - AL,AL,Alagoas,959,479.5,0,0,147,233,127,0,0,0,1,0,0,0,0,0,0,0,0,0.0,0.0,0.0,0,,479.5,Deserto absoluto,False
2709004,270900,Tanque d'Arca - AL,AL,Alagoas,598,299.0,0,0,0,0,0,0,78,0,0,0,0,0,2,0,78,2,80,40.0,0.1304,0.1338,0,,259.0,Deserto absoluto,False
2709103,270910,Taquarana - AL,AL,Alagoas,1874,937.0,0,0,0,0,0,0,0,0,0,0,0,0,0,0,0,0,0,0.0,0.0,0.0,0,,937.0,Deserto absoluto,False
2709152,270915,Teotônio Vilela - AL,AL,Alagoas,3594,1797.0,1,1,1746,2646,2716,1315,1278,2522,32,21,12,9,7,31,3800,38,3838,1919.0,1.0573,1.0679,5069,0.6214,-122.0,Adequado,False
2709202,270920,Traipu - AL,AL,Alagoas,2076,1038.0,0,0,0,0,0,0,0,0,0,0,0,0,0,0,0,0,0,0.0,0.0,0.0,0,,1038.0,Deserto absoluto,False
2709301,270930,União dos Palmares - AL,AL,Alagoas,5744,2872.0,3,3,302,113,157,396,726,1144,1,0,0,0,3,5,1870,8,1878,939.0,0.3256,0.3269,15207,0.9383,1933.0,Intermediario,True
2709400,270940,Viçosa - AL,AL,Alagoas,2459,1229.5,0,0,0,0,0,0,0,82,0,0,0,0,0,0,82,0,82,41.0,0.0333,0.0333,0,,1188.5,Deserto absoluto,False
2800100,280010,Amparo do São Francisco - SE,SE,Sergipe,211,105.5,0,0,0,0,0,0,0,0,0,0,0,0,0,0,0,0,0,0.0,0.0,0.0,0,,105.5,Deserto absoluto,False
2800209,280020,Aquidabã - SE,SE,Sergipe,2056,1028.0,1,1,0,0,0,0,0,0,0,0,0,0,0,0,0,0,0,0.0,0.0,0.0,5069,1.0,1028.0,Deserto funcional,True
2800308,280030,Aracaju - SE,SE,Sergipe,70566,35283.0,38,38,10958,16157,20877,27734,27381,25897,358,508,496,605,583,720,53278,1303,54581,27290.5,0.755,0.7735,192622,0.8583,7992.5,Adequado,True
2800407,280040,Arauá - SE,SE,Sergipe,1068,534.0,0,0,0,0,0,0,0,0,0,0,0,0,0,0,0,0,0,0.0,0.0,0.0,0,,534.0,Deserto absoluto,False
2800506,280050,Areia Branca - SE,SE,Sergipe,1615,807.5,0,0,0,0,0,0,0,0,0,0,0,0,0,0,0,0,0,0.0,0.0,0.0,0,,807.5,Deserto absoluto,False
2800605,280060,Barra dos Coqueiros - SE,SE,Sergipe,3802,1901.0,0,0,0,0,0,0,0,237,0,0,0,0,0,0,237,0,237,118.5,0.0623,0.0623,0,,1782.5,Deserto absoluto,False
2800670,280067,Boquim - SE,SE,Sergipe,2685,1342.5,0,0,0,0,0,0,0,0,0,0,0,0,0,0,0,0,0,0.0,0.0,0.0,0,,1342.5,Deserto absoluto,False
2800704,280070,Brejo Grande - SE,SE,Sergipe,615,307.5,0,0,0,0,0,0,0,0,0,0,0,0,0,0,0,0,0,0.0,0.0,0.0,0,,307.5,Deserto absoluto,False
2801009,280100,Campo do Brito - SE,SE,Sergipe,1875,937.5,0,0,0,0,0,0,0,0,0,0,0,0,0,0,0,0,0,0.0,0.0,0.0,0,,937.5,Deserto absoluto,False
2801108,280110,Canhoba - SE,SE,Sergipe,335,167.5,0,0,0,80,0,0,0,0,0,1,0,0,0,0,0,0,0,0.0,0.0,0.0,0,,167.5,Deserto absoluto,False
2801207,280120,Canindé de São Francisco - SE,SE,Sergipe,2013,1006.5,1,1,0,0,0,248,0,0,0,0,0,1,0,0,0,0,0,0.0,0.0,0.0,5069,1.0,1006.5,Deserto funcional,True
2801306,280130,Capela - SE,SE,Sergipe,2897,1448.5,1,1,0,0,0,0,0,0,0,0,0,0,0,0,0,0,0,0.0,0.0,0.0,5069,1.0,1448.5,Deserto funcional,True
2801405,280140,Carira - SE,SE,Sergipe,2023,1011.5,0,0,0,0,0,0,0,0,0,0,0,0,0,0,0,0,0,0.0,0.0,0.0,0,,1011.5,Deserto absoluto,False
2801504,280150,Carmópolis - SE,SE,Sergipe,1240,620.0,1,1,0,0,0,0,0,0,0,0,0,0,0,0,0,0,0,0.0,0.0,0.0,5069,1.0,620.0,Deserto funcional,True
2801603,280160,Cedro de São João - SE,SE,Sergipe,559,279.5,0,0,0,0,125,0,0,0,0,0,0,0,0,0,0,0,0,0.0,0.0,0.0,0,,279.5,Deserto absoluto,False
2801702,280170,Cristinápolis - SE,SE,Sergipe,1400,700.0,0,0,0,0,0,0,117,0,0,0,0,0,0,0,117,0,117,58.5,0.0836,0.0836,0,,641.5,Deserto absoluto,False
2801900,280190,Cumbe - SE,SE,Sergipe,388,194.0,0,0,0,158,160,0,0,0,0,2,0,0,0,0,0,0,0,0.0,0.0,0.0,0,,194.0,Deserto absoluto,False
2802007,280200,Divina Pastora - SE,SE,Sergipe,399,199.5,0,0,0,0,0,0,0,0,0,0,0,0,0,0,0,0,0,0.0,0.0,0.0,0,,199.5,Deserto absoluto,False
2802106,280210,Estância - SE,SE,Sergipe,6675,3337.5,2,2,3148,5072,4997,5355,4930,3797,32,38,10,10,8,5,8727,13,8740,4370.0,1.3074,1.3094,10138,0.5689,-1032.5,Adequado,False
2802205,280220,Feira Nova - SE,SE,Sergipe,588,294.0,0,0,0,0,0,0,0,0,0,0,0,0,0,0,0,0,0,0.0,0.0,0.0,0,,294.0,Deserto absoluto,False
2802304,280230,Frei Paulo - SE,SE,Sergipe,1430,715.0,0,0,0,0,0,0,0,0,0,0,0,0,0,0,0,0,0,0.0,0.0,0.0,0,,715.0,Deserto absoluto,False
2802403,280240,Gararu - SE,SE,Sergipe,1011,505.5,0,0,0,0,0,0,0,0,0,0,0,0,0,0,0,0,0,0.0,0.0,0.0,0,,505.5,Deserto absoluto,False
2802502,280250,General Maynard - SE,SE,Sergipe,304,152.0,0,0,0,0,0,0,0,0,0,0,0,0,0,0,0,0,0,0.0,0.0,0.0,0,,152.0,Deserto absoluto,False
2802601,280260,Graccho Cardoso - SE,SE,Sergipe,603,301.5,0,0,0,0,0,0,0,0,0,0,0,0,0,0,0,0,0,0.0,0.0,0.0,0,,301.5,Deserto absoluto,False
2802700,280270,Ilha das Flores - SE,SE,Sergipe,758,379.0,0,0,0,157,0,0,0,0,0,0,0,0,0,0,0,0,0,0.0,0.0,0.0,0,,379.0,Deserto absoluto,False
2802809,280280,Indiaroba - SE,SE,Sergipe,1386,693.0,0,0,0,0,0,0,0,0,0,0,0,0,0,0,0,0,0,0.0,0.0,0.0,0,,693.0,Deserto absoluto,False
2802908,280290,Itabaiana - SE,SE,Sergipe,9825,4912.5,9,9,2109,4324,4571,5119,4686,5220,66,75,54,59,48,45,9906,93,9999,4999.5,1.0082,1.0177,45621,0.8904,-87.0,Adequado,False
2803005,280300,Itabaianinha - SE,SE,Sergipe,3548,1774.0,0,0,0,0,0,0,0,0,0,0,0,0,0,0,0,0,0,0.0,0.0,0.0,0,,1774.0,Deserto absoluto,False
2803104,280310,Itabi - SE,SE,Sergipe,556,278.0,0,0,0,0,0,0,0,0,0,0,0,0,0,0,0,0,0,0.0,0.0,0.0,0,,278.0,Deserto absoluto,False
2803203,280320,Itaporanga d'Ajuda - SE,SE,Sergipe,3113,1556.5,0,0,0,0,0,0,0,0,0,0,0,0,0,0,0,0,0,0.0,0.0,0.0,0,,1556.5,Deserto absoluto,False
2803302,280330,Japaratuba - SE,SE,Sergipe,1631,815.5,0,0,0,0,0,0,0,0,0,0,0,0,0,0,0,0,0,0.0,0.0,0.0,0,,815.5,Deserto absoluto,False
2803401,280340,Japoatã - SE,SE,Sergipe,1183,591.5,0,0,0,151,151,0,0,0,0,0,0,0,0,0,0,0,0,0.0,0.0,0.0,0,,591.5,Deserto absoluto,False
2803500,280350,Lagarto - SE,SE,Sergipe,10450,5225.0,7,7,4981,7772,9800,11085,12046,4599,87,328,303,305,317,167,16645,484,17129,8564.5,1.5928,1.6391,35483,0.7586,-3339.5,Adequado,False
2803609,280360,Laranjeiras - SE,SE,Sergipe,2263,1131.5,2,1,0,0,0,0,0,0,0,0,0,0,0,0,0,0,0,0.0,0.0,0.0,5069,1.0,1131.5,Deserto funcional,True
2803708,280370,Macambira - SE,SE,Sergipe,709,354.5,0,0,0,0,0,0,0,0,0,0,0,0,0,0,0,0,0,0.0,0.0,0.0,0,,354.5,Deserto absoluto,False
2803807,280380,Malhada dos Bois - SE,SE,Sergipe,301,150.5,0,0,122,104,0,0,0,0,1,0,0,0,0,0,0,0,0,0.0,0.0,0.0,0,,150.5,Deserto absoluto,False
2803906,280390,Malhador - SE,SE,Sergipe,1165,582.5,0,0,0,0,0,0,0,0,0,0,0,0,0,0,0,0,0,0.0,0.0,0.0,0,,582.5,Deserto absoluto,False
2804003,280400,Maruim - SE,SE,Sergipe,1491,745.5,0,0,0,0,0,0,0,0,0,0,0,0,0,0,0,0,0,0.0,0.0,0.0,0,,745.5,Deserto absoluto,False
2804102,280410,Moita Bonita - SE,SE,Sergipe,1111,555.5,0,0,0,0,0,0,0,0,0,0,0,0,0,0,0,0,0,0.0,0.0,0.0,0,,555.5,Deserto absoluto,False
2804201,280420,Monte Alegre de Sergipe - SE,SE,Sergipe,1189,594.5,0,0,0,0,0,0,0,0,0,0,0,0,0,0,0,0,0,0.0,0.0,0.0,0,,594.5,Deserto absoluto,False
2804300,280430,Muribeca - SE,SE,Sergipe,758,379.0,0,0,0,136,136,0,0,0,0,0,0,0,0,0,0,0,0,0.0,0.0,0.0,0,,379.0,Deserto absoluto,False
2804409,280440,Neópolis - SE,SE,Sergipe,1646,823.0,0,0,0,526,0,0,0,0,0,1,0,0,0,0,0,0,0,0.0,0.0,0.0,0,,823.0,Deserto absoluto,False
2804458,280445,Nossa Senhora Aparecida - SE,SE,Sergipe,864,432.0,0,0,0,0,0,0,0,0,0,0,0,0,0,0,0,0,0,0.0,0.0,0.0,0,,432.0,Deserto absoluto,False
2804508,280450,Nossa Senhora da Glória - SE,SE,Sergipe,3460,1730.0,4,3,562,5088,6689,1147,2926,3012,1,10,1,0,12,13,5938,25,5963,2981.5,1.7162,1.7234,15207,0.8039,-1251.5,Adequado,False
2804607,280460,Nossa Senhora das Dores - SE,SE,Sergipe,2498,1249.0,1,1,0,0,0,0,0,0,0,0,0,0,0,0,0,0,0,0.0,0.0,0.0,5069,1.0,1249.0,Deserto funcional,True
2804706,280470,Nossa Senhora de Lourdes - SE,SE,Sergipe,643,321.5,0,0,154,155,0,0,0,0,0,0,0,0,0,0,0,0,0,0.0,0.0,0.0,0,,321.5,Deserto absoluto,False
2804805,280480,Nossa Senhora do Socorro - SE,SE,Sergipe,18170,9085.0,2,2,408,0,0,0,0,142,12,0,0,0,0,0,142,0,142,71.0,0.0078,0.0078,10138,0.993,9014.0,Deserto funcional,True
2804904,280490,Pacatuba - SE,SE,Sergipe,1063,531.5,0,0,0,0,77,0,0,0,0,0,0,0,0,0,0,0,0,0.0,0.0,0.0,0,,531.5,Deserto absoluto,False
2805000,280500,Pedra Mole - SE,SE,Sergipe,307,153.5,0,0,0,0,0,0,0,0,0,0,0,0,0,0,0,0,0,0.0,0.0,0.0,0,,153.5,Deserto absoluto,False
2805109,280510,Pedrinhas - SE,SE,Sergipe,839,419.5,0,0,0,0,0,0,0,0,0,0,0,0,0,0,0,0,0,0.0,0.0,0.0,0,,419.5,Deserto absoluto,False
2805208,280520,Pinhão - SE,SE,Sergipe,621,310.5,0,0,0,0,0,0,0,0,0,0,0,0,0,0,0,0,0,0.0,0.0,0.0,0,,310.5,Deserto absoluto,False
2805307,280530,Pirambu - SE,SE,Sergipe,773,386.5,0,0,0,0,110,0,77,0,0,0,0,0,0,0,77,0,77,38.5,0.0996,0.0996,0,,348.0,Deserto absoluto,False
2805406,280540,Poço Redondo - SE,SE,Sergipe,2526,1263.0,0,0,0,0,0,0,0,0,0,0,0,0,0,0,0,0,0,0.0,0.0,0.0,0,,1263.0,Deserto absoluto,False
2805505,280550,Poço Verde - SE,SE,Sergipe,2298,1149.0,0,0,0,0,0,0,0,0,0,0,0,0,0,0,0,0,0,0.0,0.0,0.0,0,,1149.0,Deserto absoluto,False
2805604,280560,Porto da Folha - SE,SE,Sergipe,2376,1188.0,0,0,0,0,0,0,0,0,0,0,0,0,0,0,0,0,0,0.0,0.0,0.0,0,,1188.0,Deserto absoluto,False
2805703,280570,Propriá - SE,SE,Sergipe,2866,1433.0,3,3,0,0,0,0,0,47,0,0,0,0,0,0,47,0,47,23.5,0.0164,0.0164,15207,0.9985,1409.5,Deserto funcional,True
2805802,280580,Riachão do Dantas - SE,SE,Sergipe,1706,853.0,0,0,0,0,0,0,0,0,0,0,0,0,0,0,0,0,0,0.0,0.0,0.0,0,,853.0,Deserto absoluto,False
2805901,280590,Riachuelo - SE,SE,Sergipe,808,404.0,0,0,0,0,0,0,0,0,0,0,0,0,0,0,0,0,0,0.0,0.0,0.0,0,,404.0,Deserto absoluto,False
2806008,280600,Ribeirópolis - SE,SE,Sergipe,1831,915.5,0,0,0,0,0,0,0,0,0,0,0,0,0,0,0,0,0,0.0,0.0,0.0,0,,915.5,Deserto absoluto,False
2806107,280610,Rosário do Catete - SE,SE,Sergipe,897,448.5,0,0,0,200,151,159,0,0,0,0,1,0,0,0,0,0,0,0.0,0.0,0.0,0,,448.5,Deserto absoluto,False
2806206,280620,Salgado - SE,SE,Sergipe,2037,1018.5,0,0,0,0,0,0,0,0,0,0,0,0,0,0,0,0,0,0.0,0.0,0.0,0,,1018.5,Deserto absoluto,False
2806305,280630,Santa Luzia do Itanhy - SE,SE,Sergipe,1174,587.0,0,0,0,0,0,0,0,0,0,0,0,0,0,0,0,0,0,0.0,0.0,0.0,0,,587.0,Deserto absoluto,False
2806404,280640,Santana do São Francisco - SE,SE,Sergipe,599,299.5,0,0,0,153,0,0,0,0,0,0,0,0,0,0,0,0,0,0.0,0.0,0.0,0,,299.5,Deserto absoluto,False
2806503,280650,Santa Rosa de Lima - SE,SE,Sergipe,355,177.5,0,0,0,0,0,0,0,0,0,0,0,0,0,0,0,0,0,0.0,0.0,0.0,0,,177.5,Deserto absoluto,False
2806602,280660,Santo Amaro das Brotas - SE,SE,Sergipe,1179,589.5,0,0,0,0,0,0,0,0,0,0,0,0,0,0,0,0,0,0.0,0.0,0.0,0,,589.5,Deserto absoluto,False
2806701,280670,São Cristóvão - SE,SE,Sergipe,8874,4437.0,1,1,0,0,0,0,260,329,0,0,0,0,18,2,589,20,609,304.5,0.0664,0.0686,5069,0.9399,4132.5,Deserto funcional,True
2806800,280680,São Domingos - SE,SE,Sergipe,994,497.0,0,0,0,0,0,0,0,0,0,0,0,0,0,0,0,0,0,0.0,0.0,0.0,0,,497.0,Deserto absoluto,False
2806909,280690,São Francisco - SE,SE,Sergipe,337,168.5,0,0,84,150,0,0,0,0,1,1,0,0,0,0,0,0,0,0.0,0.0,0.0,0,,168.5,Deserto absoluto,False
2807006,280700,São Miguel do Aleixo - SE,SE,Sergipe,355,177.5,0,0,0,0,0,0,0,0,0,0,0,0,0,0,0,0,0,0.0,0.0,0.0,0,,177.5,Deserto absoluto,False
2807105,280710,Simão Dias - SE,SE,Sergipe,4244,2122.0,0,0,0,0,0,0,0,0,0,0,0,0,0,0,0,0,0,0.0,0.0,0.0,0,,2122.0,Deserto absoluto,False
2807204,280720,Siriri - SE,SE,Sergipe,698,349.0,0,0,0,0,140,0,121,0,0,0,0,0,0,0,121,0,121,60.5,0.1734,0.1734,0,,288.5,Deserto absoluto,False
2807303,280730,Telha - SE,SE,Sergipe,301,150.5,0,0,75,100,0,0,0,0,0,0,0,0,0,0,0,0,0,0.0,0.0,0.0,0,,150.5,Deserto absoluto,False
2807402,280740,Tobias Barreto - SE,SE,Sergipe,5222,2611.0,1,1,1252,1640,1311,1857,1857,2207,15,9,6,8,20,19,4064,39,4103,2051.5,0.7782,0.7857,5069,0.5953,559.5,Adequado,True
2807501,280750,Tomar do Geru - SE,SE,Sergipe,1143,571.5,0,0,0,0,0,0,0,0,0,0,0,0,0,0,0,0,0,0.0,0.0,0.0,0,,571.5,Deserto absoluto,False
2807600,280760,Umbaúba - SE,SE,Sergipe,2204,1102.0,0,0,0,195,0,0,0,0,0,0,0,0,0,0,0,0,0,0.0,0.0,0.0,0,,1102.0,Deserto absoluto,False
2900108,290010,Abaíra - BA,BA,Bahia,1004,502.0,0,0,0,0,0,0,0,0,0,0,0,0,0,0,0,0,0,0.0,0.0,0.0,0,,502.0,Deserto absoluto,False
2900207,290020,Abaré - BA,BA,Bahia,1400,700.0,0,0,0,0,0,0,0,0,0,0,0,0,0,0,0,0,0,0.0,0.0,0.0,0,,700.0,Deserto absoluto,False
2900306,290030,Acajutiba - BA,BA,Bahia,1406,703.0,0,0,0,0,0,0,0,0,0,0,0,0,0,0,0,0,0,0.0,0.0,0.0,0,,703.0,Deserto absoluto,False
2900355,290035,Adustina - BA,BA,Bahia,1414,707.0,0,0,0,0,0,0,0,0,0,0,0,0,0,0,0,0,0,0.0,0.0,0.0,0,,707.0,Deserto absoluto,False
2900405,290040,Água Fria - BA,BA,Bahia,1457,728.5,0,0,0,0,0,0,0,0,0,0,0,0,0,0,0,0,0,0.0,0.0,0.0,0,,728.5,Deserto absoluto,False
2900504,290050,Érico Cardoso - BA,BA,Bahia,1138,569.0,0,0,0,0,0,0,0,0,0,0,0,0,0,0,0,0,0,0.0,0.0,0.0,0,,569.0,Deserto absoluto,False
2900603,290060,Aiquara - BA,BA,Bahia,497,248.5,0,0,0,0,0,0,0,0,0,0,0,0,0,0,0,0,0,0.0,0.0,0.0,0,,248.5,Deserto absoluto,False
2900702,290070,Alagoinhas - BA,BA,Bahia,16702,8351.0,6,6,1992,683,1175,612,0,0,58,6,14,1,0,0,0,0,0,0.0,0.0,0.0,30414,1.0,8351.0,Deserto funcional,True
2900801,290080,Alcobaça - BA,BA,Bahia,2452,1226.0,0,0,0,0,0,0,0,0,0,0,0,0,0,0,0,0,0,0.0,0.0,0.0,0,,1226.0,Deserto absoluto,False
2900900,290090,Almadina - BA,BA,Bahia,661,330.5,0,0,0,0,0,0,0,0,0,0,0,0,0,0,0,0,0,0.0,0.0,0.0,0,,330.5,Deserto absoluto,False
2901007,290100,Amargosa - BA,BA,Bahia,3650,1825.0,2,2,0,0,0,0,0,0,0,0,0,0,0,0,0,0,0,0.0,0.0,0.0,10138,1.0,1825.0,Deserto funcional,True
2901106,290110,Amélia Rodrigues - BA,BA,Bahia,2763,1381.5,0,0,0,0,0,0,0,0,0,0,0,0,0,0,0,0,0,0.0,0.0,0.0,0,,1381.5,Deserto absoluto,False
2901155,290115,América Dourada - BA,BA,Bahia,1433,716.5,0,0,0,0,0,0,0,0,0,0,0,0,0,0,0,0,0,0.0,0.0,0.0,0,,716.5,Deserto absoluto,False
2901205,290120,Anagé - BA,BA,Bahia,2841,1420.5,0,0,0,0,0,0,0,0,0,0,0,0,0,0,0,0,0,0.0,0.0,0.0,0,,1420.5,Deserto absoluto,False
2901304,290130,Andaraí - BA,BA,Bahia,1207,603.5,0,0,0,0,0,0,0,0,0,0,0,0,0,0,0,0,0,0.0,0.0,0.0,0,,603.5,Deserto absoluto,False
2901353,290135,Andorinha - BA,BA,Bahia,1495,747.5,1,1,0,0,0,0,0,0,0,0,0,0,0,0,0,0,0,0.0,0.0,0.0,5069,1.0,747.5,Deserto funcional,True
2901403,290140,Angical - BA,BA,Bahia,1307,653.5,0,0,0,0,0,0,0,0,0,0,0,0,0,0,0,0,0,0.0,0.0,0.0,0,,653.5,Deserto absoluto,False
2901502,290150,Anguera - BA,BA,Bahia,1119,559.5,0,0,0,0,0,0,0,0,0,0,0,0,0,0,0,0,0,0.0,0.0,0.0,0,,559.5,Deserto absoluto,False
2901601,290160,Antas - BA,BA,Bahia,1529,764.5,0,0,0,0,0,0,0,0,0,0,0,0,0,0,0,0,0,0.0,0.0,0.0,0,,764.5,Deserto absoluto,False
2901700,290170,Antônio Cardoso - BA,BA,Bahia,1042,521.0,0,0,0,0,0,0,0,0,0,0,0,0,0,0,0,0,0,0.0,0.0,0.0,0,,521.0,Deserto absoluto,False
2901809,290180,Antônio Gonçalves - BA,BA,Bahia,1054,527.0,0,0,0,0,0,0,0,0,0,0,0,0,0,0,0,0,0,0.0,0.0,0.0,0,,527.0,Deserto absoluto,False
2901908,290190,Aporá - BA,BA,Bahia,1615,807.5,0,0,0,0,0,0,0,0,0,0,0,0,0,0,0,0,0,0.0,0.0,0.0,0,,807.5,Deserto absoluto,False
2901957,290195,Apuarema - BA,BA,Bahia,733,366.5,0,0,0,0,0,0,0,0,0,0,0,0,0,0,0,0,0,0.0,0.0,0.0,0,,366.5,Deserto absoluto,False
2902005,290200,Aracatu - BA,BA,Bahia,1466,733.0,0,0,0,0,0,0,0,0,0,0,0,0,0,0,0,0,0,0.0,0.0,0.0,0,,733.0,Deserto absoluto,False
2902054,290205,Araçás - BA,BA,Bahia,958,479.0,0,0,0,0,0,0,0,0,0,0,0,0,0,0,0,0,0,0.0,0.0,0.0,0,,479.0,Deserto absoluto,False
2902104,290210,Araci - BA,BA,Bahia,4374,2187.0,1,1,0,0,0,0,0,0,0,0,0,0,0,0,0,0,0,0.0,0.0,0.0,5069,1.0,2187.0,Deserto funcional,True
2902203,290220,Aramari - BA,BA,Bahia,1013,506.5,0,0,0,0,0,0,0,0,0,0,0,0,0,0,0,0,0,0.0,0.0,0.0,0,,506.5,Deserto absoluto,False
2902252,290225,Arataca - BA,BA,Bahia,898,449.0,0,0,0,0,0,0,0,0,0,0,0,0,0,0,0,0,0,0.0,0.0,0.0,0,,449.0,Deserto absoluto,False
2902302,290230,Aratuípe - BA,BA,Bahia,807,403.5,0,0,0,0,0,0,0,0,0,0,0,0,0,0,0,0,0,0.0,0.0,0.0,0,,403.5,Deserto absoluto,False
2902401,290240,Aurelino Leal - BA,BA,Bahia,1091,545.5,0,0,0,0,0,0,0,0,0,0,0,0,0,0,0,0,0,0.0,0.0,0.0,0,,545.5,Deserto absoluto,False
2902500,290250,Baianópolis - BA,BA,Bahia,1231,615.5,1,1,0,0,0,0,0,0,0,0,0,0,0,0,0,0,0,0.0,0.0,0.0,5069,1.0,615.5,Deserto funcional,True
2902609,290260,Baixa Grande - BA,BA,Bahia,1930,965.0,0,0,0,0,0,0,0,0,0,0,0,0,0,0,0,0,0,0.0,0.0,0.0,0,,965.0,Deserto absoluto,False
2902658,290265,Banzaê - BA,BA,Bahia,1096,548.0,0,0,0,0,0,0,0,0,0,0,0,0,0,0,0,0,0,0.0,0.0,0.0,0,,548.0,Deserto absoluto,False
2902708,290270,Barra - BA,BA,Bahia,3897,1948.5,2,1,0,0,0,0,0,0,0,0,0,0,0,0,0,0,0,0.0,0.0,0.0,5069,1.0,1948.5,Deserto funcional,True
2902807,290280,Barra da Estiva - BA,BA,Bahia,2142,1071.0,1,1,870,1074,1428,1098,913,1198,7,11,12,8,10,8,2111,18,2129,1064.5,0.9855,0.9939,5069,0.79,6.5,Adequado,True
2902906,290290,Barra do Choça - BA,BA,Bahia,3269,1634.5,2,2,0,0,0,0,0,0,0,0,0,0,0,0,0,0,0,0.0,0.0,0.0,10138,1.0,1634.5,Deserto funcional,True
2903003,290300,Barra do Mendes - BA,BA,Bahia,1470,735.0,0,0,0,0,0,0,0,0,0,0,0,0,0,0,0,0,0,0.0,0.0,0.0,0,,735.0,Deserto absoluto,False
2903102,290310,Barra do Rocha - BA,BA,Bahia,583,291.5,0,0,0,0,0,0,0,0,0,0,0,0,0,0,0,0,0,0.0,0.0,0.0,0,,291.5,Deserto absoluto,False
2903201,290320,Barreiras - BA,BA,Bahia,13120,6560.0,6,6,1724,3525,3138,5913,3601,3081,274,436,468,677,443,539,6682,982,7664,3832.0,0.5093,0.5841,30414,0.874,2728.0,Intermediario,True
2903235,290323,Barro Alto - BA,BA,Bahia,1316,658.0,0,0,0,0,0,0,0,0,0,0,0,0,0,0,0,0,0,0.0,0.0,0.0,0,,658.0,Deserto absoluto,False
2903276,290327,Barrocas - BA,BA,Bahia,1292,646.0,0,0,0,0,0,0,0,0,0,0,0,0,0,0,0,0,0,0.0,0.0,0.0,0,,646.0,Deserto absoluto,False
2903300,290330,Barro Preto - BA,BA,Bahia,647,323.5,0,0,0,0,0,0,0,0,0,0,0,0,0,0,0,0,0,0.0,0.0,0.0,0,,323.5,Deserto absoluto,False
2903409,290340,Belmonte - BA,BA,Bahia,1965,982.5,0,0,0,0,0,0,0,0,0,0,0,0,0,0,0,0,0,0.0,0.0,0.0,0,,982.5,Deserto absoluto,False
2903508,290350,Belo Campo - BA,BA,Bahia,2065,1032.5,0,0,0,0,0,0,0,0,0,0,0,0,0,0,0,0,0,0.0,0.0,0.0,0,,1032.5,Deserto absoluto,False
2903607,290360,Biritinga - BA,BA,Bahia,1500,750.0,0,0,0,0,0,0,0,0,0,0,0,0,0,0,0,0,0,0.0,0.0,0.0,0,,750.0,Deserto absoluto,False
2903706,290370,Boa Nova - BA,BA,Bahia,1360,680.0,0,0,0,0,0,0,0,0,0,0,0,0,0,0,0,0,0,0.0,0.0,0.0,0,,680.0,Deserto absoluto,False
2903805,290380,Boa Vista do Tupim - BA,BA,Bahia,1719,859.5,0,0,0,0,0,0,0,0,0,0,0,0,0,0,0,0,0,0.0,0.0,0.0,0,,859.5,Deserto absoluto,False
2903904,290390,Bom Jesus da Lapa - BA,BA,Bahia,5846,2923.0,3,3,0,0,0,0,0,0,0,0,0,0,0,0,0,0,0,0.0,0.0,0.0,15207,1.0,2923.0,Deserto funcional,True
2903953,290395,Bom Jesus da Serra - BA,BA,Bahia,913,456.5,0,0,0,0,0,0,0,0,0,0,0,0,0,0,0,0,0,0.0,0.0,0.0,0,,456.5,Deserto absoluto,False
2904001,290400,Boninal - BA,BA,Bahia,1372,686.0,0,0,0,0,0,0,0,0,0,0,0,0,0,0,0,0,0,0.0,0.0,0.0,0,,686.0,Deserto absoluto,False
2904050,290405,Bonito - BA,BA,Bahia,1237,618.5,0,0,0,0,0,0,0,0,0,0,0,0,0,0,0,0,0,0.0,0.0,0.0,0,,618.5,Deserto absoluto,False
2904100,290410,Boquira - BA,BA,Bahia,2104,1052.0,0,0,0,0,0,0,0,0,0,0,0,0,0,0,0,0,0,0.0,0.0,0.0,0,,1052.0,Deserto absoluto,False
2904209,290420,Botuporã - BA,BA,Bahia,1184,592.0,0,0,0,0,0,0,0,0,0,0,0,0,0,0,0,0,0,0.0,0.0,0.0,0,,592.0,Deserto absoluto,False
2904308,290430,Brejões - BA,BA,Bahia,1332,666.0,0,0,0,0,0,0,0,0,0,0,0,0,0,0,0,0,0,0.0,0.0,0.0,0,,666.0,Deserto absoluto,False
2904407,290440,Brejolândia - BA,BA,Bahia,976,488.0,0,0,0,0,0,0,0,0,0,0,0,0,0,0,0,0,0,0.0,0.0,0.0,0,,488.0,Deserto absoluto,False
2904506,290450,Brotas de Macaúbas - BA,BA,Bahia,1225,612.5,0,0,0,0,0,0,0,0,0,0,0,0,0,0,0,0,0,0.0,0.0,0.0,0,,612.5,Deserto absoluto,False
2904605,290460,Brumado - BA,BA,Bahia,7499,3749.5,5,5,1937,2736,4684,6044,5605,6106,32,43,91,58,51,85,11711,136,11847,5923.5,1.5617,1.5798,25345,0.7663,-2174.0,Adequado,False
2904704,290470,Buerarema - BA,BA,Bahia,1732,866.0,0,0,0,0,0,0,0,0,0,0,0,0,0,0,0,0,0,0.0,0.0,0.0,0,,866.0,Deserto absoluto,False
2904753,290475,Buritirama - BA,BA,Bahia,1479,739.5,0,0,0,0,0,0,0,0,0,0,0,0,0,0,0,0,0,0.0,0.0,0.0,0,,739.5,Deserto absoluto,False
2904803,290480,Caatiba - BA,BA,Bahia,664,332.0,0,0,0,0,0,0,0,0,0,0,0,0,0,0,0,0,0,0.0,0.0,0.0,0,,332.0,Deserto absoluto,False
2904852,290485,Cabaceiras do Paraguaçu - BA,BA,Bahia,1474,737.0,0,0,0,0,0,0,0,0,0,0,0,0,0,0,0,0,0,0.0,0.0,0.0,0,,737.0,Deserto absoluto,False
2904902,290490,Cachoeira - BA,BA,Bahia,3228,1614.0,1,1,0,0,0,0,0,0,0,0,0,0,0,0,0,0,0,0.0,0.0,0.0,5069,1.0,1614.0,Deserto funcional,True
2905008,290500,Caculé - BA,BA,Bahia,2305,1152.5,1,1,0,0,0,0,0,0,0,0,0,0,0,0,0,0,0,0.0,0.0,0.0,5069,1.0,1152.5,Deserto funcional,True
2905107,290510,Caém - BA,BA,Bahia,1020,510.0,0,0,0,0,0,0,0,0,0,0,0,0,0,0,0,0,0,0.0,0.0,0.0,0,,510.0,Deserto absoluto,False
2905156,290515,Caetanos - BA,BA,Bahia,1098,549.0,0,0,0,0,0,0,0,0,0,0,0,0,0,0,0,0,0,0.0,0.0,0.0,0,,549.0,Deserto absoluto,False
2905206,290520,Caetité - BA,BA,Bahia,5122,2561.0,1,1,0,132,1387,651,230,0,0,0,13,45,19,0,230,19,249,124.5,0.0449,0.0486,5069,0.9754,2436.5,Deserto funcional,True
2905305,290530,Cafarnaum - BA,BA,Bahia,1551,775.5,0,0,0,0,0,0,0,0,0,0,0,0,0,0,0,0,0,0.0,0.0,0.0,0,,775.5,Deserto absoluto,False
2905404,290540,Cairu - BA,BA,Bahia,1346,673.0,0,0,0,0,0,0,0,0,0,0,0,0,0,0,0,0,0,0.0,0.0,0.0,0,,673.0,Deserto absoluto,False
2905503,290550,Caldeirão Grande - BA,BA,Bahia,1181,590.5,0,0,0,0,0,0,0,0,0,0,0,0,0,0,0,0,0,0.0,0.0,0.0,0,,590.5,Deserto absoluto,False
2905602,290560,Camacan - BA,BA,Bahia,2410,1205.0,1,1,0,0,0,0,0,0,0,0,0,0,0,0,0,0,0,0.0,0.0,0.0,5069,1.0,1205.0,Deserto funcional,True
2905701,290570,Camaçari - BA,BA,Bahia,28255,14127.5,15,15,936,3664,3470,899,482,5158,11,45,42,5,4,28,5640,32,5672,2836.0,0.1996,0.2007,76035,0.9627,11291.5,Deserto funcional,True
2905800,290580,Camamu - BA,BA,Bahia,2829,1414.5,0,0,0,0,0,0,0,0,0,0,0,0,0,0,0,0,0,0.0,0.0,0.0,0,,1414.5,Deserto absoluto,False
2905909,290590,Campo Alegre de Lourdes - BA,BA,Bahia,2743,1371.5,0,0,0,0,0,0,0,0,0,0,0,0,0,0,0,0,0,0.0,0.0,0.0,0,,1371.5,Deserto absoluto,False
2906006,290600,Campo Formoso - BA,BA,Bahia,6591,3295.5,1,1,2419,3463,1579,1637,1710,1660,61,41,24,0,9,11,3370,20,3390,1695.0,0.5113,0.5143,5069,0.6656,1600.5,Intermediario,True
2906105,290610,Canápolis - BA,BA,Bahia,960,480.0,1,1,0,0,0,0,0,0,0,0,0,0,0,0,0,0,0,0.0,0.0,0.0,5069,1.0,480.0,Deserto funcional,True
2906204,290620,Canarana - BA,BA,Bahia,2376,1188.0,0,0,0,0,0,0,0,0,0,0,0,0,0,0,0,0,0,0.0,0.0,0.0,0,,1188.0,Deserto absoluto,False
2906303,290630,Canavieiras - BA,BA,Bahia,3300,1650.0,1,1,0,0,0,0,0,0,0,0,0,0,0,0,0,0,0,0.0,0.0,0.0,5069,1.0,1650.0,Deserto funcional,True
2906402,290640,Candeal - BA,BA,Bahia,832,416.0,0,0,0,0,0,0,0,0,0,0,0,0,0,0,0,0,0,0.0,0.0,0.0,0,,416.0,Deserto absoluto,False
2906501,290650,Candeias - BA,BA,Bahia,8134,4067.0,6,6,0,0,1456,1700,1052,1260,0,0,9,16,0,0,2312,0,2312,1156.0,0.2842,0.2842,30414,0.962,2911.0,Deserto funcional,True
2906600,290660,Candiba - BA,BA,Bahia,1566,783.0,0,0,0,0,0,0,0,0,0,0,0,0,0,0,0,0,0,0.0,0.0,0.0,0,,783.0,Deserto absoluto,False
2906709,290670,Cândido Sales - BA,BA,Bahia,2758,1379.0,2,2,0,0,0,0,0,0,0,0,0,0,0,0,0,0,0,0.0,0.0,0.0,10138,1.0,1379.0,Deserto funcional,True
2906808,290680,Cansanção - BA,BA,Bahia,3348,1674.0,0,0,0,0,0,0,0,0,0,0,0,0,0,0,0,0,0,0.0,0.0,0.0,0,,1674.0,Deserto absoluto,False
2906824,290682,Canudos - BA,BA,Bahia,1486,743.0,0,0,0,0,0,0,0,0,0,0,0,0,0,0,0,0,0,0.0,0.0,0.0,0,,743.0,Deserto absoluto,False
2906857,290685,Capela do Alto Alegre - BA,BA,Bahia,1280,640.0,0,0,0,0,0,0,0,0,0,0,0,0,0,0,0,0,0,0.0,0.0,0.0,0,,640.0,Deserto absoluto,False
2906873,290687,Capim Grosso - BA,BA,Bahia,3081,1540.5,4,4,0,0,0,0,0,0,0,0,0,0,0,0,0,0,0,0.0,0.0,0.0,20276,1.0,1540.5,Deserto funcional,True
2906899,290689,Caraíbas - BA,BA,Bahia,1063,531.5,0,0,0,0,0,0,0,0,0,0,0,0,0,0,0,0,0,0.0,0.0,0.0,0,,531.5,Deserto absoluto,False
2906907,290690,Caravelas - BA,BA,Bahia,2057,1028.5,0,0,0,0,0,0,0,0,0,0,0,0,0,0,0,0,0,0.0,0.0,0.0,0,,1028.5,Deserto absoluto,False
2907004,290700,Cardeal da Silva - BA,BA,Bahia,710,355.0,0,0,0,0,0,0,0,0,0,0,0,0,0,0,0,0,0,0.0,0.0,0.0,0,,355.0,Deserto absoluto,False
2907103,290710,Carinhanha - BA,BA,Bahia,2519,1259.5,0,0,0,0,0,0,0,0,0,0,0,0,0,0,0,0,0,0.0,0.0,0.0,0,,1259.5,Deserto absoluto,False
2907202,290720,Casa Nova - BA,BA,Bahia,5968,2984.0,0,0,0,0,0,0,0,0,0,0,0,0,0,0,0,0,0,0.0,0.0,0.0,0,,2984.0,Deserto absoluto,False
2907301,290730,Castro Alves - BA,BA,Bahia,2620,1310.0,0,0,0,0,0,0,0,0,0,0,0,0,0,0,0,0,0,0.0,0.0,0.0,0,,1310.0,Deserto absoluto,False
2907400,290740,Catolândia - BA,BA,Bahia,327,163.5,0,0,0,0,0,0,0,0,0,0,0,0,0,0,0,0,0,0.0,0.0,0.0,0,,163.5,Deserto absoluto,False
2907509,290750,Catu - BA,BA,Bahia,5656,2828.0,3,3,0,0,0,0,0,0,0,0,0,0,0,0,0,0,0,0.0,0.0,0.0,15207,1.0,2828.0,Deserto funcional,True
2907558,290755,Caturama - BA,BA,Bahia,927,463.5,0,0,0,0,0,0,0,0,0,0,0,0,0,0,0,0,0,0.0,0.0,0.0,0,,463.5,Deserto absoluto,False
2907608,290760,Central - BA,BA,Bahia,1768,884.0,0,0,0,0,0,0,0,0,0,0,0,0,0,0,0,0,0,0.0,0.0,0.0,0,,884.0,Deserto absoluto,False
2907707,290770,Chorrochó - BA,BA,Bahia,906,453.0,0,0,0,0,0,0,0,0,0,0,0,0,0,0,0,0,0,0.0,0.0,0.0,0,,453.0,Deserto absoluto,False
2907806,290780,Cícero Dantas - BA,BA,Bahia,3534,1767.0,1,1,0,0,0,0,0,0,0,0,0,0,0,0,0,0,0,0.0,0.0,0.0,5069,1.0,1767.0,Deserto funcional,True
2907905,290790,Cipó - BA,BA,Bahia,1613,806.5,0,0,0,0,0,0,0,0,0,0,0,0,0,0,0,0,0,0.0,0.0,0.0,0,,806.5,Deserto absoluto,False
2908002,290800,Coaraci - BA,BA,Bahia,2177,1088.5,0,0,0,0,0,0,0,0,0,0,0,0,0,0,0,0,0,0.0,0.0,0.0,0,,1088.5,Deserto absoluto,False
2908101,290810,Cocos - BA,BA,Bahia,1805,902.5,0,0,0,0,0,0,0,0,0,0,0,0,0,0,0,0,0,0.0,0.0,0.0,0,,902.5,Deserto absoluto,False
2908200,290820,Conceição da Feira - BA,BA,Bahia,2078,1039.0,0,0,0,0,0,0,0,0,0,0,0,0,0,0,0,0,0,0.0,0.0,0.0,0,,1039.0,Deserto absoluto,False
2908309,290830,Conceição do Almeida - BA,BA,Bahia,1980,990.0,0,0,0,0,0,0,0,0,0,0,0,0,0,0,0,0,0,0.0,0.0,0.0,0,,990.0,Deserto absoluto,False
2908408,290840,Conceição do Coité - BA,BA,Bahia,6473,3236.5,2,2,1808,2127,247,226,405,315,23,23,2,3,1,1,720,2,722,361.0,0.1112,0.1115,10138,0.9644,2875.5,Deserto funcional,True
2908507,290850,Conceição do Jacuípe - BA,BA,Bahia,3781,1890.5,1,1,897,187,696,557,384,527,5,0,3,13,2,1,911,3,914,457.0,0.2409,0.2417,5069,0.9098,1433.5,Deserto funcional,True
2908606,290860,Conde - BA,BA,Bahia,2007,1003.5,0,0,0,0,0,0,0,0,0,0,0,0,0,0,0,0,0,0.0,0.0,0.0,0,,1003.5,Deserto absoluto,False
2908705,290870,Condeúba - BA,BA,Bahia,1921,960.5,0,0,685,987,105,0,0,0,6,6,0,0,0,0,0,0,0,0.0,0.0,0.0,0,,960.5,Deserto absoluto,False
2908804,290880,Contendas do Sincorá - BA,BA,Bahia,461,230.5,0,0,0,0,0,0,0,0,0,0,0,0,0,0,0,0,0,0.0,0.0,0.0,0,,230.5,Deserto absoluto,False
2908903,290890,Coração de Maria - BA,BA,Bahia,2781,1390.5,1,1,0,0,0,0,0,0,0,0,0,0,0,0,0,0,0,0.0,0.0,0.0,5069,1.0,1390.5,Deserto funcional,True
2909000,290900,Cordeiros - BA,BA,Bahia,904,452.0,0,0,0,0,0,0,0,0,0,0,0,0,0,0,0,0,0,0.0,0.0,0.0,0,,452.0,Deserto absoluto,False
2909109,290910,Coribe - BA,BA,Bahia,1563,781.5,0,0,0,0,0,0,0,0,0,0,0,0,0,0,0,0,0,0.0,0.0,0.0,0,,781.5,Deserto absoluto,False
2909208,290920,Coronel João Sá - BA,BA,Bahia,1513,756.5,0,0,0,0,0,0,0,0,0,0,0,0,0,0,0,0,0,0.0,0.0,0.0,0,,756.5,Deserto absoluto,False
2909307,290930,Correntina - BA,BA,Bahia,3096,1548.0,0,0,0,0,0,0,0,0,0,0,0,0,0,0,0,0,0,0.0,0.0,0.0,0,,1548.0,Deserto absoluto,False
2909406,290940,Cotegipe - BA,BA,Bahia,1271,635.5,0,0,0,0,0,0,0,0,0,0,0,0,0,0,0,0,0,0.0,0.0,0.0,0,,635.5,Deserto absoluto,False
2909505,290950,Cravolândia - BA,BA,Bahia,490,245.0,0,0,0,0,0,0,0,0,0,0,0,0,0,0,0,0,0,0.0,0.0,0.0,0,,245.0,Deserto absoluto,False
2909604,290960,Crisópolis - BA,BA,Bahia,1844,922.0,0,0,0,0,0,0,0,0,0,0,0,0,0,0,0,0,0,0.0,0.0,0.0,0,,922.0,Deserto absoluto,False
2909703,290970,Cristópolis - BA,BA,Bahia,1364,682.0,0,0,0,0,0,0,0,0,0,0,0,0,0,0,0,0,0,0.0,0.0,0.0,0,,682.0,Deserto absoluto,False
2909802,290980,Cruz das Almas - BA,BA,Bahia,7070,3535.0,2,2,267,0,458,1994,1710,1973,0,0,4,14,23,45,3683,68,3751,1875.5,0.5209,0.5306,10138,0.815,1659.5,Intermediario,True
2909901,290990,Curaçá - BA,BA,Bahia,2650,1325.0,0,0,0,0,0,0,0,0,0,0,0,0,0,0,0,0,0,0.0,0.0,0.0,0,,1325.0,Deserto absoluto,False
2910008,291000,Dário Meira - BA,BA,Bahia,1051,525.5,0,0,0,0,0,0,0,0,0,0,0,0,0,0,0,0,0,0.0,0.0,0.0,0,,525.5,Deserto absoluto,False
2910057,291005,Dias d'Ávila - BA,BA,Bahia,7049,3524.5,0,0,0,0,0,0,0,0,0,0,0,0,0,0,0,0,0,0.0,0.0,0.0,0,,3524.5,Deserto absoluto,False
2910107,291010,Dom Basílio - BA,BA,Bahia,1193,596.5,0,0,0,0,0,0,0,0,0,0,0,0,0,0,0,0,0,0.0,0.0,0.0,0,,596.5,Deserto absoluto,False
2910206,291020,Dom Macedo Costa - BA,BA,Bahia,477,238.5,0,0,0,0,0,0,0,0,0,0,0,0,0,0,0,0,0,0.0,0.0,0.0,0,,238.5,Deserto absoluto,False
2910305,291030,Elísio Medrado - BA,BA,Bahia,940,470.0,0,0,0,0,0,0,0,0,0,0,0,0,0,0,0,0,0,0.0,0.0,0.0,0,,470.0,Deserto absoluto,False
2910404,291040,Encruzilhada - BA,BA,Bahia,1821,910.5,0,0,0,0,0,0,0,0,0,0,0,0,0,0,0,0,0,0.0,0.0,0.0,0,,910.5,Deserto absoluto,False
2910503,291050,Entre Rios - BA,BA,Bahia,3790,1895.0,0,0,0,0,0,0,0,0,0,0,0,0,0,0,0,0,0,0.0,0.0,0.0,0,,1895.0,Deserto absoluto,False
2910602,291060,Esplanada - BA,BA,Bahia,2899,1449.5,1,1,0,0,0,0,0,0,0,0,0,0,0,0,0,0,0,0.0,0.0,0.0,5069,1.0,1449.5,Deserto funcional,True
2910701,291070,Euclides da Cunha - BA,BA,Bahia,5936,2968.0,3,3,290,332,0,0,0,0,7,3,0,0,0,0,0,0,0,0.0,0.0,0.0,15207,1.0,2968.0,Deserto funcional,True
2910727,291072,Eunápolis - BA,BA,Bahia,10552,5276.0,6,6,623,959,791,103,15,352,174,238,154,23,0,24,367,24,391,195.5,0.0348,0.0371,30414,0.9936,5080.5,Deserto funcional,True
2910750,291075,Fátima - BA,BA,Bahia,1827,913.5,0,0,0,0,0,0,0,0,0,0,0,0,0,0,0,0,0,0.0,0.0,0.0,0,,913.5,Deserto absoluto,False
2910776,291077,Feira da Mata - BA,BA,Bahia,613,306.5,0,0,0,0,0,0,0,0,0,0,0,0,0,0,0,0,0,0.0,0.0,0.0,0,,306.5,Deserto absoluto,False
2910800,291080,Feira de Santana - BA,BA,Bahia,63904,31952.0,36,35,13774,18113,17349,26462,75599,69973,341,455,215,403,497,460,145572,957,146529,73264.5,2.278,2.293,177415,0.587,-41312.5,Adequado,False
2910859,291085,Filadélfia - BA,BA,Bahia,1636,818.0,0,0,0,0,0,0,0,0,0,0,0,0,0,0,0,0,0,0.0,0.0,0.0,0,,818.0,Deserto absoluto,False
2910909,291090,Firmino Alves - BA,BA,Bahia,504,252.0,0,0,0,0,0,0,0,0,0,0,0,0,0,0,0,0,0,0.0,0.0,0.0,0,,252.0,Deserto absoluto,False
2911006,291100,Floresta Azul - BA,BA,Bahia,1213,606.5,0,0,0,0,0,0,0,0,0,0,0,0,0,0,0,0,0,0.0,0.0,0.0,0,,606.5,Deserto absoluto,False
2911105,291110,Formosa do Rio Preto - BA,BA,Bahia,1881,940.5,0,0,0,0,0,0,0,0,0,0,0,0,0,0,0,0,0,0.0,0.0,0.0,0,,940.5,Deserto absoluto,False
2911204,291120,Gandu - BA,BA,Bahia,3088,1544.0,1,1,0,0,0,0,0,0,0,0,0,0,0,0,0,0,0,0.0,0.0,0.0,5069,1.0,1544.0,Deserto funcional,True
2911253,291125,Gavião - BA,BA,Bahia,468,234.0,0,0,0,0,0,0,0,0,0,0,0,0,0,0,0,0,0,0.0,0.0,0.0,0,,234.0,Deserto absoluto,False
2911303,291130,Gentio do Ouro - BA,BA,Bahia,1069,534.5,0,0,0,0,0,0,0,0,0,0,0,0,0,0,0,0,0,0.0,0.0,0.0,0,,534.5,Deserto absoluto,False
2911402,291140,Glória - BA,BA,Bahia,1531,765.5,0,0,0,0,0,0,0,0,0,0,0,0,0,0,0,0,0,0.0,0.0,0.0,0,,765.5,Deserto absoluto,False
2911501,291150,Gongogi - BA,BA,Bahia,545,272.5,0,0,0,0,0,0,0,0,0,0,0,0,0,0,0,0,0,0.0,0.0,0.0,0,,272.5,Deserto absoluto,False
2911600,291160,Governador Mangabeira - BA,BA,Bahia,2276,1138.0,0,0,0,0,0,0,0,0,0,0,0,0,0,0,0,0,0,0.0,0.0,0.0,0,,1138.0,Deserto absoluto,False
2911659,291165,Guajeru - BA,BA,Bahia,978,489.0,0,0,0,0,0,0,0,0,0,0,0,0,0,0,0,0,0,0.0,0.0,0.0,0,,489.0,Deserto absoluto,False
2911709,291170,Guanambi - BA,BA,Bahia,9089,4544.5,6,6,2457,5337,6291,5113,5642,3307,81,259,276,195,204,183,8949,387,9336,4668.0,0.9846,1.0272,30414,0.8465,-123.5,Adequado,False
2911808,291180,Guaratinga - BA,BA,Bahia,2009,1004.5,0,0,0,0,0,0,0,0,0,0,0,0,0,0,0,0,0,0.0,0.0,0.0,0,,1004.5,Deserto absoluto,False
2911857,291185,Heliópolis - BA,BA,Bahia,1335,667.5,0,0,0,0,0,0,0,0,0,0,0,0,0,0,0,0,0,0.0,0.0,0.0,0,,667.5,Deserto absoluto,False
2911907,291190,Iaçu - BA,BA,Bahia,2534,1267.0,0,0,0,0,0,0,0,0,0,0,0,0,0,0,0,0,0,0.0,0.0,0.0,0,,1267.0,Deserto absoluto,False
2912004,291200,Ibiassucê - BA,BA,Bahia,1239,619.5,0,0,0,0,0,0,0,0,0,0,0,0,0,0,0,0,0,0.0,0.0,0.0,0,,619.5,Deserto absoluto,False
2912103,291210,Ibicaraí - BA,BA,Bahia,2495,1247.5,0,0,0,0,0,0,0,0,0,0,0,0,0,0,0,0,0,0.0,0.0,0.0,0,,1247.5,Deserto absoluto,False
2912202,291220,Ibicoara - BA,BA,Bahia,1410,705.0,0,0,0,0,0,0,0,0,0,0,0,0,0,0,0,0,0,0.0,0.0,0.0,0,,705.0,Deserto absoluto,False
2912301,291230,Ibicuí - BA,BA,Bahia,1540,770.0,1,1,0,0,0,0,0,0,0,0,0,0,0,0,0,0,0,0.0,0.0,0.0,5069,1.0,770.0,Deserto funcional,True
2912400,291240,Ibipeba - BA,BA,Bahia,1709,854.5,0,0,0,0,0,0,0,0,0,0,0,0,0,0,0,0,0,0.0,0.0,0.0,0,,854.5,Deserto absoluto,False
2912509,291250,Ibipitanga - BA,BA,Bahia,1488,744.0,0,0,0,0,0,0,0,0,0,0,0,0,0,0,0,0,0,0.0,0.0,0.0,0,,744.0,Deserto absoluto,False
2912608,291260,Ibiquera - BA,BA,Bahia,373,186.5,0,0,0,0,0,0,0,0,0,0,0,0,0,0,0,0,0,0.0,0.0,0.0,0,,186.5,Deserto absoluto,False
2912707,291270,Ibirapitanga - BA,BA,Bahia,2174,1087.0,0,0,0,0,0,0,0,0,0,0,0,0,0,0,0,0,0,0.0,0.0,0.0,0,,1087.0,Deserto absoluto,False
2912806,291280,Ibirapuã - BA,BA,Bahia,855,427.5,0,0,0,0,0,0,0,0,0,0,0,0,0,0,0,0,0,0.0,0.0,0.0,0,,427.5,Deserto absoluto,False
2912905,291290,Ibirataia - BA,BA,Bahia,2074,1037.0,0,0,0,0,0,0,0,0,0,0,0,0,0,0,0,0,0,0.0,0.0,0.0,0,,1037.0,Deserto absoluto,False
2913002,291300,Ibitiara - BA,BA,Bahia,1615,807.5,0,0,0,0,0,0,0,0,0,0,0,0,0,0,0,0,0,0.0,0.0,0.0,0,,807.5,Deserto absoluto,False
2913101,291310,Ibititá - BA,BA,Bahia,1892,946.0,0,0,0,0,0,0,0,0,0,0,0,0,0,0,0,0,0,0.0,0.0,0.0,0,,946.0,Deserto absoluto,False
2913200,291320,Ibotirama - BA,BA,Bahia,2357,1178.5,6,6,0,134,46,132,221,108,0,8,10,5,16,7,329,23,352,176.0,0.1396,0.1493,30414,0.9942,1002.5,Deserto funcional,True
2913309,291330,Ichu - BA,BA,Bahia,723,361.5,0,0,0,0,0,0,0,0,0,0,0,0,0,0,0,0,0,0.0,0.0,0.0,0,,361.5,Deserto absoluto,False
2913408,291340,Igaporã - BA,BA,Bahia,1616,808.0,0,0,0,0,0,0,0,0,0,0,0,0,0,0,0,0,0,0.0,0.0,0.0,0,,808.0,Deserto absoluto,False
2913457,291345,Igrapiúna - BA,BA,Bahia,1128,564.0,0,0,0,0,0,0,0,0,0,0,0,0,0,0,0,0,0,0.0,0.0,0.0,0,,564.0,Deserto absoluto,False
2913507,291350,Iguaí - BA,BA,Bahia,2191,1095.5,0,0,0,0,0,0,0,0,0,0,0,0,0,0,0,0,0,0.0,0.0,0.0,0,,1095.5,Deserto absoluto,False
2913606,291360,Ilhéus - BA,BA,Bahia,20544,10272.0,7,7,2647,4112,3185,4092,5293,4566,216,297,261,265,180,106,9859,286,10145,5072.5,0.4799,0.4938,35483,0.857,5199.5,Intermediario,True
2913705,291370,Inhambupe - BA,BA,Bahia,3194,1597.0,3,3,944,549,1319,1960,1257,10739,0,2,4,78,92,44,11996,136,12132,6066.0,3.7558,3.7984,15207,0.6011,-4469.0,Adequado,False
2913804,291380,Ipecaetá - BA,BA,Bahia,1424,712.0,0,0,0,0,0,0,0,0,0,0,0,0,0,0,0,0,0,0.0,0.0,0.0,0,,712.0,Deserto absoluto,False
2913903,291390,Ipiaú - BA,BA,Bahia,4670,2335.0,3,2,0,0,0,0,0,0,0,0,0,0,0,0,0,0,0,0.0,0.0,0.0,10138,1.0,2335.0,Deserto funcional,True
2914000,291400,Ipirá - BA,BA,Bahia,5838,2919.0,3,3,0,0,0,0,0,0,0,0,0,0,0,0,0,0,0,0.0,0.0,0.0,15207,1.0,2919.0,Deserto funcional,True
2914109,291410,Ipupiara - BA,BA,Bahia,1056,528.0,0,0,0,0,0,0,0,0,0,0,0,0,0,0,0,0,0,0.0,0.0,0.0,0,,528.0,Deserto absoluto,False
2914208,291420,Irajuba - BA,BA,Bahia,622,311.0,0,0,0,0,0,0,0,0,0,0,0,0,0,0,0,0,0,0.0,0.0,0.0,0,,311.0,Deserto absoluto,False
2914307,291430,Iramaia - BA,BA,Bahia,1065,532.5,0,0,0,0,0,0,0,0,0,0,0,0,0,0,0,0,0,0.0,0.0,0.0,0,,532.5,Deserto absoluto,False
2914406,291440,Iraquara - BA,BA,Bahia,2110,1055.0,0,0,0,0,0,0,0,0,0,0,0,0,0,0,0,0,0,0.0,0.0,0.0,0,,1055.0,Deserto absoluto,False
2914505,291450,Irará - BA,BA,Bahia,3037,1518.5,1,1,0,0,0,0,0,0,0,0,0,0,0,0,0,0,0,0.0,0.0,0.0,5069,1.0,1518.5,Deserto funcional,True
2914604,291460,Irecê - BA,BA,Bahia,6935,3467.5,6,6,2164,0,0,324,876,0,35,0,0,17,59,0,876,59,935,467.5,0.1263,0.1348,30414,0.9846,3000.0,Deserto funcional,True
2914653,291465,Itabela - BA,BA,Bahia,2439,1219.5,0,0,0,0,0,0,0,0,0,0,0,0,0,0,0,0,0,0.0,0.0,0.0,0,,1219.5,Deserto absoluto,False
2914703,291470,Itaberaba - BA,BA,Bahia,6337,3168.5,2,2,0,0,0,0,0,0,0,0,0,0,0,0,0,0,0,0.0,0.0,0.0,10138,1.0,3168.5,Deserto funcional,True
2914802,291480,Itabuna - BA,BA,Bahia,22827,11413.5,10,10,2750,2866,5116,3866,5745,5279,0,0,20,43,45,19,11024,64,11088,5544.0,0.4829,0.4857,50690,0.8906,5869.5,Intermediario,True
2914901,291490,Itacaré - BA,BA,Bahia,2123,1061.5,1,1,0,0,0,0,0,0,0,0,0,0,0,0,0,0,0,0.0,0.0,0.0,5069,1.0,1061.5,Deserto funcional,True
2915007,291500,Itaeté - BA,BA,Bahia,1265,632.5,0,0,0,0,0,0,0,0,0,0,0,0,0,0,0,0,0,0.0,0.0,0.0,0,,632.5,Deserto absoluto,False
2915106,291510,Itagi - BA,BA,Bahia,1398,699.0,0,0,0,0,0,0,0,0,0,0,0,0,0,0,0,0,0,0.0,0.0,0.0,0,,699.0,Deserto absoluto,False
2915205,291520,Itagibá - BA,BA,Bahia,1521,760.5,0,0,0,0,0,0,0,0,0,0,0,0,0,0,0,0,0,0.0,0.0,0.0,0,,760.5,Deserto absoluto,False
2915304,291530,Itagimirim - BA,BA,Bahia,680,340.0,0,0,0,0,0,0,0,0,0,0,0,0,0,0,0,0,0,0.0,0.0,0.0,0,,340.0,Deserto absoluto,False
2915353,291535,Itaguaçu da Bahia - BA,BA,Bahia,1087,543.5,0,0,0,0,0,0,0,0,0,0,0,0,0,0,0,0,0,0.0,0.0,0.0,0,,543.5,Deserto absoluto,False
2915403,291540,Itaju do Colônia - BA,BA,Bahia,597,298.5,0,0,0,0,0,0,0,0,0,0,0,0,0,0,0,0,0,0.0,0.0,0.0,0,,298.5,Deserto absoluto,False
2915502,291550,Itajuípe - BA,BA,Bahia,2170,1085.0,1,1,566,1301,1455,2149,1819,3107,8,13,9,24,21,38,4926,59,4985,2492.5,2.27,2.2972,5069,0.5083,-1407.5,Adequado,False
2915601,291560,Itamaraju - BA,BA,Bahia,5990,2995.0,4,4,0,328,118,81,0,0,0,31,7,43,0,0,0,0,0,0.0,0.0,0.0,20276,1.0,2995.0,Deserto funcional,True
2915700,291570,Itamari - BA,BA,Bahia,722,361.0,0,0,0,0,0,0,0,0,0,0,0,0,0,0,0,0,0,0.0,0.0,0.0,0,,361.0,Deserto absoluto,False
2915809,291580,Itambé - BA,BA,Bahia,2308,1154.0,0,0,0,0,0,0,0,0,0,0,0,0,0,0,0,0,0,0.0,0.0,0.0,0,,1154.0,Deserto absoluto,False
2915908,291590,Itanagra - BA,BA,Bahia,537,268.5,0,0,0,0,0,0,0,0,0,0,0,0,0,0,0,0,0,0.0,0.0,0.0,0,,268.5,Deserto absoluto,False
2916005,291600,Itanhém - BA,BA,Bahia,2109,1054.5,0,0,0,0,0,0,0,0,0,0,0,0,0,0,0,0,0,0.0,0.0,0.0,0,,1054.5,Deserto absoluto,False
2916104,291610,Itaparica - BA,BA,Bahia,2476,1238.0,1,1,0,0,0,0,0,0,0,0,0,0,0,0,0,0,0,0.0,0.0,0.0,5069,1.0,1238.0,Deserto funcional,True
2916203,291620,Itapé - BA,BA,Bahia,994,497.0,1,0,0,0,0,0,0,0,0,0,0,0,0,0,0,0,0,0.0,0.0,0.0,0,,497.0,Deserto funcional,False
2916302,291630,Itapebi - BA,BA,Bahia,930,465.0,0,0,0,0,0,0,0,0,0,0,0,0,0,0,0,0,0,0.0,0.0,0.0,0,,465.0,Deserto absoluto,False
2916401,291640,Itapetinga - BA,BA,Bahia,6814,3407.0,1,1,0,0,0,0,0,0,0,0,0,0,0,0,0,0,0,0.0,0.0,0.0,5069,1.0,3407.0,Deserto funcional,True
2916500,291650,Itapicuru - BA,BA,Bahia,2855,1427.5,0,0,0,0,0,0,0,0,0,0,0,0,0,0,0,0,0,0.0,0.0,0.0,0,,1427.5,Deserto absoluto,False
2916609,291660,Itapitanga - BA,BA,Bahia,1012,506.0,0,0,0,0,0,0,0,0,0,0,0,0,0,0,0,0,0,0.0,0.0,0.0,0,,506.0,Deserto absoluto,False
2916708,291670,Itaquara - BA,BA,Bahia,826,413.0,0,0,0,0,0,0,0,0,0,0,0,0,0,0,0,0,0,0.0,0.0,0.0,0,,413.0,Deserto absoluto,False
2916807,291680,Itarantim - BA,BA,Bahia,1692,846.0,0,0,0,0,0,0,0,0,0,0,0,0,0,0,0,0,0,0.0,0.0,0.0,0,,846.0,Deserto absoluto,False
2916856,291685,Itatim - BA,BA,Bahia,1364,682.0,0,0,0,0,0,0,0,0,0,0,0,0,0,0,0,0,0,0.0,0.0,0.0,0,,682.0,Deserto absoluto,False
2916906,291690,Itiruçu - BA,BA,Bahia,1251,625.5,0,0,0,0,0,0,0,0,0,0,0,0,0,0,0,0,0,0.0,0.0,0.0,0,,625.5,Deserto absoluto,False
2917003,291700,Itiúba - BA,BA,Bahia,3068,1534.0,0,0,0,0,0,0,0,0,0,0,0,0,0,0,0,0,0,0.0,0.0,0.0,0,,1534.0,Deserto absoluto,False
2917102,291710,Itororó - BA,BA,Bahia,1859,929.5,1,1,0,0,0,0,0,0,0,0,0,0,0,0,0,0,0,0.0,0.0,0.0,5069,1.0,929.5,Deserto funcional,True
2917201,291720,Ituaçu - BA,BA,Bahia,1807,903.5,0,0,0,0,0,0,0,0,0,0,0,0,0,0,0,0,0,0.0,0.0,0.0,0,,903.5,Deserto absoluto,False
2917300,291730,Ituberá - BA,BA,Bahia,2314,1157.0,1,1,0,0,0,0,0,0,0,0,0,0,0,0,0,0,0,0.0,0.0,0.0,5069,1.0,1157.0,Deserto funcional,True
2917334,291733,Iuiu - BA,BA,Bahia,1029,514.5,0,0,0,0,0,0,0,0,0,0,0,0,0,0,0,0,0,0.0,0.0,0.0,0,,514.5,Deserto absoluto,False
2917359,291735,Jaborandi - BA,BA,Bahia,921,460.5,0,0,0,0,0,0,0,0,0,0,0,0,0,2,0,2,2,1.0,0.0,0.0022,0,,459.5,Deserto absoluto,False
2917409,291740,Jacaraci - BA,BA,Bahia,1681,840.5,0,0,0,0,0,0,0,0,0,0,0,0,0,0,0,0,0,0.0,0.0,0.0,0,,840.5,Deserto absoluto,False
2917508,291750,Jacobina - BA,BA,Bahia,8271,4135.5,6,6,0,105,2083,2703,4116,3429,0,2,86,72,87,134,7545,221,7766,3883.0,0.9122,0.9389,30414,0.8723,252.5,Adequado,True
2917607,291760,Jaguaquara - BA,BA,Bahia,4647,2323.5,0,0,0,0,0,0,0,0,0,0,0,0,0,0,0,0,0,0.0,0.0,0.0,0,,2323.5,Deserto absoluto,False
2917706,291770,Jaguarari - BA,BA,Bahia,3240,1620.0,0,0,0,0,0,0,0,0,0,0,0,0,0,0,0,0,0,0.0,0.0,0.0,0,,1620.0,Deserto absoluto,False
2917805,291780,Jaguaripe - BA,BA,Bahia,1719,859.5,0,0,0,0,0,0,0,0,0,0,0,0,0,0,0,0,0,0.0,0.0,0.0,0,,859.5,Deserto absoluto,False
2917904,291790,Jandaíra - BA,BA,Bahia,797,398.5,0,0,0,0,0,0,0,0,0,0,0,0,0,0,0,0,0,0.0,0.0,0.0,0,,398.5,Deserto absoluto,False
2918001,291800,Jequié - BA,BA,Bahia,16490,8245.0,8,8,2487,1114,1060,5094,5739,2381,144,38,57,180,339,229,8120,568,8688,4344.0,0.4924,0.5269,40552,0.8929,3901.0,Intermediario,True
2918100,291810,Jeremoabo - BA,BA,Bahia,3690,1845.0,1,1,0,0,0,385,0,0,0,0,0,0,0,0,0,0,0,0.0,0.0,0.0,5069,1.0,1845.0,Deserto funcional,True
2918209,291820,Jiquiriçá - BA,BA,Bahia,1312,656.0,0,0,0,0,0,0,0,0,0,0,0,0,0,0,0,0,0,0.0,0.0,0.0,0,,656.0,Deserto absoluto,False
2918308,291830,Jitaúna - BA,BA,Bahia,1517,758.5,0,0,0,0,0,0,0,0,0,0,0,0,0,0,0,0,0,0.0,0.0,0.0,0,,758.5,Deserto absoluto,False
2918357,291835,João Dourado - BA,BA,Bahia,2112,1056.0,0,0,0,0,0,0,0,0,0,0,0,0,0,0,0,0,0,0.0,0.0,0.0,0,,1056.0,Deserto absoluto,False
2918407,291840,Juazeiro - BA,BA,Bahia,20591,10295.5,6,6,8381,8363,16795,12798,1069,371,942,1740,1358,1267,179,102,1440,281,1721,860.5,0.0699,0.0836,30414,0.9717,9435.0,Deserto funcional,True
2918456,291845,Jucuruçu - BA,BA,Bahia,960,480.0,0,0,0,0,0,0,0,0,0,0,0,0,0,0,0,0,0,0.0,0.0,0.0,0,,480.0,Deserto absoluto,False
2918506,291850,Jussara - BA,BA,Bahia,1577,788.5,0,0,0,0,0,0,0,0,0,0,0,0,0,0,0,0,0,0.0,0.0,0.0,0,,788.5,Deserto absoluto,False
2918555,291855,Jussari - BA,BA,Bahia,644,322.0,0,0,0,0,0,0,0,0,0,0,0,0,0,0,0,0,0,0.0,0.0,0.0,0,,322.0,Deserto absoluto,False
2918605,291860,Jussiape - BA,BA,Bahia,977,488.5,0,0,0,0,0,0,0,0,0,0,0,0,0,0,0,0,0,0.0,0.0,0.0,0,,488.5,Deserto absoluto,False
2918704,291870,Lafaiete Coutinho - BA,BA,Bahia,422,211.0,0,0,0,0,0,0,0,0,0,0,0,0,0,0,0,0,0,0.0,0.0,0.0,0,,211.0,Deserto absoluto,False
2918753,291875,Lagoa Real - BA,BA,Bahia,1254,627.0,0,0,0,0,0,0,0,0,0,0,0,0,0,0,0,0,0,0.0,0.0,0.0,0,,627.0,Deserto absoluto,False
2918803,291880,Laje - BA,BA,Bahia,2094,1047.0,0,0,0,0,0,0,0,0,0,0,0,0,0,0,0,0,0,0.0,0.0,0.0,0,,1047.0,Deserto absoluto,False
2918902,291890,Lajedão - BA,BA,Bahia,447,223.5,0,0,0,0,0,0,0,0,0,0,0,0,0,0,0,0,0,0.0,0.0,0.0,0,,223.5,Deserto absoluto,False
2919009,291900,Lajedinho - BA,BA,Bahia,391,195.5,0,0,0,0,0,0,0,0,0,0,0,0,0,0,0,0,0,0.0,0.0,0.0,0,,195.5,Deserto absoluto,False
2919058,291905,Lajedo do Tabocal - BA,BA,Bahia,760,380.0,0,0,0,0,0,0,0,0,0,0,0,0,0,0,0,0,0,0.0,0.0,0.0,0,,380.0,Deserto absoluto,False
2919108,291910,Lamarão - BA,BA,Bahia,943,471.5,0,0,0,0,0,0,0,0,0,0,0,0,0,0,0,0,0,0.0,0.0,0.0,0,,471.5,Deserto absoluto,False
2919157,291915,Lapão - BA,BA,Bahia,2576,1288.0,0,0,0,0,0,0,0,0,0,0,0,0,0,0,0,0,0,0.0,0.0,0.0,0,,1288.0,Deserto absoluto,False
2919207,291920,Lauro de Freitas - BA,BA,Bahia,20705,10352.5,10,10,2381,2535,3192,1155,1262,481,6,5,53,17,14,102,1743,116,1859,929.5,0.0842,0.0898,50690,0.9817,9423.0,Deserto funcional,True
2919306,291930,Lençóis - BA,BA,Bahia,924,462.0,0,0,0,0,0,0,0,0,0,0,0,0,0,0,0,0,0,0.0,0.0,0.0,0,,462.0,Deserto absoluto,False
2919405,291940,Licínio de Almeida - BA,BA,Bahia,1363,681.5,0,0,0,0,0,0,0,0,0,0,0,0,0,0,0,0,0,0.0,0.0,0.0,0,,681.5,Deserto absoluto,False
2919504,291950,Livramento de Nossa Senhora - BA,BA,Bahia,4489,2244.5,1,1,0,0,0,0,0,0,0,0,0,0,0,0,0,0,0,0.0,0.0,0.0,5069,1.0,2244.5,Deserto funcional,True
2919553,291955,Luís Eduardo Magalhães - BA,BA,Bahia,5429,2714.5,5,5,343,0,0,0,0,0,11,0,0,0,0,0,0,0,0,0.0,0.0,0.0,25345,1.0,2714.5,Deserto funcional,True
2919603,291960,Macajuba - BA,BA,Bahia,1103,551.5,0,0,0,0,0,0,0,0,0,0,0,0,0,0,0,0,0,0.0,0.0,0.0,0,,551.5,Deserto absoluto,False
2919702,291970,Macarani - BA,BA,Bahia,2065,1032.5,0,0,0,0,0,0,0,0,0,0,0,0,0,0,0,0,0,0.0,0.0,0.0,0,,1032.5,Deserto absoluto,False
2919801,291980,Macaúbas - BA,BA,Bahia,4395,2197.5,1,1,3084,1963,5050,1510,0,0,0,0,0,0,0,0,0,0,0,0.0,0.0,0.0,5069,1.0,2197.5,Deserto funcional,True
2919900,291990,Macururé - BA,BA,Bahia,657,328.5,0,0,0,0,0,0,0,0,0,0,0,0,0,0,0,0,0,0.0,0.0,0.0,0,,328.5,Deserto absoluto,False
2919926,291992,Madre de Deus - BA,BA,Bahia,2181,1090.5,0,0,0,0,0,0,0,0,0,0,0,0,0,0,0,0,0,0.0,0.0,0.0,0,,1090.5,Deserto absoluto,False
2919959,291995,Maetinga - BA,BA,Bahia,719,359.5,1,1,0,0,0,0,0,0,0,0,0,0,0,0,0,0,0,0.0,0.0,0.0,5069,1.0,359.5,Deserto funcional,True
2920007,292000,Maiquinique - BA,BA,Bahia,869,434.5,0,0,0,0,0,0,0,0,0,0,0,0,0,0,0,0,0,0.0,0.0,0.0,0,,434.5,Deserto absoluto,False
2920106,292010,Mairi - BA,BA,Bahia,1996,998.0,0,0,0,0,0,0,0,0,0,0,0,0,0,0,0,0,0,0.0,0.0,0.0,0,,998.0,Deserto absoluto,False
2920205,292020,Malhada - BA,BA,Bahia,1380,690.0,0,0,0,0,0,0,0,0,0,0,0,0,0,0,0,0,0,0.0,0.0,0.0,0,,690.0,Deserto absoluto,False
2920304,292030,Malhada de Pedras - BA,BA,Bahia,904,452.0,0,0,0,0,0,0,0,0,0,0,0,0,0,0,0,0,0,0.0,0.0,0.0,0,,452.0,Deserto absoluto,False
2920403,292040,Manoel Vitorino - BA,BA,Bahia,1438,719.0,0,0,0,0,0,0,0,0,0,0,0,0,0,0,0,0,0,0.0,0.0,0.0,0,,719.0,Deserto absoluto,False
2920452,292045,Mansidão - BA,BA,Bahia,1135,567.5,0,0,0,0,0,0,0,0,0,0,0,0,0,0,0,0,0,0.0,0.0,0.0,0,,567.5,Deserto absoluto,False
2920502,292050,Maracás - BA,BA,Bahia,2724,1362.0,0,0,0,0,0,0,0,0,0,0,0,0,0,0,0,0,0,0.0,0.0,0.0,0,,1362.0,Deserto absoluto,False
2920601,292060,Maragogipe - BA,BA,Bahia,3770,1885.0,0,0,0,0,0,0,0,0,0,0,0,0,0,0,0,0,0,0.0,0.0,0.0,0,,1885.0,Deserto absoluto,False
2920700,292070,Maraú - BA,BA,Bahia,1660,830.0,0,0,0,0,0,0,0,0,0,0,0,0,0,0,0,0,0,0.0,0.0,0.0,0,,830.0,Deserto absoluto,False
2920809,292080,Marcionílio Souza - BA,BA,Bahia,938,469.0,0,0,0,0,0,0,0,0,0,0,0,0,0,0,0,0,0,0.0,0.0,0.0,0,,469.0,Deserto absoluto,False
2920908,292090,Mascote - BA,BA,Bahia,1270,635.0,0,0,0,0,0,0,0,0,0,0,0,0,0,0,0,0,0,0.0,0.0,0.0,0,,635.0,Deserto absoluto,False
2921005,292100,Mata de São João - BA,BA,Bahia,4253,2126.5,2,2,176,459,0,1649,594,3178,0,0,0,4,1,23,3772,24,3796,1898.0,0.8869,0.8925,10138,0.8128,228.5,Adequado,True
2921054,292105,Matina - BA,BA,Bahia,971,485.5,0,0,0,0,0,0,0,0,0,0,0,0,0,0,0,0,0,0.0,0.0,0.0,0,,485.5,Deserto absoluto,False
2921104,292110,Medeiros Neto - BA,BA,Bahia,2433,1216.5,0,0,0,0,0,0,0,0,0,0,0,0,0,0,0,0,0,0.0,0.0,0.0,0,,1216.5,Deserto absoluto,False
2921203,292120,Miguel Calmon - BA,BA,Bahia,2671,1335.5,1,1,205,0,116,550,815,360,1,0,0,0,3,1,1175,4,1179,589.5,0.4399,0.4414,5069,0.8837,746.0,Intermediario,True
2921302,292130,Milagres - BA,BA,Bahia,1083,541.5,0,0,0,0,0,0,0,0,0,0,0,0,0,0,0,0,0,0.0,0.0,0.0,0,,541.5,Deserto absoluto,False
2921401,292140,Mirangaba - BA,BA,Bahia,1544,772.0,0,0,0,0,0,0,0,0,0,0,0,0,0,0,0,0,0,0.0,0.0,0.0,0,,772.0,Deserto absoluto,False
2921450,292145,Mirante - BA,BA,Bahia,977,488.5,0,0,0,0,0,0,0,0,0,0,0,0,0,0,0,0,0,0.0,0.0,0.0,0,,488.5,Deserto absoluto,False
2921500,292150,Monte Santo - BA,BA,Bahia,4591,2295.5,0,0,0,0,0,0,0,0,0,0,0,0,0,0,0,0,0,0.0,0.0,0.0,0,,2295.5,Deserto absoluto,False
2921609,292160,Morpará - BA,BA,Bahia,847,423.5,0,0,0,0,0,0,0,0,0,0,0,0,0,0,0,0,0,0.0,0.0,0.0,0,,423.5,Deserto absoluto,False
2921708,292170,Morro do Chapéu - BA,BA,Bahia,3337,1668.5,1,1,0,0,0,0,0,0,0,0,0,0,0,0,0,0,0,0.0,0.0,0.0,5069,1.0,1668.5,Deserto funcional,True
2921807,292180,Mortugaba - BA,BA,Bahia,1376,688.0,1,1,0,0,0,0,0,0,0,0,0,0,0,0,0,0,0,0.0,0.0,0.0,5069,1.0,688.0,Deserto funcional,True
2921906,292190,Mucugê - BA,BA,Bahia,1056,528.0,0,0,0,0,0,0,0,0,0,0,0,0,0,0,0,0,0,0.0,0.0,0.0,0,,528.0,Deserto absoluto,False
2922003,292200,Mucuri - BA,BA,Bahia,3526,1763.0,2,1,0,0,0,0,0,0,0,0,0,0,0,0,0,0,0,0.0,0.0,0.0,5069,1.0,1763.0,Deserto funcional,True
2922052,292205,Mulungu do Morro - BA,BA,Bahia,1101,550.5,0,0,0,0,0,0,0,0,0,0,0,0,0,0,0,0,0,0.0,0.0,0.0,0,,550.5,Deserto absoluto,False
2922102,292210,Mundo Novo - BA,BA,Bahia,1829,914.5,0,0,0,0,0,0,0,0,0,0,0,0,0,0,0,0,0,0.0,0.0,0.0,0,,914.5,Deserto absoluto,False
2922201,292220,Muniz Ferreira - BA,BA,Bahia,811,405.5,0,0,0,0,0,0,0,0,0,0,0,0,0,0,0,0,0,0.0,0.0,0.0,0,,405.5,Deserto absoluto,False
2922250,292225,Muquém do São Francisco - BA,BA,Bahia,769,384.5,0,0,0,0,0,0,0,0,0,0,0,0,0,0,0,0,0,0.0,0.0,0.0,0,,384.5,Deserto absoluto,False
2922300,292230,Muritiba - BA,BA,Bahia,3292,1646.0,0,0,0,0,0,0,0,0,0,0,0,0,0,0,0,0,0,0.0,0.0,0.0,0,,1646.0,Deserto absoluto,False
2922409,292240,Mutuípe - BA,BA,Bahia,2101,1050.5,0,0,0,0,0,0,0,0,0,0,0,0,0,0,0,0,0,0.0,0.0,0.0,0,,1050.5,Deserto absoluto,False
2922508,292250,Nazaré - BA,BA,Bahia,2980,1490.0,1,1,0,0,0,0,0,0,0,0,0,0,0,0,0,0,0,0.0,0.0,0.0,5069,1.0,1490.0,Deserto funcional,True
2922607,292260,Nilo Peçanha - BA,BA,Bahia,1117,558.5,0,0,0,0,0,0,0,0,0,0,0,0,0,0,0,0,0,0.0,0.0,0.0,0,,558.5,Deserto absoluto,False
2922656,292265,Nordestina - BA,BA,Bahia,1482,741.0,0,0,0,0,0,0,0,0,0,0,0,0,0,0,0,0,0,0.0,0.0,0.0,0,,741.0,Deserto absoluto,False
2922706,292270,Nova Canaã - BA,BA,Bahia,1562,781.0,0,0,0,0,0,0,0,0,0,0,0,0,0,0,0,0,0,0.0,0.0,0.0,0,,781.0,Deserto absoluto,False
2922730,292273,Nova Fátima - BA,BA,Bahia,929,464.5,0,0,0,0,0,0,0,0,0,0,0,0,0,0,0,0,0,0.0,0.0,0.0,0,,464.5,Deserto absoluto,False
2922755,292275,Nova Ibiá - BA,BA,Bahia,638,319.0,0,0,0,0,0,0,0,0,0,0,0,0,0,0,0,0,0,0.0,0.0,0.0,0,,319.0,Deserto absoluto,False
2922805,292280,Nova Itarana - BA,BA,Bahia,679,339.5,0,0,0,0,0,0,0,0,0,0,0,0,0,0,0,0,0,0.0,0.0,0.0,0,,339.5,Deserto absoluto,False
2922854,292285,Nova Redenção - BA,BA,Bahia,739,369.5,0,0,0,0,0,0,0,0,0,0,0,0,0,0,0,0,0,0.0,0.0,0.0,0,,369.5,Deserto absoluto,False
2922904,292290,Nova Soure - BA,BA,Bahia,2509,1254.5,0,0,0,0,0,0,0,0,0,0,0,0,0,0,0,0,0,0.0,0.0,0.0,0,,1254.5,Deserto absoluto,False
2923001,292300,Nova Viçosa - BA,BA,Bahia,3647,1823.5,0,0,0,0,0,0,0,0,0,0,0,0,0,0,0,0,0,0.0,0.0,0.0,0,,1823.5,Deserto absoluto,False
2923035,292303,Novo Horizonte - BA,BA,Bahia,1038,519.0,0,0,0,0,0,0,0,0,0,0,0,0,0,0,0,0,0,0.0,0.0,0.0,0,,519.0,Deserto absoluto,False
2923050,292305,Novo Triunfo - BA,BA,Bahia,1102,551.0,0,0,0,0,0,0,0,0,0,0,0,0,0,0,0,0,0,0.0,0.0,0.0,0,,551.0,Deserto absoluto,False
2923100,292310,Olindina - BA,BA,Bahia,2345,1172.5,1,1,0,0,0,0,0,0,0,0,0,0,0,0,0,0,0,0.0,0.0,0.0,5069,1.0,1172.5,Deserto funcional,True
2923209,292320,Oliveira dos Brejinhos - BA,BA,Bahia,2054,1027.0,0,0,0,0,0,0,0,0,0,0,0,0,0,0,0,0,0,0.0,0.0,0.0,0,,1027.0,Deserto absoluto,False
2923308,292330,Ouriçangas - BA,BA,Bahia,830,415.0,0,0,0,0,0,0,0,0,0,0,0,0,0,0,0,0,0,0.0,0.0,0.0,0,,415.0,Deserto absoluto,False
2923357,292335,Ourolândia - BA,BA,Bahia,1575,787.5,0,0,0,0,0,0,0,0,0,0,0,0,0,0,0,0,0,0.0,0.0,0.0,0,,787.5,Deserto absoluto,False
2923407,292340,Palmas de Monte Alto - BA,BA,Bahia,2171,1085.5,0,0,0,0,0,0,0,0,0,0,0,0,0,0,0,0,0,0.0,0.0,0.0,0,,1085.5,Deserto absoluto,False
2923506,292350,Palmeiras - BA,BA,Bahia,898,449.0,0,0,0,0,0,0,0,0,0,0,0,0,0,0,0,0,0,0.0,0.0,0.0,0,,449.0,Deserto absoluto,False
2923605,292360,Paramirim - BA,BA,Bahia,2163,1081.5,1,1,0,0,0,0,0,0,0,0,0,0,0,0,0,0,0,0.0,0.0,0.0,5069,1.0,1081.5,Deserto funcional,True
2923704,292370,Paratinga - BA,BA,Bahia,2594,1297.0,0,0,0,0,0,0,0,0,0,0,0,0,0,0,0,0,0,0.0,0.0,0.0,0,,1297.0,Deserto absoluto,False
2923803,292380,Paripiranga - BA,BA,Bahia,2746,1373.0,1,1,2203,1917,958,0,0,0,0,0,3,0,0,0,0,0,0,0.0,0.0,0.0,5069,1.0,1373.0,Deserto funcional,True
2923902,292390,Pau Brasil - BA,BA,Bahia,842,421.0,0,0,0,0,0,0,0,0,0,0,0,0,0,0,0,0,0,0.0,0.0,0.0,0,,421.0,Deserto absoluto,False
2924009,292400,Paulo Afonso - BA,BA,Bahia,11792,5896.0,6,6,866,1588,1665,1095,386,0,24,66,73,74,37,0,386,37,423,211.5,0.0327,0.0359,30414,0.993,5684.5,Deserto funcional,True
2924058,292405,Pé de Serra - BA,BA,Bahia,1435,717.5,0,0,0,0,0,0,0,0,0,0,0,0,0,0,0,0,0,0.0,0.0,0.0,0,,717.5,Deserto absoluto,False
2924108,292410,Pedrão - BA,BA,Bahia,648,324.0,0,0,0,0,0,0,0,0,0,0,0,0,0,0,0,0,0,0.0,0.0,0.0,0,,324.0,Deserto absoluto,False
2924207,292420,Pedro Alexandre - BA,BA,Bahia,1133,566.5,0,0,0,0,0,0,0,0,0,0,0,0,0,0,0,0,0,0.0,0.0,0.0,0,,566.5,Deserto absoluto,False
2924306,292430,Piatã - BA,BA,Bahia,2093,1046.5,0,0,0,0,0,0,0,0,0,0,0,0,0,0,0,0,0,0.0,0.0,0.0,0,,1046.5,Deserto absoluto,False
2924405,292440,Pilão Arcado - BA,BA,Bahia,2898,1449.0,0,0,0,0,0,0,0,0,0,0,0,0,0,0,0,0,0,0.0,0.0,0.0,0,,1449.0,Deserto absoluto,False
2924504,292450,Pindaí - BA,BA,Bahia,1538,769.0,0,0,0,0,0,0,0,0,0,0,0,0,0,0,0,0,0,0.0,0.0,0.0,0,,769.0,Deserto absoluto,False
2924603,292460,Pindobaçu - BA,BA,Bahia,1793,896.5,0,0,0,0,0,0,0,0,0,0,0,0,0,0,0,0,0,0.0,0.0,0.0,0,,896.5,Deserto absoluto,False
2924652,292465,Pintadas - BA,BA,Bahia,1086,543.0,0,0,0,0,0,0,0,0,0,0,0,0,0,0,0,0,0,0.0,0.0,0.0,0,,543.0,Deserto absoluto,False
2924678,292467,Piraí do Norte - BA,BA,Bahia,915,457.5,0,0,0,0,0,0,0,0,0,0,0,0,0,0,0,0,0,0.0,0.0,0.0,0,,457.5,Deserto absoluto,False
2924702,292470,Piripá - BA,BA,Bahia,1077,538.5,0,0,0,0,0,0,0,0,0,0,0,0,0,0,0,0,0,0.0,0.0,0.0,0,,538.5,Deserto absoluto,False
2924801,292480,Piritiba - BA,BA,Bahia,1872,936.0,0,0,0,0,0,0,0,0,0,0,0,0,0,0,0,0,0,0.0,0.0,0.0,0,,936.0,Deserto absoluto,False
2924900,292490,Planaltino - BA,BA,Bahia,854,427.0,0,0,0,0,0,0,0,0,0,0,0,0,0,0,0,0,0,0.0,0.0,0.0,0,,427.0,Deserto absoluto,False
2925006,292500,Planalto - BA,BA,Bahia,2408,1204.0,0,0,0,0,0,0,0,0,0,0,0,0,0,0,0,0,0,0.0,0.0,0.0,0,,1204.0,Deserto absoluto,False
2925105,292510,Poções - BA,BA,Bahia,4955,2477.5,1,1,0,0,0,0,0,0,0,0,0,0,0,0,0,0,0,0.0,0.0,0.0,5069,1.0,2477.5,Deserto funcional,True
2925204,292520,Pojuca - BA,BA,Bahia,3598,1799.0,0,0,0,0,0,0,0,0,0,0,0,0,0,0,0,0,0,0.0,0.0,0.0,0,,1799.0,Deserto absoluto,False
2925253,292525,Ponto Novo - BA,BA,Bahia,1502,751.0,0,0,0,0,0,0,0,0,0,0,0,0,0,0,0,0,0,0.0,0.0,0.0,0,,751.0,Deserto absoluto,False
2925303,292530,Porto Seguro - BA,BA,Bahia,13091,6545.5,3,3,1875,2922,2419,1989,1042,903,85,151,127,174,71,281,1945,352,2297,1148.5,0.1486,0.1755,15207,0.9245,5397.0,Deserto funcional,True
2925402,292540,Potiraguá - BA,BA,Bahia,992,496.0,0,0,0,0,0,0,0,0,0,0,0,0,0,0,0,0,0,0.0,0.0,0.0,0,,496.0,Deserto absoluto,False
2925501,292550,Prado - BA,BA,Bahia,3210,1605.0,0,0,0,0,0,0,0,0,0,0,0,0,0,0,0,0,0,0.0,0.0,0.0,0,,1605.0,Deserto absoluto,False
2925600,292560,Presidente Dutra - BA,BA,Bahia,1657,828.5,0,0,0,0,0,0,0,0,0,0,0,0,0,0,0,0,0,0.0,0.0,0.0,0,,828.5,Deserto absoluto,False
2925709,292570,Presidente Jânio Quadros - BA,BA,Bahia,1370,685.0,0,0,0,0,0,0,0,0,0,0,0,0,0,0,0,0,0,0.0,0.0,0.0,0,,685.0,Deserto absoluto,False
2925758,292575,Presidente Tancredo Neves - BA,BA,Bahia,2206,1103.0,0,0,0,0,0,0,0,0,0,0,0,0,0,0,0,0,0,0.0,0.0,0.0,0,,1103.0,Deserto absoluto,False
2925808,292580,Queimadas - BA,BA,Bahia,2624,1312.0,0,0,0,0,0,0,0,0,0,0,0,0,0,0,0,0,0,0.0,0.0,0.0,0,,1312.0,Deserto absoluto,False
2925907,292590,Quijingue - BA,BA,Bahia,2451,1225.5,0,0,0,0,0,0,0,0,0,0,0,0,0,0,0,0,0,0.0,0.0,0.0,0,,1225.5,Deserto absoluto,False
2925931,292593,Quixabeira - BA,BA,Bahia,988,494.0,0,0,0,0,0,0,0,0,0,0,0,0,0,0,0,0,0,0.0,0.0,0.0,0,,494.0,Deserto absoluto,False
2925956,292595,Rafael Jambeiro - BA,BA,Bahia,2138,1069.0,0,0,0,0,0,0,0,0,0,0,0,0,0,0,0,0,0,0.0,0.0,0.0,0,,1069.0,Deserto absoluto,False
2926004,292600,Remanso - BA,BA,Bahia,3968,1984.0,1,1,0,0,0,0,0,0,0,0,0,0,0,0,0,0,0,0.0,0.0,0.0,5069,1.0,1984.0,Deserto funcional,True
2926103,292610,Retirolândia - BA,BA,Bahia,1360,680.0,0,0,0,0,0,0,0,0,0,0,0,0,0,0,0,0,0,0.0,0.0,0.0,0,,680.0,Deserto absoluto,False
2926202,292620,Riachão das Neves - BA,BA,Bahia,1953,976.5,0,0,0,0,0,0,0,0,0,0,0,0,0,0,0,0,0,0.0,0.0,0.0,0,,976.5,Deserto absoluto,False
2926301,292630,Riachão do Jacuípe - BA,BA,Bahia,3741,1870.5,2,2,0,0,0,0,0,0,0,0,0,0,0,0,0,0,0,0.0,0.0,0.0,10138,1.0,1870.5,Deserto funcional,True
2926400,292640,Riacho de Santana - BA,BA,Bahia,3141,1570.5,0,0,0,0,0,0,0,0,0,0,0,0,0,0,0,0,0,0.0,0.0,0.0,0,,1570.5,Deserto absoluto,False
2926509,292650,Ribeira do Amparo - BA,BA,Bahia,1293,646.5,0,0,0,0,0,0,0,0,0,0,0,0,0,0,0,0,0,0.0,0.0,0.0,0,,646.5,Deserto absoluto,False
2926608,292660,Ribeira do Pombal - BA,BA,Bahia,5350,2675.0,3,3,0,926,6537,3474,4163,2916,0,30,201,196,177,24,7079,201,7280,3640.0,1.3232,1.3607,15207,0.7606,-965.0,Adequado,False
2926657,292665,Ribeirão do Largo - BA,BA,Bahia,923,461.5,0,0,0,0,0,0,0,0,0,0,0,0,0,0,0,0,0,0.0,0.0,0.0,0,,461.5,Deserto absoluto,False
2926707,292670,Rio de Contas - BA,BA,Bahia,1639,819.5,0,0,0,0,0,0,0,0,0,0,0,0,0,0,0,0,0,0.0,0.0,0.0,0,,819.5,Deserto absoluto,False
2926806,292680,Rio do Antônio - BA,BA,Bahia,1498,749.0,0,0,0,0,0,0,0,0,0,0,0,0,0,0,0,0,0,0.0,0.0,0.0,0,,749.0,Deserto absoluto,False
2926905,292690,Rio do Pires - BA,BA,Bahia,1208,604.0,0,0,0,0,0,0,0,0,0,0,0,0,0,0,0,0,0,0.0,0.0,0.0,0,,604.0,Deserto absoluto,False
2927002,292700,Rio Real - BA,BA,Bahia,3396,1698.0,0,0,0,0,0,0,0,0,0,0,0,0,0,0,0,0,0,0.0,0.0,0.0,0,,1698.0,Deserto absoluto,False
2927101,292710,Rodelas - BA,BA,Bahia,760,380.0,1,1,0,0,0,0,0,0,0,0,0,0,0,0,0,0,0,0.0,0.0,0.0,5069,1.0,380.0,Deserto funcional,True
2927200,292720,Ruy Barbosa - BA,BA,Bahia,2939,1469.5,0,0,0,0,0,0,0,0,0,0,0,0,0,0,0,0,0,0.0,0.0,0.0,0,,1469.5,Deserto absoluto,False
2927309,292730,Salinas da Margarida - BA,BA,Bahia,1655,827.5,0,0,0,0,0,0,0,0,0,0,0,0,0,0,0,0,0,0.0,0.0,0.0,0,,827.5,Deserto absoluto,False
2927408,292740,Salvador - BA,BA,Bahia,310657,155328.5,99,97,86050,172494,163944,183242,203144,176729,13080,14424,15506,13732,13900,12736,379873,26636,406509,203254.5,1.2228,1.3085,491693,0.5866,-47926.0,Adequado,False
2927507,292750,Santa Bárbara - BA,BA,Bahia,2134,1067.0,1,1,0,0,0,0,0,0,0,0,0,0,0,0,0,0,0,0.0,0.0,0.0,5069,1.0,1067.0,Deserto funcional,True
2927606,292760,Santa Brígida - BA,BA,Bahia,1358,679.0,0,0,0,0,0,0,0,0,0,0,0,0,0,0,0,0,0,0.0,0.0,0.0,0,,679.0,Deserto absoluto,False
2927705,292770,Santa Cruz Cabrália - BA,BA,Bahia,2703,1351.5,0,0,0,0,0,0,0,0,0,0,0,0,0,0,0,0,0,0.0,0.0,0.0,0,,1351.5,Deserto absoluto,False
2927804,292780,Santa Cruz da Vitória - BA,BA,Bahia,494,247.0,0,0,0,0,0,0,0,0,0,0,0,0,0,0,0,0,0,0.0,0.0,0.0,0,,247.0,Deserto absoluto,False
2927903,292790,Santa Inês - BA,BA,Bahia,1088,544.0,0,0,0,0,0,0,0,0,0,0,0,0,0,0,0,0,0,0.0,0.0,0.0,0,,544.0,Deserto absoluto,False
2928000,292800,Santaluz - BA,BA,Bahia,3428,1714.0,2,1,0,0,0,0,0,0,0,0,0,0,0,0,0,0,0,0.0,0.0,0.0,5069,1.0,1714.0,Deserto funcional,True
2928059,292805,Santa Luzia - BA,BA,Bahia,1293,646.5,0,0,0,0,0,0,0,0,0,0,0,0,0,0,0,0,0,0.0,0.0,0.0,0,,646.5,Deserto absoluto,False
2928109,292810,Santa Maria da Vitória - BA,BA,Bahia,3806,1903.0,2,2,0,0,0,1799,2444,1474,0,0,0,95,131,88,3918,219,4137,2068.5,1.0294,1.087,10138,0.796,-165.5,Adequado,False
2928208,292820,Santana - BA,BA,Bahia,2619,1309.5,1,1,0,0,0,0,0,0,0,0,0,0,0,0,0,0,0,0.0,0.0,0.0,5069,1.0,1309.5,Deserto funcional,True
2928307,292830,Santanópolis - BA,BA,Bahia,934,467.0,0,0,0,0,0,0,0,0,0,0,0,0,0,0,0,0,0,0.0,0.0,0.0,0,,467.0,Deserto absoluto,False
2928406,292840,Santa Rita de Cássia - BA,BA,Bahia,2527,1263.5,0,0,0,0,0,0,0,0,0,0,0,0,0,0,0,0,0,0.0,0.0,0.0,0,,1263.5,Deserto absoluto,False
2928505,292850,Santa Terezinha - BA,BA,Bahia,1181,590.5,0,0,0,0,0,0,0,0,0,0,0,0,0,0,0,0,0,0.0,0.0,0.0,0,,590.5,Deserto absoluto,False
2928604,292860,Santo Amaro - BA,BA,Bahia,6713,3356.5,0,0,0,0,0,0,0,0,0,0,0,0,0,0,0,0,0,0.0,0.0,0.0,0,,3356.5,Deserto absoluto,False
2928703,292870,Santo Antônio de Jesus - BA,BA,Bahia,10528,5264.0,8,7,310,4980,7042,5328,2854,2227,2,70,205,275,265,253,5081,518,5599,2799.5,0.4826,0.5318,35483,0.9211,2464.5,Intermediario,True
2928802,292880,Santo Estêvão - BA,BA,Bahia,4910,2455.0,2,2,0,0,0,0,0,0,0,0,0,0,0,0,0,0,0,0.0,0.0,0.0,10138,1.0,2455.0,Deserto funcional,True
2928901,292890,São Desidério - BA,BA,Bahia,2243,1121.5,0,0,0,0,0,0,0,0,0,0,0,0,0,0,0,0,0,0.0,0.0,0.0,0,,1121.5,Deserto absoluto,False
2928950,292895,São Domingos - BA,BA,Bahia,967,483.5,0,0,0,0,0,0,0,0,0,0,0,0,0,0,0,0,0,0.0,0.0,0.0,0,,483.5,Deserto absoluto,False
2929008,292900,São Félix - BA,BA,Bahia,1305,652.5,1,1,1000,2396,1830,2271,1295,1919,11,27,9,7,8,8,3214,16,3230,1615.0,2.4628,2.4751,5069,0.6814,-962.5,Adequado,False
2929057,292905,São Félix do Coribe - BA,BA,Bahia,1437,718.5,1,1,0,0,0,0,0,0,0,0,0,0,0,0,0,0,0,0.0,0.0,0.0,5069,1.0,718.5,Deserto funcional,True
2929107,292910,São Felipe - BA,BA,Bahia,2268,1134.0,0,0,0,0,0,0,0,0,0,0,0,0,0,0,0,0,0,0.0,0.0,0.0,0,,1134.0,Deserto absoluto,False
2929206,292920,São Francisco do Conde - BA,BA,Bahia,3855,1927.5,3,3,0,0,0,1047,1865,1956,0,0,0,25,21,15,3821,36,3857,1928.5,0.9912,1.0005,15207,0.8732,-1.0,Adequado,False
2929255,292925,São Gabriel - BA,BA,Bahia,1769,884.5,0,0,0,0,0,0,0,0,0,0,0,0,0,0,0,0,0,0.0,0.0,0.0,0,,884.5,Deserto absoluto,False
2929305,292930,São Gonçalo dos Campos - BA,BA,Bahia,3911,1955.5,1,1,0,0,0,0,0,0,0,0,0,0,0,0,0,0,0,0.0,0.0,0.0,5069,1.0,1955.5,Deserto funcional,True
2929354,292935,São José da Vitória - BA,BA,Bahia,546,273.0,0,0,0,0,0,0,0,0,0,0,0,0,0,0,0,0,0,0.0,0.0,0.0,0,,273.0,Deserto absoluto,False
2929370,292937,São José do Jacuípe - BA,BA,Bahia,990,495.0,0,0,0,0,0,0,0,0,0,0,0,0,0,0,0,0,0,0.0,0.0,0.0,0,,495.0,Deserto absoluto,False
2929404,292940,São Miguel das Matas - BA,BA,Bahia,1091,545.5,0,0,0,0,0,0,0,0,0,0,0,0,0,0,0,0,0,0.0,0.0,0.0,0,,545.5,Deserto absoluto,False
2929503,292950,São Sebastião do Passé - BA,BA,Bahia,4609,2304.5,1,1,0,0,0,0,0,0,0,0,0,0,0,0,0,0,0,0.0,0.0,0.0,5069,1.0,2304.5,Deserto funcional,True
2929602,292960,Sapeaçu - BA,BA,Bahia,1968,984.0,0,0,0,0,0,0,0,0,0,0,0,0,0,0,0,0,0,0.0,0.0,0.0,0,,984.0,Deserto absoluto,False
2929701,292970,Sátiro Dias - BA,BA,Bahia,1453,726.5,0,0,0,0,0,0,0,0,0,0,0,0,0,0,0,0,0,0.0,0.0,0.0,0,,726.5,Deserto absoluto,False
2929750,292975,Saubara - BA,BA,Bahia,1475,737.5,0,0,0,0,0,0,0,0,0,0,0,0,0,0,0,0,0,0.0,0.0,0.0,0,,737.5,Deserto absoluto,False
2929800,292980,Saúde - BA,BA,Bahia,1153,576.5,0,0,0,0,0,0,0,0,0,0,0,0,0,0,0,0,0,0.0,0.0,0.0,0,,576.5,Deserto absoluto,False
2929909,292990,Seabra - BA,BA,Bahia,4169,2084.5,1,1,0,0,0,0,0,0,0,0,0,0,0,0,0,0,0,0.0,0.0,0.0,5069,1.0,2084.5,Deserto funcional,True
2930006,293000,Sebastião Laranjeiras - BA,BA,Bahia,1039,519.5,0,0,0,0,0,0,0,0,0,0,0,0,0,0,0,0,0,0.0,0.0,0.0,0,,519.5,Deserto absoluto,False
2930105,293010,Senhor do Bonfim - BA,BA,Bahia,8048,4024.0,3,3,541,4235,2386,2905,2962,370,19,94,213,172,125,22,3332,147,3479,1739.5,0.414,0.4323,15207,0.8856,2284.5,Intermediario,True
2930154,293015,Serra do Ramalho - BA,BA,Bahia,2832,1416.0,0,0,0,0,0,0,0,0,0,0,0,0,0,0,0,0,0,0.0,0.0,0.0,0,,1416.0,Deserto absoluto,False
2930204,293020,Sento Sé - BA,BA,Bahia,3150,1575.0,0,0,0,0,0,0,0,0,0,0,0,0,0,0,0,0,0,0.0,0.0,0.0,0,,1575.0,Deserto absoluto,False
2930303,293030,Serra Dourada - BA,BA,Bahia,1770,885.0,0,0,0,0,0,0,0,0,0,0,0,0,0,0,0,0,0,0.0,0.0,0.0,0,,885.0,Deserto absoluto,False
2930402,293040,Serra Preta - BA,BA,Bahia,1927,963.5,0,0,0,0,0,0,0,0,0,0,0,0,0,0,0,0,0,0.0,0.0,0.0,0,,963.5,Deserto absoluto,False
2930501,293050,Serrinha - BA,BA,Bahia,7742,3871.0,4,4,0,0,0,450,1559,2028,0,0,0,13,7,20,3587,27,3614,1807.0,0.4633,0.4668,20276,0.9109,2064.0,Intermediario,True
2930600,293060,Serrolândia - BA,BA,Bahia,1502,751.0,0,0,0,0,0,0,0,0,0,0,0,0,0,0,0,0,0,0.0,0.0,0.0,0,,751.0,Deserto absoluto,False
2930709,293070,Simões Filho - BA,BA,Bahia,11236,5618.0,9,9,4964,8518,10446,8573,6761,4463,0,40,59,30,19,8,11224,27,11251,5625.5,0.9989,1.0013,45621,0.8767,-7.5,Adequado,False
2930758,293075,Sítio do Mato - BA,BA,Bahia,1045,522.5,0,0,0,0,0,0,0,0,0,0,0,0,0,0,0,0,0,0.0,0.0,0.0,0,,522.5,Deserto absoluto,False
2930766,293076,Sítio do Quinto - BA,BA,Bahia,1510,755.0,0,0,0,0,0,0,0,0,0,0,0,0,0,0,0,0,0,0.0,0.0,0.0,0,,755.0,Deserto absoluto,False
2930774,293077,Sobradinho - BA,BA,Bahia,2273,1136.5,0,0,0,0,0,0,0,0,0,0,0,0,0,0,0,0,0,0.0,0.0,0.0,0,,1136.5,Deserto absoluto,False
2930808,293080,Souto Soares - BA,BA,Bahia,1488,744.0,0,0,0,0,0,0,0,0,0,0,0,0,0,0,0,0,0,0.0,0.0,0.0,0,,744.0,Deserto absoluto,False
2930907,293090,Tabocas do Brejo Velho - BA,BA,Bahia,1131,565.5,0,0,0,0,0,0,0,0,0,0,0,0,0,0,0,0,0,0.0,0.0,0.0,0,,565.5,Deserto absoluto,False
2931004,293100,Tanhaçu - BA,BA,Bahia,2176,1088.0,0,0,0,0,0,0,0,0,0,0,0,0,0,0,0,0,0,0.0,0.0,0.0,0,,1088.0,Deserto absoluto,False
2931053,293105,Tanque Novo - BA,BA,Bahia,1625,812.5,1,1,0,0,0,0,0,0,0,0,0,0,0,0,0,0,0,0.0,0.0,0.0,5069,1.0,812.5,Deserto funcional,True
2931103,293110,Tanquinho - BA,BA,Bahia,821,410.5,0,0,0,0,0,0,0,0,0,0,0,0,0,0,0,0,0,0.0,0.0,0.0,0,,410.5,Deserto absoluto,False
2931202,293120,Taperoá - BA,BA,Bahia,1663,831.5,1,0,0,0,0,0,0,0,0,0,0,0,0,0,0,0,0,0.0,0.0,0.0,0,,831.5,Deserto funcional,False
2931301,293130,Tapiramutá - BA,BA,Bahia,1359,679.5,0,0,0,0,0,0,0,0,0,0,0,0,0,0,0,0,0,0.0,0.0,0.0,0,,679.5,Deserto absoluto,False
2931350,293135,Teixeira de Freitas - BA,BA,Bahia,13875,6937.5,9,9,668,1262,1535,4289,2765,3266,56,106,80,92,195,62,6031,257,6288,3144.0,0.4347,0.4532,45621,0.9311,3793.5,Intermediario,True
2931400,293140,Teodoro Sampaio - BA,BA,Bahia,823,411.5,0,0,0,0,0,0,0,0,0,0,0,0,0,0,0,0,0,0.0,0.0,0.0,0,,411.5,Deserto absoluto,False
2931509,293150,Teofilândia - BA,BA,Bahia,1962,981.0,0,0,0,0,0,0,0,0,0,0,0,0,0,0,0,0,0,0.0,0.0,0.0,0,,981.0,Deserto absoluto,False
2931608,293160,Teolândia - BA,BA,Bahia,1272,636.0,0,0,0,0,0,0,0,0,0,0,0,0,0,0,0,0,0,0.0,0.0,0.0,0,,636.0,Deserto absoluto,False
2931707,293170,Terra Nova - BA,BA,Bahia,1207,603.5,0,0,0,0,0,0,0,0,0,0,0,0,0,0,0,0,0,0.0,0.0,0.0,0,,603.5,Deserto absoluto,False
2931806,293180,Tremedal - BA,BA,Bahia,1977,988.5,0,0,0,0,0,0,0,0,0,0,0,0,0,0,0,0,0,0.0,0.0,0.0,0,,988.5,Deserto absoluto,False
2931905,293190,Tucano - BA,BA,Bahia,5011,2505.5,0,0,0,0,0,0,0,0,0,0,0,0,0,0,0,0,0,0.0,0.0,0.0,0,,2505.5,Deserto absoluto,False
2932002,293200,Uauá - BA,BA,Bahia,2582,1291.0,0,0,0,0,0,0,0,0,0,0,0,0,0,0,0,0,0,0.0,0.0,0.0,0,,1291.0,Deserto absoluto,False
2932101,293210,Ubaíra - BA,BA,Bahia,1954,977.0,0,0,0,0,0,0,0,0,0,0,0,0,0,0,0,0,0,0.0,0.0,0.0,0,,977.0,Deserto absoluto,False
2932200,293220,Ubaitaba - BA,BA,Bahia,1800,900.0,1,0,0,0,0,0,0,0,0,0,0,0,0,0,0,0,0,0.0,0.0,0.0,0,,900.0,Deserto funcional,False
2932309,293230,Ubatã - BA,BA,Bahia,1763,881.5,0,0,0,0,0,0,0,0,0,0,0,0,0,0,0,0,0,0.0,0.0,0.0,0,,881.5,Deserto absoluto,False
2932408,293240,Uibaí - BA,BA,Bahia,1563,781.5,0,0,0,0,0,0,0,0,0,0,0,0,0,0,0,0,0,0.0,0.0,0.0,0,,781.5,Deserto absoluto,False
2932457,293245,Umburanas - BA,BA,Bahia,1204,602.0,0,0,0,0,0,0,0,0,0,0,0,0,0,0,0,0,0,0.0,0.0,0.0,0,,602.0,Deserto absoluto,False
2932507,293250,Una - BA,BA,Bahia,1944,972.0,1,0,0,0,0,0,0,0,0,0,0,0,0,0,0,0,0,0.0,0.0,0.0,0,,972.0,Deserto funcional,False
2932606,293260,Urandi - BA,BA,Bahia,1628,814.0,0,0,0,0,0,0,0,0,0,0,0,0,0,0,0,0,0,0.0,0.0,0.0,0,,814.0,Deserto absoluto,False
2932705,293270,Uruçuca - BA,BA,Bahia,2093,1046.5,0,0,0,0,0,0,0,0,0,0,0,0,0,0,0,0,0,0.0,0.0,0.0,0,,1046.5,Deserto absoluto,False
2932804,293280,Utinga - BA,BA,Bahia,1543,771.5,0,0,0,0,0,0,0,0,0,0,0,0,0,0,0,0,0,0.0,0.0,0.0,0,,771.5,Deserto absoluto,False
2932903,293290,Valença - BA,BA,Bahia,8963,4481.5,5,5,1284,983,3177,2915,2899,2259,39,20,100,213,197,86,5158,283,5441,2720.5,0.5755,0.6071,25345,0.8927,1761.0,Intermediario,True
2933000,293300,Valente - BA,BA,Bahia,2580,1290.0,2,2,3981,4428,4157,4115,1874,195,8,12,4,0,0,0,2069,0,2069,1034.5,0.8019,0.8019,10138,0.898,255.5,Adequado,True
2933059,293305,Várzea da Roça - BA,BA,Bahia,1472,736.0,0,0,0,0,0,0,0,0,0,0,0,0,0,0,0,0,0,0.0,0.0,0.0,0,,736.0,Deserto absoluto,False
2933109,293310,Várzea do Poço - BA,BA,Bahia,931,465.5,1,0,0,0,0,0,0,0,0,0,0,0,0,0,0,0,0,0.0,0.0,0.0,0,,465.5,Deserto funcional,False
2933158,293315,Várzea Nova - BA,BA,Bahia,1334,667.0,0,0,0,0,0,0,0,0,0,0,0,0,0,0,0,0,0,0.0,0.0,0.0,0,,667.0,Deserto absoluto,False
2933174,293317,Varzedo - BA,BA,Bahia,994,497.0,2,2,0,0,0,0,0,0,0,0,0,0,0,0,0,0,0,0.0,0.0,0.0,10138,1.0,497.0,Deserto funcional,True
2933208,293320,Vera Cruz - BA,BA,Bahia,5463,2731.5,1,1,0,0,0,0,0,0,0,0,0,0,0,0,0,0,0,0.0,0.0,0.0,5069,1.0,2731.5,Deserto funcional,True
2933257,293325,Vereda - BA,BA,Bahia,660,330.0,0,0,0,0,0,0,0,0,0,0,0,0,0,0,0,0,0,0.0,0.0,0.0,0,,330.0,Deserto absoluto,False
2933307,293330,Vitória da Conquista - BA,BA,Bahia,36925,18462.5,16,15,4065,4797,7439,8848,6081,6310,108,231,163,369,644,477,12391,1121,13512,6756.0,0.3356,0.3659,76035,0.9111,11706.5,Intermediario,True
2933406,293340,Wagner - BA,BA,Bahia,918,459.0,0,0,0,0,0,0,0,0,0,0,0,0,0,0,0,0,0,0.0,0.0,0.0,0,,459.0,Deserto absoluto,False
2933455,293345,Wanderley - BA,BA,Bahia,1218,609.0,0,0,0,0,0,0,0,0,0,0,0,0,0,0,0,0,0,0.0,0.0,0.0,0,,609.0,Deserto absoluto,False
2933505,293350,Wenceslau Guimarães - BA,BA,Bahia,2158,1079.0,0,0,0,0,0,0,0,0,0,0,0,0,0,0,0,0,0,0.0,0.0,0.0,0,,1079.0,Deserto absoluto,False
2933604,293360,Xique-Xique - BA,BA,Bahia,3956,1978.0,1,1,0,0,0,0,0,0,0,0,0,0,0,0,0,0,0,0.0,0.0,0.0,5069,1.0,1978.0,Deserto funcional,True
3100104,310010,Abadia dos Dourados - MG,MG,Minas Gerais,842,421.0,0,0,0,0,0,0,0,0,0,0,0,0,0,0,0,0,0,0.0,0.0,0.0,0,,421.0,Deserto absoluto,False
3100203,310020,Abaeté - MG,MG,Minas Gerais,3188,1594.0,2,2,0,0,0,0,694,458,0,0,0,0,36,22,1152,58,1210,605.0,0.3614,0.3795,10138,0.9403,989.0,Intermediario,True
3100302,310030,Abre Campo - MG,MG,Minas Gerais,1651,825.5,1,1,0,0,0,0,0,0,0,0,0,0,0,0,0,0,0,0.0,0.0,0.0,5069,1.0,825.5,Deserto funcional,True
3100401,310040,Acaiaca - MG,MG,Minas Gerais,512,256.0,0,0,0,0,0,0,0,0,0,0,0,0,0,0,0,0,0,0.0,0.0,0.0,0,,256.0,Deserto absoluto,False
3100500,310050,Açucena - MG,MG,Minas Gerais,1112,556.0,0,0,0,0,0,0,0,0,0,0,0,0,0,0,0,0,0,0.0,0.0,0.0,0,,556.0,Deserto absoluto,False
3100609,310060,Água Boa - MG,MG,Minas Gerais,1368,684.0,0,0,0,0,0,0,0,0,0,0,0,0,0,0,0,0,0,0.0,0.0,0.0,0,,684.0,Deserto absoluto,False
3100708,310070,Água Comprida - MG,MG,Minas Gerais,245,122.5,0,0,0,0,0,0,0,0,0,0,0,0,0,0,0,0,0,0.0,0.0,0.0,0,,122.5,Deserto absoluto,False
3100807,310080,Aguanil - MG,MG,Minas Gerais,563,281.5,0,0,0,0,0,0,0,0,0,0,0,0,0,0,0,0,0,0.0,0.0,0.0,0,,281.5,Deserto absoluto,False
3100906,310090,Águas Formosas - MG,MG,Minas Gerais,1894,947.0,1,1,0,0,0,0,264,1157,0,0,0,0,4,22,1421,26,1447,723.5,0.7503,0.764,5069,0.8573,223.5,Adequado,True
3101003,310100,Águas Vermelhas - MG,MG,Minas Gerais,1314,657.0,0,0,0,0,0,0,0,0,0,0,0,0,0,0,0,0,0,0.0,0.0,0.0,0,,657.0,Deserto absoluto,False
3101102,310110,Aimorés - MG,MG,Minas Gerais,3114,1557.0,0,0,0,0,0,0,0,0,0,0,0,0,0,0,0,0,0,0.0,0.0,0.0,0,,1557.0,Deserto absoluto,False
3101201,310120,Aiuruoca - MG,MG,Minas Gerais,831,415.5,2,2,35,76,80,149,11,56,6,16,6,10,0,3,67,3,70,35.0,0.0806,0.0842,10138,0.9965,380.5,Deserto funcional,True
3101300,310130,Alagoa - MG,MG,Minas Gerais,370,185.0,0,0,0,0,0,0,0,0,0,0,0,0,0,0,0,0,0,0.0,0.0,0.0,0,,185.0,Deserto absoluto,False
3101409,310140,Albertina - MG,MG,Minas Gerais,342,171.0,0,0,0,0,0,0,0,0,0,0,0,0,0,0,0,0,0,0.0,0.0,0.0,0,,171.0,Deserto absoluto,False
3101508,310150,Além Paraíba - MG,MG,Minas Gerais,4326,2163.0,3,3,490,609,604,608,345,237,4,0,4,4,7,12,582,19,601,300.5,0.1345,0.1389,15207,0.9802,1862.5,Deserto funcional,True
3101607,310160,Alfenas - MG,MG,Minas Gerais,9618,4809.0,8,7,2887,3776,3937,3150,4325,3952,1155,1237,1174,1000,1328,1063,8277,2391,10668,5334.0,0.8606,1.1092,35483,0.8497,-525.0,Adequado,False
3101631,310163,Alfredo Vasconcelos - MG,MG,Minas Gerais,838,419.0,0,0,0,0,0,0,0,0,0,0,0,0,0,0,0,0,0,0.0,0.0,0.0,0,,419.0,Deserto absoluto,False
3101706,310170,Almenara - MG,MG,Minas Gerais,4278,2139.0,2,2,0,0,0,0,0,0,0,0,0,0,0,0,0,0,0,0.0,0.0,0.0,10138,1.0,2139.0,Deserto funcional,True
3101805,310180,Alpercata - MG,MG,Minas Gerais,843,421.5,0,0,0,0,0,0,0,0,0,0,0,0,0,0,0,0,0,0.0,0.0,0.0,0,,421.5,Deserto absoluto,False
3101904,310190,Alpinópolis - MG,MG,Minas Gerais,2218,1109.0,1,1,0,0,0,0,0,0,0,0,0,0,0,0,0,0,0,0.0,0.0,0.0,5069,1.0,1109.0,Deserto funcional,True
3102001,310200,Alterosa - MG,MG,Minas Gerais,1698,849.0,0,0,0,0,0,0,0,0,0,0,0,0,0,0,0,0,0,0.0,0.0,0.0,0,,849.0,Deserto absoluto,False
3102050,310205,Alto Caparaó - MG,MG,Minas Gerais,615,307.5,0,0,0,0,0,0,0,0,0,0,0,0,0,0,0,0,0,0.0,0.0,0.0,0,,307.5,Deserto absoluto,False
3102100,310210,Alto Rio Doce - MG,MG,Minas Gerais,1401,700.5,0,0,0,0,0,0,0,0,0,0,0,0,0,0,0,0,0,0.0,0.0,0.0,0,,700.5,Deserto absoluto,False
3102209,310220,Alvarenga - MG,MG,Minas Gerais,521,260.5,0,0,0,0,0,0,0,0,0,0,0,0,0,0,0,0,0,0.0,0.0,0.0,0,,260.5,Deserto absoluto,False
3102308,310230,Alvinópolis - MG,MG,Minas Gerais,1943,971.5,0,0,0,0,0,0,0,0,0,0,0,0,0,0,0,0,0,0.0,0.0,0.0,0,,971.5,Deserto absoluto,False
3102407,310240,Alvorada de Minas - MG,MG,Minas Gerais,359,179.5,0,0,0,0,0,0,0,0,0,0,0,0,0,0,0,0,0,0.0,0.0,0.0,0,,179.5,Deserto absoluto,False
3102506,310250,Amparo do Serra - MG,MG,Minas Gerais,584,292.0,0,0,0,0,0,0,0,0,0,0,0,0,0,0,0,0,0,0.0,0.0,0.0,0,,292.0,Deserto absoluto,False
3102605,310260,Andradas - MG,MG,Minas Gerais,4957,2478.5,2,2,0,0,199,493,88,622,0,0,9,48,6,95,710,101,811,405.5,0.1432,0.1636,10138,0.96,2073.0,Deserto funcional,True
3102704,310270,Cachoeira de Pajeú - MG,MG,Minas Gerais,951,475.5,0,0,0,0,0,0,0,0,0,0,0,0,0,0,0,0,0,0.0,0.0,0.0,0,,475.5,Deserto absoluto,False
3102803,310280,Andrelândia - MG,MG,Minas Gerais,1580,790.0,0,0,0,0,0,0,0,0,0,0,0,0,0,0,0,0,0,0.0,0.0,0.0,0,,790.0,Deserto absoluto,False
3102852,310285,Angelândia - MG,MG,Minas Gerais,691,345.5,0,0,0,0,0,0,0,0,0,0,0,0,0,0,0,0,0,0.0,0.0,0.0,0,,345.5,Deserto absoluto,False
3102902,310290,Antônio Carlos - MG,MG,Minas Gerais,1443,721.5,0,0,0,0,0,0,0,0,0,0,0,0,0,0,0,0,0,0.0,0.0,0.0,0,,721.5,Deserto absoluto,False
3103009,310300,Antônio Dias - MG,MG,Minas Gerais,1053,526.5,0,0,0,0,0,0,0,0,0,0,0,0,0,0,0,0,0,0.0,0.0,0.0,0,,526.5,Deserto absoluto,False
3103108,310310,Antônio Prado de Minas - MG,MG,Minas Gerais,213,106.5,0,0,0,0,0,0,0,0,0,0,0,0,0,0,0,0,0,0.0,0.0,0.0,0,,106.5,Deserto absoluto,False
3103207,310320,Araçaí - MG,MG,Minas Gerais,318,159.0,0,0,0,0,0,0,0,0,0,0,0,0,0,0,0,0,0,0.0,0.0,0.0,0,,159.0,Deserto absoluto,False
3103306,310330,Aracitaba - MG,MG,Minas Gerais,338,169.0,0,0,0,0,0,0,0,0,0,0,0,0,0,0,0,0,0,0.0,0.0,0.0,0,,169.0,Deserto absoluto,False
3103405,310340,Araçuaí - MG,MG,Minas Gerais,3710,1855.0,2,2,1189,881,1097,1818,1869,1816,442,335,264,560,583,629,3685,1212,4897,2448.5,0.9933,1.3199,10138,0.7585,-593.5,Adequado,False
3103504,310350,Araguari - MG,MG,Minas Gerais,14510,7255.0,4,4,3059,2360,3893,3740,3763,4614,342,442,517,742,589,815,8377,1404,9781,4890.5,0.5773,0.6741,20276,0.7588,2364.5,Intermediario,True
3103603,310360,Arantina - MG,MG,Minas Gerais,433,216.5,0,0,0,0,0,0,0,0,0,0,0,0,0,0,0,0,0,0.0,0.0,0.0,0,,216.5,Deserto absoluto,False
3103702,310370,Araponga - MG,MG,Minas Gerais,808,404.0,0,0,0,0,0,0,0,0,0,0,0,0,0,0,0,0,0,0.0,0.0,0.0,0,,404.0,Deserto absoluto,False
3103751,310375,Araporã - MG,MG,Minas Gerais,832,416.0,0,0,0,0,0,0,0,0,0,0,0,0,0,0,0,0,0,0.0,0.0,0.0,0,,416.0,Deserto absoluto,False
3103801,310380,Arapuá - MG,MG,Minas Gerais,362,181.0,0,0,0,0,0,0,0,0,0,0,0,0,0,0,0,0,0,0.0,0.0,0.0,0,,181.0,Deserto absoluto,False
3103900,310390,Araújos - MG,MG,Minas Gerais,1001,500.5,0,0,0,0,0,0,0,0,0,0,0,0,0,0,0,0,0,0.0,0.0,0.0,0,,500.5,Deserto absoluto,False
3104007,310400,Araxá - MG,MG,Minas Gerais,12765,6382.5,6,6,486,638,2037,1837,2097,2372,10,13,19,22,31,59,4469,90,4559,2279.5,0.3501,0.3571,30414,0.9251,4103.0,Intermediario,True
3104106,310410,Arceburgo - MG,MG,Minas Gerais,1160,580.0,0,0,0,0,0,0,0,0,0,0,0,0,0,0,0,0,0,0.0,0.0,0.0,0,,580.0,Deserto absoluto,False
3104205,310420,Arcos - MG,MG,Minas Gerais,5131,2565.5,2,2,34,0,0,0,0,0,0,0,0,0,0,0,0,0,0,0.0,0.0,0.0,10138,1.0,2565.5,Deserto funcional,True
3104304,310430,Areado - MG,MG,Minas Gerais,1654,827.0,0,0,0,0,0,0,0,0,0,0,0,0,0,0,0,0,0,0.0,0.0,0.0,0,,827.0,Deserto absoluto,False
3104403,310440,Argirita - MG,MG,Minas Gerais,363,181.5,0,0,0,0,0,0,0,0,0,0,0,0,0,0,0,0,0,0.0,0.0,0.0,0,,181.5,Deserto absoluto,False
3104452,310445,Aricanduva - MG,MG,Minas Gerais,472,236.0,0,0,0,0,0,0,0,0,0,0,0,0,0,0,0,0,0,0.0,0.0,0.0,0,,236.0,Deserto absoluto,False
3104502,310450,Arinos - MG,MG,Minas Gerais,1767,883.5,0,0,0,0,0,0,0,0,0,0,0,0,0,0,0,0,0,0.0,0.0,0.0,0,,883.5,Deserto absoluto,False
3104601,310460,Astolfo Dutra - MG,MG,Minas Gerais,1774,887.0,0,0,0,0,0,0,0,0,0,0,0,0,0,0,0,0,0,0.0,0.0,0.0,0,,887.0,Deserto absoluto,False
3104700,310470,Ataléia - MG,MG,Minas Gerais,1657,828.5,0,0,0,0,0,0,0,0,0,0,0,0,0,0,0,0,0,0.0,0.0,0.0,0,,828.5,Deserto absoluto,False
3104809,310480,Augusto de Lima - MG,MG,Minas Gerais,548,274.0,0,0,0,0,0,0,0,0,0,0,0,0,0,0,0,0,0,0.0,0.0,0.0,0,,274.0,Deserto absoluto,False
3104908,310490,Baependi - MG,MG,Minas Gerais,2390,1195.0,1,1,430,426,474,631,834,831,0,0,0,10,0,0,1665,0,1665,832.5,0.6967,0.6967,5069,0.8358,362.5,Intermediario,True
3105004,310500,Baldim - MG,MG,Minas Gerais,1001,500.5,0,0,0,0,0,0,0,0,0,0,0,0,0,0,0,0,0,0.0,0.0,0.0,0,,500.5,Deserto absoluto,False
3105103,310510,Bambuí - MG,MG,Minas Gerais,3359,1679.5,1,1,0,0,0,0,0,0,0,0,0,0,0,0,0,0,0,0.0,0.0,0.0,5069,1.0,1679.5,Deserto funcional,True
3105202,310520,Bandeira - MG,MG,Minas Gerais,581,290.5,0,0,0,0,0,0,0,0,0,0,0,0,0,0,0,0,0,0.0,0.0,0.0,0,,290.5,Deserto absoluto,False
3105301,310530,Bandeira do Sul - MG,MG,Minas Gerais,688,344.0,0,0,0,0,0,0,0,0,0,0,0,0,0,0,0,0,0,0.0,0.0,0.0,0,,344.0,Deserto absoluto,False
3105400,310540,Barão de Cocais - MG,MG,Minas Gerais,3475,1737.5,2,2,942,325,910,1074,651,478,38,9,31,59,16,0,1129,16,1145,572.5,0.3249,0.3295,10138,0.9435,1165.0,Intermediario,True
3105509,310550,Barão do Monte Alto - MG,MG,Minas Gerais,676,338.0,0,0,0,0,0,0,0,0,0,0,0,0,0,0,0,0,0,0.0,0.0,0.0,0,,338.0,Deserto absoluto,False
3105608,310560,Barbacena - MG,MG,Minas Gerais,17268,8634.0,9,9,0,0,1000,2222,3385,4266,0,0,290,615,758,792,7651,1550,9201,4600.5,0.4431,0.5328,45621,0.8992,4033.5,Intermediario,True
3105707,310570,Barra Longa - MG,MG,Minas Gerais,825,412.5,0,0,0,0,0,0,0,0,0,0,0,0,0,0,0,0,0,0.0,0.0,0.0,0,,412.5,Deserto absoluto,False
3105905,310590,Barroso - MG,MG,Minas Gerais,2639,1319.5,1,1,622,208,1222,1147,978,1492,11,3,17,22,31,29,2470,60,2530,1265.0,0.936,0.9587,5069,0.7504,54.5,Adequado,True
3106002,310600,Bela Vista de Minas - MG,MG,Minas Gerais,1259,629.5,0,0,0,0,0,0,0,0,0,0,0,0,0,0,0,0,0,0.0,0.0,0.0,0,,629.5,Deserto absoluto,False
3106101,310610,Belmiro Braga - MG,MG,Minas Gerais,407,203.5,0,0,0,0,0,0,0,0,0,0,0,0,0,0,0,0,0,0.0,0.0,0.0,0,,203.5,Deserto absoluto,False
3106200,310620,Belo Horizonte - MG,MG,Minas Gerais,305233,152616.5,113,106,33685,46962,46287,47113,25840,54996,16576,18207,15745,14813,12194,15951,80836,28145,108981,54490.5,0.2648,0.357,537314,0.8986,98126.0,Intermediario,True
3106309,310630,Belo Oriente - MG,MG,Minas Gerais,2599,1299.5,0,0,0,0,0,0,0,0,0,0,0,0,0,0,0,0,0,0.0,0.0,0.0,0,,1299.5,Deserto absoluto,False
3106408,310640,Belo Vale - MG,MG,Minas Gerais,1079,539.5,0,0,0,0,0,0,0,0,0,0,0,0,0,0,0,0,0,0.0,0.0,0.0,0,,539.5,Deserto absoluto,False
3106507,310650,Berilo - MG,MG,Minas Gerais,1140,570.0,0,0,0,0,0,0,0,0,0,0,0,0,0,0,0,0,0,0.0,0.0,0.0,0,,570.0,Deserto absoluto,False
3106606,310660,Bertópolis - MG,MG,Minas Gerais,404,202.0,0,0,0,0,0,0,0,0,0,0,0,0,0,0,0,0,0,0.0,0.0,0.0,0,,202.0,Deserto absoluto,False
3106655,310665,Berizal - MG,MG,Minas Gerais,440,220.0,0,0,0,0,0,0,0,0,0,0,0,0,0,0,0,0,0,0.0,0.0,0.0,0,,220.0,Deserto absoluto,False
3106705,310670,Betim - MG,MG,Minas Gerais,43735,21867.5,8,8,5837,4855,5391,4732,5997,3532,1242,1506,1633,1623,1574,2024,9529,3598,13127,6563.5,0.2179,0.3001,40552,0.8381,15304.0,Intermediario,True
3106804,310680,Bias Fortes - MG,MG,Minas Gerais,413,206.5,0,0,0,0,0,0,0,0,0,0,0,0,0,0,0,0,0,0.0,0.0,0.0,0,,206.5,Deserto absoluto,False
3106903,310690,Bicas - MG,MG,Minas Gerais,1957,978.5,1,1,187,371,533,121,0,0,21,31,42,3,0,0,0,0,0,0.0,0.0,0.0,5069,1.0,978.5,Deserto funcional,True
3107000,310700,Biquinhas - MG,MG,Minas Gerais,384,192.0,1,1,0,0,0,0,0,269,0,0,0,0,0,28,269,28,297,148.5,0.7005,0.7734,5069,0.9707,43.5,Adequado,True
3107109,310710,Boa Esperança - MG,MG,Minas Gerais,4753,2376.5,2,2,1212,1212,1415,1499,1420,1169,128,140,100,69,67,9,2589,76,2665,1332.5,0.5447,0.5607,10138,0.8686,1044.0,Intermediario,True
3107208,310720,Bocaina de Minas - MG,MG,Minas Gerais,723,361.5,0,0,0,0,0,0,0,0,0,0,0,0,0,0,0,0,0,0.0,0.0,0.0,0,,361.5,Deserto absoluto,False
3107307,310730,Bocaiúva - MG,MG,Minas Gerais,5027,2513.5,3,2,0,0,0,0,0,779,0,0,0,0,0,10,779,10,789,394.5,0.155,0.157,10138,0.9611,2119.0,Deserto funcional,True
3107406,310740,Bom Despacho - MG,MG,Minas Gerais,6277,3138.5,2,2,897,1096,933,1403,1433,1350,8,12,4,8,12,16,2783,28,2811,1405.5,0.4434,0.4478,10138,0.8614,1733.0,Intermediario,True
3107505,310750,Bom Jardim de Minas - MG,MG,Minas Gerais,895,447.5,0,0,0,0,0,0,0,0,0,0,0,0,0,0,0,0,0,0.0,0.0,0.0,0,,447.5,Deserto absoluto,False
3107604,310760,Bom Jesus da Penha - MG,MG,Minas Gerais,523,261.5,0,0,0,0,0,0,0,0,0,0,0,0,0,0,0,0,0,0.0,0.0,0.0,0,,261.5,Deserto absoluto,False
3107703,310770,Bom Jesus do Amparo - MG,MG,Minas Gerais,677,338.5,0,0,0,0,0,0,0,0,0,0,0,0,0,0,0,0,0,0.0,0.0,0.0,0,,338.5,Deserto absoluto,False
3107802,310780,Bom Jesus do Galho - MG,MG,Minas Gerais,1899,949.5,0,0,0,0,0,0,0,0,0,0,0,0,0,0,0,0,0,0.0,0.0,0.0,0,,949.5,Deserto absoluto,False
3107901,310790,Bom Repouso - MG,MG,Minas Gerais,1328,664.0,0,0,0,0,0,0,0,0,0,0,0,0,0,0,0,0,0,0.0,0.0,0.0,0,,664.0,Deserto absoluto,False
3108008,310800,Bom Sucesso - MG,MG,Minas Gerais,2301,1150.5,1,1,0,0,0,0,0,0,0,0,0,0,0,0,0,0,0,0.0,0.0,0.0,5069,1.0,1150.5,Deserto funcional,True
3108107,310810,Bonfim - MG,MG,Minas Gerais,1101,550.5,0,0,0,0,0,0,0,0,0,0,0,0,0,0,0,0,0,0.0,0.0,0.0,0,,550.5,Deserto absoluto,False
3108206,310820,Bonfinópolis de Minas - MG,MG,Minas Gerais,645,322.5,0,0,0,0,0,0,0,0,0,0,0,0,0,0,0,0,0,0.0,0.0,0.0,0,,322.5,Deserto absoluto,False
3108255,310825,Bonito de Minas - MG,MG,Minas Gerais,853,426.5,0,0,0,0,0,0,0,0,0,0,0,0,0,0,0,0,0,0.0,0.0,0.0,0,,426.5,Deserto absoluto,False
3108305,310830,Borda da Mata - MG,MG,Minas Gerais,2337,1168.5,1,0,0,0,0,0,0,0,0,0,0,0,0,0,0,0,0,0.0,0.0,0.0,0,,1168.5,Deserto funcional,False
3108404,310840,Botelhos - MG,MG,Minas Gerais,1862,931.0,0,0,0,0,0,0,0,0,0,0,0,0,0,0,0,0,0,0.0,0.0,0.0,0,,931.0,Deserto absoluto,False
3108503,310850,Botumirim - MG,MG,Minas Gerais,580,290.0,0,0,0,0,0,0,0,0,0,0,0,0,0,0,0,0,0,0.0,0.0,0.0,0,,290.0,Deserto absoluto,False
3108552,310855,Brasilândia de Minas - MG,MG,Minas Gerais,1321,660.5,0,0,0,0,0,0,0,0,0,0,0,0,0,0,0,0,0,0.0,0.0,0.0,0,,660.5,Deserto absoluto,False
3108602,310860,Brasília de Minas - MG,MG,Minas Gerais,3350,1675.0,4,4,1552,2015,1111,2162,1347,4669,150,127,173,257,103,688,6016,791,6807,3403.5,1.7958,2.0319,20276,0.8321,-1728.5,Adequado,False
3108701,310870,Brás Pires - MG,MG,Minas Gerais,583,291.5,0,0,0,0,0,0,0,0,0,0,0,0,0,0,0,0,0,0.0,0.0,0.0,0,,291.5,Deserto absoluto,False
3108800,310880,Braúnas - MG,MG,Minas Gerais,566,283.0,0,0,0,0,0,0,0,0,0,0,0,0,0,0,0,0,0,0.0,0.0,0.0,0,,283.0,Deserto absoluto,False
3108909,310890,Brazópolis - MG,MG,Minas Gerais,1853,926.5,0,0,0,0,0,0,0,0,0,0,0,0,0,0,0,0,0,0.0,0.0,0.0,0,,926.5,Deserto absoluto,False
3109006,310900,Brumadinho - MG,MG,Minas Gerais,4838,2419.0,4,4,1445,0,343,322,0,822,171,0,0,3,0,4,822,4,826,413.0,0.1699,0.1707,20276,0.9796,2006.0,Deserto funcional,True
3109105,310910,Bueno Brandão - MG,MG,Minas Gerais,1475,737.5,0,0,0,0,0,0,0,0,0,0,0,0,0,0,0,0,0,0.0,0.0,0.0,0,,737.5,Deserto absoluto,False
3109204,310920,Buenópolis - MG,MG,Minas Gerais,1053,526.5,0,0,0,0,0,0,0,0,0,0,0,0,0,0,0,0,0,0.0,0.0,0.0,0,,526.5,Deserto absoluto,False
3109253,310925,Bugre - MG,MG,Minas Gerais,482,241.0,0,0,0,0,0,0,0,0,0,0,0,0,0,0,0,0,0,0.0,0.0,0.0,0,,241.0,Deserto absoluto,False
3109303,310930,Buritis - MG,MG,Minas Gerais,2349,1174.5,2,2,0,0,0,0,0,0,0,0,0,0,0,0,0,0,0,0.0,0.0,0.0,10138,1.0,1174.5,Deserto funcional,True
3109402,310940,Buritizeiro - MG,MG,Minas Gerais,2428,1214.0,0,0,0,0,0,0,0,0,0,0,0,0,0,0,0,0,0,0.0,0.0,0.0,0,,1214.0,Deserto absoluto,False
3109451,310945,Cabeceira Grande - MG,MG,Minas Gerais,763,381.5,0,0,0,0,0,0,0,0,0,0,0,0,0,0,0,0,0,0.0,0.0,0.0,0,,381.5,Deserto absoluto,False
3109501,310950,Cabo Verde - MG,MG,Minas Gerais,1403,701.5,0,0,0,0,0,0,0,0,0,0,0,0,0,0,0,0,0,0.0,0.0,0.0,0,,701.5,Deserto absoluto,False
3109600,310960,Cachoeira da Prata - MG,MG,Minas Gerais,517,258.5,0,0,0,0,0,0,0,0,0,0,0,0,0,0,0,0,0,0.0,0.0,0.0,0,,258.5,Deserto absoluto,False
3109709,310970,Cachoeira de Minas - MG,MG,Minas Gerais,1490,745.0,0,0,0,0,0,0,0,0,0,0,0,0,0,0,0,0,0,0.0,0.0,0.0,0,,745.0,Deserto absoluto,False
3109808,310980,Cachoeira Dourada - MG,MG,Minas Gerais,313,156.5,0,0,0,0,0,0,0,0,0,0,0,0,0,0,0,0,0,0.0,0.0,0.0,0,,156.5,Deserto absoluto,False
3109907,310990,Caetanópolis - MG,MG,Minas Gerais,1512,756.0,0,0,0,0,0,0,0,0,0,0,0,0,0,0,0,0,0,0.0,0.0,0.0,0,,756.0,Deserto absoluto,False
3110004,311000,Caeté - MG,MG,Minas Gerais,5085,2542.5,1,1,0,0,0,0,0,0,0,0,0,0,0,0,0,0,0,0.0,0.0,0.0,5069,1.0,2542.5,Deserto funcional,True
3110103,311010,Caiana - MG,MG,Minas Gerais,578,289.0,0,0,0,0,0,0,0,0,0,0,0,0,0,0,0,0,0,0.0,0.0,0.0,0,,289.0,Deserto absoluto,False
3110202,311020,Cajuri - MG,MG,Minas Gerais,468,234.0,0,0,0,0,0,0,0,0,0,0,0,0,0,0,0,0,0,0.0,0.0,0.0,0,,234.0,Deserto absoluto,False
3110301,311030,Caldas - MG,MG,Minas Gerais,1970,985.0,0,0,0,0,0,0,0,0,0,0,0,0,0,0,0,0,0,0.0,0.0,0.0,0,,985.0,Deserto absoluto,False
3110400,311040,Camacho - MG,MG,Minas Gerais,356,178.0,0,0,0,0,0,0,0,0,0,0,0,0,0,0,0,0,0,0.0,0.0,0.0,0,,178.0,Deserto absoluto,False
3110509,311050,Camanducaia - MG,MG,Minas Gerais,2850,1425.0,0,0,0,0,0,0,0,0,0,0,0,0,0,0,0,0,0,0.0,0.0,0.0,0,,1425.0,Deserto absoluto,False
3110608,311060,Cambuí - MG,MG,Minas Gerais,3712,1856.0,2,2,0,0,0,0,0,0,0,0,0,0,0,0,0,0,0,0.0,0.0,0.0,10138,1.0,1856.0,Deserto funcional,True
3110707,311070,Cambuquira - MG,MG,Minas Gerais,1601,800.5,0,0,0,0,0,0,0,0,0,0,0,0,0,0,0,0,0,0.0,0.0,0.0,0,,800.5,Deserto absoluto,False
3110806,311080,Campanário - MG,MG,Minas Gerais,373,186.5,0,0,0,0,0,0,0,0,0,0,0,0,0,0,0,0,0,0.0,0.0,0.0,0,,186.5,Deserto absoluto,False
3110905,311090,Campanha - MG,MG,Minas Gerais,1898,949.0,1,1,0,122,221,65,206,234,0,4,1,0,0,11,440,11,451,225.5,0.2318,0.2376,5069,0.9555,723.5,Deserto funcional,True
3111002,311100,Campestre - MG,MG,Minas Gerais,2584,1292.0,1,1,449,622,712,450,155,449,11,8,5,8,1,11,604,12,616,308.0,0.2337,0.2384,5069,0.9392,984.0,Deserto funcional,True
3111101,311110,Campina Verde - MG,MG,Minas Gerais,2481,1240.5,1,1,204,360,491,436,251,109,1,2,0,3,0,0,360,0,360,180.0,0.1451,0.1451,5069,0.9645,1060.5,Deserto funcional,True
3111150,311115,Campo Azul - MG,MG,Minas Gerais,377,188.5,0,0,0,0,0,0,0,0,0,0,0,0,0,0,0,0,0,0.0,0.0,0.0,0,,188.5,Deserto absoluto,False
3111200,311120,Campo Belo - MG,MG,Minas Gerais,6755,3377.5,5,4,1882,1044,246,0,1032,5836,24,13,1,0,18,19,6868,37,6905,3452.5,1.0167,1.0222,20276,0.8297,-75.0,Adequado,False
3111309,311130,Campo do Meio - MG,MG,Minas Gerais,1509,754.5,0,0,0,0,0,0,0,0,0,0,0,0,0,0,0,0,0,0.0,0.0,0.0,0,,754.5,Deserto absoluto,False
3111408,311140,Campo Florido - MG,MG,Minas Gerais,730,365.0,0,0,0,0,0,0,0,0,0,0,0,0,0,0,0,0,0,0.0,0.0,0.0,0,,365.0,Deserto absoluto,False
3111507,311150,Campos Altos - MG,MG,Minas Gerais,1410,705.0,0,0,0,0,0,0,0,0,0,0,0,0,0,0,0,0,0,0.0,0.0,0.0,0,,705.0,Deserto absoluto,False
3111606,311160,Campos Gerais - MG,MG,Minas Gerais,3041,1520.5,2,2,0,0,0,0,0,0,0,0,0,0,0,0,0,0,0,0.0,0.0,0.0,10138,1.0,1520.5,Deserto funcional,True
3111705,311170,Canaã - MG,MG,Minas Gerais,590,295.0,0,0,0,0,0,0,0,0,0,0,0,0,0,0,0,0,0,0.0,0.0,0.0,0,,295.0,Deserto absoluto,False
3111804,311180,Canápolis - MG,MG,Minas Gerais,1345,672.5,0,0,0,0,0,0,0,0,0,0,0,0,0,0,0,0,0,0.0,0.0,0.0,0,,672.5,Deserto absoluto,False
3111903,311190,Cana Verde - MG,MG,Minas Gerais,654,327.0,0,0,0,0,0,0,0,0,0,0,0,0,0,0,0,0,0,0.0,0.0,0.0,0,,327.0,Deserto absoluto,False
3112000,311200,Candeias - MG,MG,Minas Gerais,1834,917.0,0,0,0,0,0,0,0,0,0,0,0,0,0,0,0,0,0,0.0,0.0,0.0,0,,917.0,Deserto absoluto,False
3112059,311205,Cantagalo - MG,MG,Minas Gerais,427,213.5,0,0,0,0,0,0,0,0,0,0,0,0,0,0,0,0,0,0.0,0.0,0.0,0,,213.5,Deserto absoluto,False
3112109,311210,Caparaó - MG,MG,Minas Gerais,520,260.0,0,0,0,0,0,0,0,0,0,0,0,0,0,0,0,0,0,0.0,0.0,0.0,0,,260.0,Deserto absoluto,False
3112208,311220,Capela Nova - MG,MG,Minas Gerais,634,317.0,0,0,0,0,0,0,0,0,0,0,0,0,0,0,0,0,0,0.0,0.0,0.0,0,,317.0,Deserto absoluto,False
3112307,311230,Capelinha - MG,MG,Minas Gerais,3459,1729.5,2,2,31,677,1391,1647,0,864,2,144,279,419,0,73,864,73,937,468.5,0.2498,0.2709,10138,0.9538,1261.0,Deserto funcional,True
3112406,311240,Capetinga - MG,MG,Minas Gerais,750,375.0,0,0,0,0,0,0,0,0,0,0,0,0,0,0,0,0,0,0.0,0.0,0.0,0,,375.0,Deserto absoluto,False
3112505,311250,Capim Branco - MG,MG,Minas Gerais,1287,643.5,0,0,0,0,0,0,0,0,0,0,0,0,0,0,0,0,0,0.0,0.0,0.0,0,,643.5,Deserto absoluto,False
3112604,311260,Capinópolis - MG,MG,Minas Gerais,1815,907.5,0,0,0,0,0,0,0,0,0,0,0,0,0,0,0,0,0,0.0,0.0,0.0,0,,907.5,Deserto absoluto,False
3112653,311265,Capitão Andrade - MG,MG,Minas Gerais,627,313.5,0,0,0,0,0,0,0,0,0,0,0,0,0,0,0,0,0,0.0,0.0,0.0,0,,313.5,Deserto absoluto,False
3112703,311270,Capitão Enéas - MG,MG,Minas Gerais,1297,648.5,0,0,0,0,0,0,0,0,0,0,0,0,0,0,0,0,0,0.0,0.0,0.0,0,,648.5,Deserto absoluto,False
3112802,311280,Capitólio - MG,MG,Minas Gerais,1220,610.0,0,0,0,0,0,0,0,0,0,0,0,0,0,0,0,0,0,0.0,0.0,0.0,0,,610.0,Deserto absoluto,False
3112901,311290,Caputira - MG,MG,Minas Gerais,957,478.5,0,0,0,0,0,0,0,0,0,0,0,0,0,0,0,0,0,0.0,0.0,0.0,0,,478.5,Deserto absoluto,False
3113008,311300,Caraí - MG,MG,Minas Gerais,2013,1006.5,0,0,0,0,0,0,0,0,0,0,0,0,0,0,0,0,0,0.0,0.0,0.0,0,,1006.5,Deserto absoluto,False
3113107,311310,Caranaíba - MG,MG,Minas Gerais,394,197.0,0,0,0,0,0,0,0,0,0,0,0,0,0,0,0,0,0,0.0,0.0,0.0,0,,197.0,Deserto absoluto,False
3113206,311320,Carandaí - MG,MG,Minas Gerais,3073,1536.5,2,2,0,1,2039,1830,1370,1969,0,0,35,9,10,5,3339,15,3354,1677.0,1.0866,1.0914,10138,0.8346,-140.5,Adequado,False
3113305,311330,Carangola - MG,MG,Minas Gerais,4076,2038.0,3,2,1901,3478,3790,3555,3006,2820,49,37,38,30,27,34,5826,61,5887,2943.5,1.4293,1.4443,10138,0.7097,-905.5,Adequado,False
3113404,311340,Caratinga - MG,MG,Minas Gerais,10334,5167.0,8,8,1694,2947,3918,3802,4661,5086,103,62,57,73,71,62,9747,133,9880,4940.0,0.9432,0.9561,40552,0.8782,227.0,Adequado,True
3113503,311350,Carbonita - MG,MG,Minas Gerais,928,464.0,0,0,0,0,0,0,0,0,0,0,0,0,0,0,0,0,0,0.0,0.0,0.0,0,,464.0,Deserto absoluto,False
3113602,311360,Careaçu - MG,MG,Minas Gerais,783,391.5,0,0,0,0,0,0,0,0,0,0,0,0,0,0,0,0,0,0.0,0.0,0.0,0,,391.5,Deserto absoluto,False
3113701,311370,Carlos Chagas - MG,MG,Minas Gerais,2202,1101.0,0,0,0,0,0,0,0,0,0,0,0,0,0,0,0,0,0,0.0,0.0,0.0,0,,1101.0,Deserto absoluto,False
3113800,311380,Carmésia - MG,MG,Minas Gerais,274,137.0,0,0,0,0,0,0,0,0,0,0,0,0,0,0,0,0,0,0.0,0.0,0.0,0,,137.0,Deserto absoluto,False
3113909,311390,Carmo da Cachoeira - MG,MG,Minas Gerais,1342,671.0,0,0,0,0,0,0,0,0,0,0,0,0,0,0,0,0,0,0.0,0.0,0.0,0,,671.0,Deserto absoluto,False
3114006,311400,Carmo da Mata - MG,MG,Minas Gerais,1425,712.5,0,0,0,0,0,0,0,0,0,0,0,0,0,0,0,0,0,0.0,0.0,0.0,0,,712.5,Deserto absoluto,False
3114105,311410,Carmo de Minas - MG,MG,Minas Gerais,1572,786.0,0,0,0,0,0,0,0,0,0,0,0,0,0,0,0,0,0,0.0,0.0,0.0,0,,786.0,Deserto absoluto,False
3114204,311420,Carmo do Cajuru - MG,MG,Minas Gerais,2663,1331.5,0,0,0,0,0,0,0,0,0,0,0,0,0,0,0,0,0,0.0,0.0,0.0,0,,1331.5,Deserto absoluto,False
3114303,311430,Carmo do Paranaíba - MG,MG,Minas Gerais,3813,1906.5,1,1,475,877,849,550,559,975,21,28,25,10,59,51,1534,110,1644,822.0,0.4023,0.4312,5069,0.8378,1084.5,Intermediario,True
3114402,311440,Carmo do Rio Claro - MG,MG,Minas Gerais,2599,1299.5,0,0,0,0,0,0,0,0,0,0,0,0,0,0,0,0,0,0.0,0.0,0.0,0,,1299.5,Deserto absoluto,False
3114501,311450,Carmópolis de Minas - MG,MG,Minas Gerais,1998,999.0,1,1,373,95,0,0,531,1017,10,9,0,0,11,28,1548,39,1587,793.5,0.7748,0.7943,5069,0.8435,205.5,Adequado,True
3114550,311455,Carneirinho - MG,MG,Minas Gerais,1167,583.5,1,1,0,0,0,0,0,0,0,0,0,0,0,0,0,0,0,0.0,0.0,0.0,5069,1.0,583.5,Deserto funcional,True
3114600,311460,Carrancas - MG,MG,Minas Gerais,529,264.5,0,0,0,0,0,0,0,0,0,0,0,0,0,0,0,0,0,0.0,0.0,0.0,0,,264.5,Deserto absoluto,False
3114709,311470,Carvalhópolis - MG,MG,Minas Gerais,474,237.0,0,0,0,0,0,0,0,0,0,0,0,0,0,0,0,0,0,0.0,0.0,0.0,0,,237.0,Deserto absoluto,False
3114808,311480,Carvalhos - MG,MG,Minas Gerais,630,315.0,0,0,0,0,0,0,0,0,0,0,0,0,0,0,0,0,0,0.0,0.0,0.0,0,,315.0,Deserto absoluto,False
3114907,311490,Casa Grande - MG,MG,Minas Gerais,256,128.0,0,0,0,0,0,0,0,0,0,0,0,0,0,0,0,0,0,0.0,0.0,0.0,0,,128.0,Deserto absoluto,False
3115003,311500,Cascalho Rico - MG,MG,Minas Gerais,351,175.5,0,0,0,0,0,0,0,0,0,0,0,0,0,0,0,0,0,0.0,0.0,0.0,0,,175.5,Deserto absoluto,False
3115102,311510,Cássia - MG,MG,Minas Gerais,2109,1054.5,1,1,1501,1709,2114,1864,1914,1938,22,27,18,32,23,13,3852,36,3888,1944.0,1.8265,1.8435,5069,0.6165,-889.5,Adequado,False
3115201,311520,Conceição da Barra de Minas - MG,MG,Minas Gerais,477,238.5,0,0,0,0,0,0,0,0,0,0,0,0,0,0,0,0,0,0.0,0.0,0.0,0,,238.5,Deserto absoluto,False
3115300,311530,Cataguases - MG,MG,Minas Gerais,9030,4515.0,4,3,118,275,617,451,732,774,13,36,80,91,54,41,1506,95,1601,800.5,0.1668,0.1773,15207,0.9474,3714.5,Deserto funcional,True
3115359,311535,Catas Altas - MG,MG,Minas Gerais,619,309.5,0,0,0,0,0,0,0,0,0,0,0,0,0,0,0,0,0,0.0,0.0,0.0,0,,309.5,Deserto absoluto,False
3115409,311540,Catas Altas da Noruega - MG,MG,Minas Gerais,359,179.5,0,0,0,0,0,0,0,0,0,0,0,0,0,0,0,0,0,0.0,0.0,0.0,0,,179.5,Deserto absoluto,False
3115458,311545,Catuji - MG,MG,Minas Gerais,659,329.5,0,0,0,0,0,0,0,0,0,0,0,0,0,0,0,0,0,0.0,0.0,0.0,0,,329.5,Deserto absoluto,False
3115474,311547,Catuti - MG,MG,Minas Gerais,555,277.5,0,0,0,0,0,0,0,0,0,0,0,0,0,0,0,0,0,0.0,0.0,0.0,0,,277.5,Deserto absoluto,False
3115508,311550,Caxambu - MG,MG,Minas Gerais,3043,1521.5,0,0,0,0,0,0,0,0,0,0,0,0,0,0,0,0,0,0.0,0.0,0.0,0,,1521.5,Deserto absoluto,False
3115607,311560,Cedro do Abaeté - MG,MG,Minas Gerais,171,85.5,0,0,0,0,0,0,0,0,0,0,0,0,0,0,0,0,0,0.0,0.0,0.0,0,,85.5,Deserto absoluto,False
3115706,311570,Central de Minas - MG,MG,Minas Gerais,895,447.5,0,0,0,0,0,0,0,0,0,0,0,0,0,0,0,0,0,0.0,0.0,0.0,0,,447.5,Deserto absoluto,False
3115805,311580,Centralina - MG,MG,Minas Gerais,1219,609.5,0,0,0,0,0,0,0,0,0,0,0,0,0,0,0,0,0,0.0,0.0,0.0,0,,609.5,Deserto absoluto,False
3115904,311590,Chácara - MG,MG,Minas Gerais,427,213.5,0,0,0,0,0,0,0,0,0,0,0,0,0,0,0,0,0,0.0,0.0,0.0,0,,213.5,Deserto absoluto,False
3116001,311600,Chalé - MG,MG,Minas Gerais,660,330.0,0,0,0,0,0,0,0,0,0,0,0,0,0,0,0,0,0,0.0,0.0,0.0,0,,330.0,Deserto absoluto,False
3116100,311610,Chapada do Norte - MG,MG,Minas Gerais,1190,595.0,0,0,0,0,0,0,0,0,0,0,0,0,0,0,0,0,0,0.0,0.0,0.0,0,,595.0,Deserto absoluto,False
3116159,311615,Chapada Gaúcha - MG,MG,Minas Gerais,856,428.0,0,0,0,0,0,0,0,0,0,0,0,0,0,0,0,0,0,0.0,0.0,0.0,0,,428.0,Deserto absoluto,False
3116209,311620,Chiador - MG,MG,Minas Gerais,361,180.5,0,0,0,0,0,0,0,0,0,0,0,0,0,0,0,0,0,0.0,0.0,0.0,0,,180.5,Deserto absoluto,False
3116308,311630,Cipotânea - MG,MG,Minas Gerais,731,365.5,0,0,0,0,0,0,0,0,0,0,0,0,0,0,0,0,0,0.0,0.0,0.0,0,,365.5,Deserto absoluto,False
3116407,311640,Claraval - MG,MG,Minas Gerais,543,271.5,0,0,0,0,0,0,0,0,0,0,0,0,0,0,0,0,0,0.0,0.0,0.0,0,,271.5,Deserto absoluto,False
3116506,311650,Claro dos Poções - MG,MG,Minas Gerais,881,440.5,0,0,0,0,0,0,0,0,0,0,0,0,0,0,0,0,0,0.0,0.0,0.0,0,,440.5,Deserto absoluto,False
3116605,311660,Cláudio - MG,MG,Minas Gerais,3110,1555.0,1,1,0,0,0,0,0,0,0,0,0,0,0,0,0,0,0,0.0,0.0,0.0,5069,1.0,1555.0,Deserto funcional,True
3116704,311670,Coimbra - MG,MG,Minas Gerais,935,467.5,0,0,0,0,0,0,0,0,0,0,0,0,0,0,0,0,0,0.0,0.0,0.0,0,,467.5,Deserto absoluto,False
3116803,311680,Coluna - MG,MG,Minas Gerais,811,405.5,0,0,0,0,0,0,0,0,0,0,0,0,0,0,0,0,0,0.0,0.0,0.0,0,,405.5,Deserto absoluto,False
3116902,311690,Comendador Gomes - MG,MG,Minas Gerais,310,155.0,0,0,0,0,0,0,0,0,0,0,0,0,0,0,0,0,0,0.0,0.0,0.0,0,,155.0,Deserto absoluto,False
3117009,311700,Comercinho - MG,MG,Minas Gerais,803,401.5,0,0,0,0,0,0,0,0,0,0,0,0,0,0,0,0,0,0.0,0.0,0.0,0,,401.5,Deserto absoluto,False
3117108,311710,Conceição da Aparecida - MG,MG,Minas Gerais,1190,595.0,0,0,0,0,0,0,0,0,0,0,0,0,0,0,0,0,0,0.0,0.0,0.0,0,,595.0,Deserto absoluto,False
3117207,311720,Conceição das Pedras - MG,MG,Minas Gerais,331,165.5,0,0,0,0,0,0,0,0,0,0,0,0,0,0,0,0,0,0.0,0.0,0.0,0,,165.5,Deserto absoluto,False
3117306,311730,Conceição das Alagoas - MG,MG,Minas Gerais,2592,1296.0,0,0,0,0,0,0,0,0,0,0,0,0,0,0,0,0,0,0.0,0.0,0.0,0,,1296.0,Deserto absoluto,False
3117405,311740,Conceição de Ipanema - MG,MG,Minas Gerais,540,270.0,0,0,0,0,0,0,0,0,0,0,0,0,0,0,0,0,0,0.0,0.0,0.0,0,,270.0,Deserto absoluto,False
3117504,311750,Conceição do Mato Dentro - MG,MG,Minas Gerais,2145,1072.5,2,2,0,0,0,0,0,0,0,0,0,0,0,0,0,0,0,0.0,0.0,0.0,10138,1.0,1072.5,Deserto funcional,True
3117603,311760,Conceição do Pará - MG,MG,Minas Gerais,706,353.0,0,0,0,0,0,0,0,0,0,0,0,0,0,0,0,0,0,0.0,0.0,0.0,0,,353.0,Deserto absoluto,False
3117702,311770,Conceição do Rio Verde - MG,MG,Minas Gerais,1427,713.5,0,0,0,0,0,0,0,0,0,0,0,0,0,0,0,0,0,0.0,0.0,0.0,0,,713.5,Deserto absoluto,False
3117801,311780,Conceição dos Ouros - MG,MG,Minas Gerais,1286,643.0,0,0,0,0,0,0,0,0,0,0,0,0,0,0,0,0,0,0.0,0.0,0.0,0,,643.0,Deserto absoluto,False
3117836,311783,Cônego Marinho - MG,MG,Minas Gerais,710,355.0,0,0,0,0,0,0,0,0,0,0,0,0,0,0,0,0,0,0.0,0.0,0.0,0,,355.0,Deserto absoluto,False
3117876,311787,Confins - MG,MG,Minas Gerais,886,443.0,0,0,0,0,0,0,0,0,0,0,0,0,0,0,0,0,0,0.0,0.0,0.0,0,,443.0,Deserto absoluto,False
3117900,311790,Congonhal - MG,MG,Minas Gerais,1471,735.5,0,0,0,0,0,0,0,0,0,0,0,0,0,0,0,0,0,0.0,0.0,0.0,0,,735.5,Deserto absoluto,False
3118007,311800,Congonhas - MG,MG,Minas Gerais,6149,3074.5,1,1,0,0,0,0,0,0,0,0,0,0,0,34,0,34,34,17.0,0.0,0.0055,5069,0.9966,3057.5,Deserto funcional,True
3118106,311810,Congonhas do Norte - MG,MG,Minas Gerais,495,247.5,0,0,0,0,0,0,0,0,0,0,0,0,0,0,0,0,0,0.0,0.0,0.0,0,,247.5,Deserto absoluto,False
3118205,311820,Conquista - MG,MG,Minas Gerais,829,414.5,0,0,0,0,0,0,0,0,0,0,0,0,0,0,0,0,0,0.0,0.0,0.0,0,,414.5,Deserto absoluto,False
3118304,311830,Conselheiro Lafaiete - MG,MG,Minas Gerais,16169,8084.5,6,4,6724,8891,9133,7304,6068,6465,857,1233,1341,930,712,809,12533,1521,14054,7027.0,0.7751,0.8692,20276,0.6534,1057.5,Adequado,True
3118403,311840,Conselheiro Pena - MG,MG,Minas Gerais,2576,1288.0,0,0,0,0,0,0,0,0,0,0,0,0,0,0,0,0,0,0.0,0.0,0.0,0,,1288.0,Deserto absoluto,False
3118502,311850,Consolação - MG,MG,Minas Gerais,195,97.5,0,0,0,0,0,0,0,0,0,0,0,0,0,0,0,0,0,0.0,0.0,0.0,0,,97.5,Deserto absoluto,False
3118601,311860,Contagem - MG,MG,Minas Gerais,73631,36815.5,21,20,3052,8020,9938,7571,7321,8710,1426,1268,2049,1840,1981,2144,16031,4125,20156,10078.0,0.2177,0.2737,101380,0.9006,26737.5,Deserto funcional,True
3118700,311870,Coqueiral - MG,MG,Minas Gerais,1157,578.5,0,0,0,0,0,0,0,0,0,0,0,0,0,0,0,0,0,0.0,0.0,0.0,0,,578.5,Deserto absoluto,False
3118809,311880,Coração de Jesus - MG,MG,Minas Gerais,2795,1397.5,1,1,120,183,263,150,458,388,124,247,298,145,424,475,846,899,1745,872.5,0.3027,0.6243,5069,0.8279,525.0,Intermediario,True
3118908,311890,Cordisburgo - MG,MG,Minas Gerais,1011,505.5,1,0,0,0,0,0,0,0,0,0,0,0,0,0,0,0,0,0.0,0.0,0.0,0,,505.5,Deserto funcional,False
3119005,311900,Cordislândia - MG,MG,Minas Gerais,405,202.5,0,0,0,0,0,0,0,0,0,0,0,0,0,0,0,0,0,0.0,0.0,0.0,0,,202.5,Deserto absoluto,False
3119104,311910,Corinto - MG,MG,Minas Gerais,2975,1487.5,0,0,0,0,0,0,0,0,0,0,0,0,0,0,0,0,0,0.0,0.0,0.0,0,,1487.5,Deserto absoluto,False
3119203,311920,Coroaci - MG,MG,Minas Gerais,1169,584.5,0,0,0,0,0,0,0,0,0,0,0,0,0,0,0,0,0,0.0,0.0,0.0,0,,584.5,Deserto absoluto,False
3119302,311930,Coromandel - MG,MG,Minas Gerais,3582,1791.0,0,0,0,0,0,0,0,0,0,0,0,0,0,0,0,0,0,0.0,0.0,0.0,0,,1791.0,Deserto absoluto,False
3119401,311940,Coronel Fabriciano - MG,MG,Minas Gerais,13225,6612.5,5,5,14,0,0,110,2507,2153,0,0,0,85,606,212,4660,818,5478,2739.0,0.3524,0.4142,25345,0.8919,3873.5,Intermediario,True
3119500,311950,Coronel Murta - MG,MG,Minas Gerais,862,431.0,0,0,0,0,0,0,0,0,0,0,0,0,0,0,0,0,0,0.0,0.0,0.0,0,,431.0,Deserto absoluto,False
3119609,311960,Coronel Pacheco - MG,MG,Minas Gerais,396,198.0,0,0,0,0,0,0,0,0,0,0,0,0,0,0,0,0,0,0.0,0.0,0.0,0,,198.0,Deserto absoluto,False
3119708,311970,Coronel Xavier Chaves - MG,MG,Minas Gerais,475,237.5,0,0,0,0,0,0,0,0,0,0,0,0,0,0,0,0,0,0.0,0.0,0.0,0,,237.5,Deserto absoluto,False
3119807,311980,Córrego Danta - MG,MG,Minas Gerais,392,196.0,0,0,0,0,0,0,0,0,0,0,0,0,0,0,0,0,0,0.0,0.0,0.0,0,,196.0,Deserto absoluto,False
3119906,311990,Córrego do Bom Jesus - MG,MG,Minas Gerais,600,300.0,0,0,0,0,0,0,0,0,0,0,0,0,0,0,0,0,0,0.0,0.0,0.0,0,,300.0,Deserto absoluto,False
3119955,311995,Córrego Fundo - MG,MG,Minas Gerais,705,352.5,0,0,0,0,0,0,0,0,0,0,0,0,0,0,0,0,0,0.0,0.0,0.0,0,,352.5,Deserto absoluto,False
3120003,312000,Córrego Novo - MG,MG,Minas Gerais,377,188.5,0,0,0,0,0,0,0,0,0,0,0,0,0,0,0,0,0,0.0,0.0,0.0,0,,188.5,Deserto absoluto,False
3120102,312010,Couto de Magalhães de Minas - MG,MG,Minas Gerais,470,235.0,0,0,0,0,0,0,0,0,0,0,0,0,0,0,0,0,0,0.0,0.0,0.0,0,,235.0,Deserto absoluto,False
3120151,312015,Crisólita - MG,MG,Minas Gerais,499,249.5,0,0,0,0,0,0,0,0,0,0,0,0,0,0,0,0,0,0.0,0.0,0.0,0,,249.5,Deserto absoluto,False
3120201,312020,Cristais - MG,MG,Minas Gerais,1290,645.0,0,0,0,0,0,0,0,0,0,0,0,0,0,0,0,0,0,0.0,0.0,0.0,0,,645.0,Deserto absoluto,False
3120300,312030,Cristália - MG,MG,Minas Gerais,428,214.0,0,0,0,0,0,0,0,0,0,0,0,0,0,0,0,0,0,0.0,0.0,0.0,0,,214.0,Deserto absoluto,False
3120409,312040,Cristiano Otoni - MG,MG,Minas Gerais,534,267.0,0,0,0,0,0,0,0,0,0,0,0,0,0,0,0,0,0,0.0,0.0,0.0,0,,267.0,Deserto absoluto,False
3120508,312050,Cristina - MG,MG,Minas Gerais,1253,626.5,0,0,0,0,0,0,0,0,0,0,0,0,0,0,0,0,0,0.0,0.0,0.0,0,,626.5,Deserto absoluto,False
3120607,312060,Crucilândia - MG,MG,Minas Gerais,715,357.5,0,0,0,0,0,0,0,0,0,0,0,0,0,0,0,0,0,0.0,0.0,0.0,0,,357.5,Deserto absoluto,False
3120706,312070,Cruzeiro da Fortaleza - MG,MG,Minas Gerais,397,198.5,0,0,0,0,0,0,0,0,0,0,0,0,0,0,0,0,0,0.0,0.0,0.0,0,,198.5,Deserto absoluto,False
3120805,312080,Cruzília - MG,MG,Minas Gerais,1964,982.0,1,1,407,684,988,770,712,612,14,17,16,6,5,2,1324,7,1331,665.5,0.6741,0.6777,5069,0.8687,316.5,Intermediario,True
3120839,312083,Cuparaque - MG,MG,Minas Gerais,532,266.0,0,0,0,0,0,0,0,0,0,0,0,0,0,0,0,0,0,0.0,0.0,0.0,0,,266.0,Deserto absoluto,False
3120870,312087,Curral de Dentro - MG,MG,Minas Gerais,649,324.5,0,0,0,0,0,0,0,0,0,0,0,0,0,0,0,0,0,0.0,0.0,0.0,0,,324.5,Deserto absoluto,False
3120904,312090,Curvelo - MG,MG,Minas Gerais,9612,4806.0,3,3,3132,4607,4895,4775,5208,5319,789,894,930,1085,1015,1039,10527,2054,12581,6290.5,1.0952,1.3089,15207,0.5863,-1484.5,Adequado,False
3121001,312100,Datas - MG,MG,Minas Gerais,603,301.5,0,0,0,0,0,0,0,0,0,0,0,0,0,0,0,0,0,0.0,0.0,0.0,0,,301.5,Deserto absoluto,False
3121100,312110,Delfim Moreira - MG,MG,Minas Gerais,1102,551.0,0,0,0,0,0,0,0,0,0,0,0,0,0,0,0,0,0,0.0,0.0,0.0,0,,551.0,Deserto absoluto,False
3121209,312120,Delfinópolis - MG,MG,Minas Gerais,908,454.0,0,0,0,0,0,0,0,0,0,0,0,0,0,0,0,0,0,0.0,0.0,0.0,0,,454.0,Deserto absoluto,False
3121258,312125,Delta - MG,MG,Minas Gerais,786,393.0,0,0,0,0,0,0,0,0,0,0,0,0,0,0,0,0,0,0.0,0.0,0.0,0,,393.0,Deserto absoluto,False
3121308,312130,Descoberto - MG,MG,Minas Gerais,630,315.0,0,0,0,0,0,0,0,0,0,0,0,0,0,0,0,0,0,0.0,0.0,0.0,0,,315.0,Deserto absoluto,False
3121407,312140,Desterro de Entre Rios - MG,MG,Minas Gerais,1023,511.5,0,0,0,0,0,0,0,0,0,0,0,0,0,0,0,0,0,0.0,0.0,0.0,0,,511.5,Deserto absoluto,False
3121506,312150,Desterro do Melo - MG,MG,Minas Gerais,393,196.5,0,0,0,0,0,0,0,0,0,0,0,0,0,0,0,0,0,0.0,0.0,0.0,0,,196.5,Deserto absoluto,False
3121605,312160,Diamantina - MG,MG,Minas Gerais,5198,2599.0,5,5,2895,4841,3929,4040,4354,3608,235,388,498,541,584,392,7962,976,8938,4469.0,1.5317,1.7195,25345,0.8237,-1870.0,Adequado,False
3121704,312170,Diogo de Vasconcelos - MG,MG,Minas Gerais,481,240.5,0,0,0,0,0,0,0,0,0,0,0,0,0,0,0,0,0,0.0,0.0,0.0,0,,240.5,Deserto absoluto,False
3121803,312180,Dionísio - MG,MG,Minas Gerais,1003,501.5,0,0,0,0,0,0,0,0,0,0,0,0,0,0,0,0,0,0.0,0.0,0.0,0,,501.5,Deserto absoluto,False
3121902,312190,Divinésia - MG,MG,Minas Gerais,506,253.0,0,0,0,0,0,0,0,0,0,0,0,0,0,0,0,0,0,0.0,0.0,0.0,0,,253.0,Deserto absoluto,False
3122009,312200,Divino - MG,MG,Minas Gerais,2251,1125.5,2,2,0,0,0,0,0,0,0,0,0,0,0,0,0,0,0,0.0,0.0,0.0,10138,1.0,1125.5,Deserto funcional,True
3122108,312210,Divino das Laranjeiras - MG,MG,Minas Gerais,609,304.5,0,0,0,0,0,0,0,0,0,0,0,0,0,0,0,0,0,0.0,0.0,0.0,0,,304.5,Deserto absoluto,False
3122207,312220,Divinolândia de Minas - MG,MG,Minas Gerais,766,383.0,0,0,0,0,0,0,0,0,0,0,0,0,0,0,0,0,0,0.0,0.0,0.0,0,,383.0,Deserto absoluto,False
3122306,312230,Divinópolis - MG,MG,Minas Gerais,29494,14747.0,9,9,3132,2979,3027,4572,2147,101,399,545,422,105,87,410,2248,497,2745,1372.5,0.0762,0.0931,45621,0.9699,13374.5,Deserto funcional,True
3122355,312235,Divisa Alegre - MG,MG,Minas Gerais,564,282.0,0,0,0,0,0,0,0,0,0,0,0,0,0,0,0,0,0,0.0,0.0,0.0,0,,282.0,Deserto absoluto,False
3122405,312240,Divisa Nova - MG,MG,Minas Gerais,618,309.0,0,0,0,0,0,0,0,0,0,0,0,0,0,0,0,0,0,0.0,0.0,0.0,0,,309.0,Deserto absoluto,False
3122454,312245,Divisópolis - MG,MG,Minas Gerais,955,477.5,0,0,0,0,0,0,0,0,0,0,0,0,0,0,0,0,0,0.0,0.0,0.0,0,,477.5,Deserto absoluto,False
3122470,312247,Dom Bosco - MG,MG,Minas Gerais,441,220.5,0,0,0,0,0,0,0,0,0,0,0,0,0,0,0,0,0,0.0,0.0,0.0,0,,220.5,Deserto absoluto,False
3122504,312250,Dom Cavati - MG,MG,Minas Gerais,686,343.0,0,0,0,0,0,0,0,0,0,0,0,0,0,0,0,0,0,0.0,0.0,0.0,0,,343.0,Deserto absoluto,False
3122603,312260,Dom Joaquim - MG,MG,Minas Gerais,521,260.5,0,0,0,0,0,0,0,0,0,0,0,0,0,0,0,0,0,0.0,0.0,0.0,0,,260.5,Deserto absoluto,False
3122702,312270,Dom Silvério - MG,MG,Minas Gerais,727,363.5,0,0,0,0,0,0,0,0,0,0,0,0,0,0,0,0,0,0.0,0.0,0.0,0,,363.5,Deserto absoluto,False
3122801,312280,Dom Viçoso - MG,MG,Minas Gerais,408,204.0,0,0,0,0,0,0,0,0,0,0,0,0,0,0,0,0,0,0.0,0.0,0.0,0,,204.0,Deserto absoluto,False
3122900,312290,Dona Euzébia - MG,MG,Minas Gerais,717,358.5,0,0,0,0,0,0,0,0,0,0,0,0,0,0,0,0,0,0.0,0.0,0.0,0,,358.5,Deserto absoluto,False
3123007,312300,Dores de Campos - MG,MG,Minas Gerais,1300,650.0,0,0,0,0,0,0,0,0,0,0,0,0,0,0,0,0,0,0.0,0.0,0.0,0,,650.0,Deserto absoluto,False
3123106,312310,Dores de Guanhães - MG,MG,Minas Gerais,554,277.0,0,0,0,0,0,0,0,0,0,0,0,0,0,0,0,0,0,0.0,0.0,0.0,0,,277.0,Deserto absoluto,False
3123205,312320,Dores do Indaiá - MG,MG,Minas Gerais,1871,935.5,1,1,127,223,202,153,0,0,0,0,0,0,0,0,0,0,0,0.0,0.0,0.0,5069,1.0,935.5,Deserto funcional,True
3123304,312330,Dores do Turvo - MG,MG,Minas Gerais,609,304.5,0,0,0,0,0,0,0,0,0,0,0,0,0,0,0,0,0,0.0,0.0,0.0,0,,304.5,Deserto absoluto,False
3123403,312340,Doresópolis - MG,MG,Minas Gerais,180,90.0,0,0,0,0,0,0,0,0,0,0,0,0,0,0,0,0,0,0.0,0.0,0.0,0,,90.0,Deserto absoluto,False
3123502,312350,Douradoquara - MG,MG,Minas Gerais,230,115.0,0,0,0,0,0,0,0,0,0,0,0,0,0,0,0,0,0,0.0,0.0,0.0,0,,115.0,Deserto absoluto,False
3123528,312352,Durandé - MG,MG,Minas Gerais,785,392.5,0,0,0,0,0,0,0,0,0,0,0,0,0,0,0,0,0,0.0,0.0,0.0,0,,392.5,Deserto absoluto,False
3123601,312360,Elói Mendes - MG,MG,Minas Gerais,3145,1572.5,1,1,587,1342,1511,914,1007,0,1,0,5,0,0,0,1007,0,1007,503.5,0.3202,0.3202,5069,0.9007,1069.0,Intermediario,True
3123700,312370,Engenheiro Caldas - MG,MG,Minas Gerais,1286,643.0,0,0,0,0,0,0,0,0,0,0,0,0,0,0,0,0,0,0.0,0.0,0.0,0,,643.0,Deserto absoluto,False
3123809,312380,Engenheiro Navarro - MG,MG,Minas Gerais,733,366.5,0,0,0,0,0,0,0,0,0,0,0,0,0,0,0,0,0,0.0,0.0,0.0,0,,366.5,Deserto absoluto,False
3123858,312385,Entre Folhas - MG,MG,Minas Gerais,618,309.0,0,0,0,0,0,0,0,0,0,0,0,0,0,0,0,0,0,0.0,0.0,0.0,0,,309.0,Deserto absoluto,False
3123908,312390,Entre Rios de Minas - MG,MG,Minas Gerais,1809,904.5,2,2,0,0,0,0,0,0,0,0,0,0,0,0,0,0,0,0.0,0.0,0.0,10138,1.0,904.5,Deserto funcional,True
3124005,312400,Ervália - MG,MG,Minas Gerais,2211,1105.5,1,1,127,256,0,0,0,0,2,0,0,0,0,0,0,0,0,0.0,0.0,0.0,5069,1.0,1105.5,Deserto funcional,True
3124104,312410,Esmeraldas - MG,MG,Minas Gerais,8647,4323.5,0,0,0,0,0,0,0,0,0,0,0,0,0,0,0,0,0,0.0,0.0,0.0,0,,4323.5,Deserto absoluto,False
3124203,312420,Espera Feliz - MG,MG,Minas Gerais,2680,1340.0,0,0,0,0,0,0,0,0,0,0,0,0,0,0,0,0,0,0.0,0.0,0.0,0,,1340.0,Deserto absoluto,False
3124302,312430,Espinosa - MG,MG,Minas Gerais,3250,1625.0,0,0,0,0,0,0,0,0,0,0,0,0,0,0,0,0,0,0.0,0.0,0.0,0,,1625.0,Deserto absoluto,False
3124401,312440,Espírito Santo do Dourado - MG,MG,Minas Gerais,639,319.5,0,0,0,0,0,0,0,0,0,0,0,0,0,0,0,0,0,0.0,0.0,0.0,0,,319.5,Deserto absoluto,False
3124500,312450,Estiva - MG,MG,Minas Gerais,1432,716.0,0,0,0,0,0,0,0,0,0,0,0,0,0,0,0,0,0,0.0,0.0,0.0,0,,716.0,Deserto absoluto,False
3124609,312460,Estrela Dalva - MG,MG,Minas Gerais,313,156.5,0,0,0,0,0,0,0,0,0,0,0,0,0,0,0,0,0,0.0,0.0,0.0,0,,156.5,Deserto absoluto,False
3124708,312470,Estrela do Indaiá - MG,MG,Minas Gerais,442,221.0,0,0,0,0,0,0,0,0,0,0,0,0,0,0,0,0,0,0.0,0.0,0.0,0,,221.0,Deserto absoluto,False
3124807,312480,Estrela do Sul - MG,MG,Minas Gerais,819,409.5,1,0,0,0,0,0,0,0,0,0,0,0,0,0,0,0,0,0.0,0.0,0.0,0,,409.5,Deserto funcional,False
3124906,312490,Eugenópolis - MG,MG,Minas Gerais,1325,662.5,0,0,0,0,0,0,0,0,0,0,0,0,0,0,0,0,0,0.0,0.0,0.0,0,,662.5,Deserto absoluto,False
3125002,312500,Ewbank da Câmara - MG,MG,Minas Gerais,454,227.0,0,0,0,0,0,0,0,0,0,0,0,0,0,0,0,0,0,0.0,0.0,0.0,0,,227.0,Deserto absoluto,False
3125101,312510,Extrema - MG,MG,Minas Gerais,4818,2409.0,1,1,223,114,281,178,0,0,3,0,1,0,0,0,0,0,0,0.0,0.0,0.0,5069,1.0,2409.0,Deserto funcional,True
3125200,312520,Fama - MG,MG,Minas Gerais,373,186.5,0,0,0,0,0,0,0,0,0,0,0,0,0,0,0,0,0,0.0,0.0,0.0,0,,186.5,Deserto absoluto,False
3125309,312530,Faria Lemos - MG,MG,Minas Gerais,388,194.0,0,0,0,0,0,0,0,0,0,0,0,0,0,0,0,0,0,0.0,0.0,0.0,0,,194.0,Deserto absoluto,False
3125408,312540,Felício dos Santos - MG,MG,Minas Gerais,615,307.5,0,0,0,0,0,0,0,0,0,0,0,0,0,0,0,0,0,0.0,0.0,0.0,0,,307.5,Deserto absoluto,False
3125507,312550,São Gonçalo do Rio Preto - MG,MG,Minas Gerais,362,181.0,0,0,0,0,0,0,0,0,0,0,0,0,0,0,0,0,0,0.0,0.0,0.0,0,,181.0,Deserto absoluto,False
3125606,312560,Felisburgo - MG,MG,Minas Gerais,666,333.0,0,0,0,0,0,0,0,0,0,0,0,0,0,0,0,0,0,0.0,0.0,0.0,0,,333.0,Deserto absoluto,False
3125705,312570,Felixlândia - MG,MG,Minas Gerais,1904,952.0,0,0,0,0,0,0,0,0,0,0,0,0,0,0,0,0,0,0.0,0.0,0.0,0,,952.0,Deserto absoluto,False
3125804,312580,Fernandes Tourinho - MG,MG,Minas Gerais,390,195.0,0,0,0,0,0,0,0,0,0,0,0,0,0,0,0,0,0,0.0,0.0,0.0,0,,195.0,Deserto absoluto,False
3125903,312590,Ferros - MG,MG,Minas Gerais,1257,628.5,0,0,0,0,0,0,0,0,0,0,0,0,0,0,0,0,0,0.0,0.0,0.0,0,,628.5,Deserto absoluto,False
3125952,312595,Fervedouro - MG,MG,Minas Gerais,1081,540.5,0,0,0,0,0,0,0,0,0,0,0,0,0,0,0,0,0,0.0,0.0,0.0,0,,540.5,Deserto absoluto,False
3126000,312600,Florestal - MG,MG,Minas Gerais,1032,516.0,0,0,0,0,0,0,0,0,0,0,0,0,0,0,0,0,0,0.0,0.0,0.0,0,,516.0,Deserto absoluto,False
3126109,312610,Formiga - MG,MG,Minas Gerais,9216,4608.0,6,6,0,132,2439,2842,1608,1635,0,38,287,272,620,586,3243,1206,4449,2224.5,0.3519,0.4827,30414,0.9269,2383.5,Intermediario,True
3126208,312620,Formoso - MG,MG,Minas Gerais,696,348.0,0,0,0,0,0,0,0,0,0,0,0,0,0,0,0,0,0,0.0,0.0,0.0,0,,348.0,Deserto absoluto,False
3126307,312630,Fortaleza de Minas - MG,MG,Minas Gerais,437,218.5,0,0,0,0,0,0,0,0,0,0,0,0,0,0,0,0,0,0.0,0.0,0.0,0,,218.5,Deserto absoluto,False
3126406,312640,Fortuna de Minas - MG,MG,Minas Gerais,355,177.5,0,0,0,0,0,0,0,0,0,0,0,0,0,0,0,0,0,0.0,0.0,0.0,0,,177.5,Deserto absoluto,False
3126505,312650,Francisco Badaró - MG,MG,Minas Gerais,881,440.5,0,0,0,0,0,0,0,0,0,0,0,0,0,0,0,0,0,0.0,0.0,0.0,0,,440.5,Deserto absoluto,False
3126604,312660,Francisco Dumont - MG,MG,Minas Gerais,473,236.5,0,0,0,0,0,0,0,0,0,0,0,0,0,0,0,0,0,0.0,0.0,0.0,0,,236.5,Deserto absoluto,False
3126703,312670,Francisco Sá - MG,MG,Minas Gerais,2480,1240.0,1,1,0,0,146,932,193,1561,0,0,0,0,0,4,1754,4,1758,879.0,0.7073,0.7089,5069,0.8266,361.0,Adequado,True
3126752,312675,Franciscópolis - MG,MG,Minas Gerais,542,271.0,0,0,0,0,0,0,0,0,0,0,0,0,0,0,0,0,0,0.0,0.0,0.0,0,,271.0,Deserto absoluto,False
3126802,312680,Frei Gaspar - MG,MG,Minas Gerais,603,301.5,0,0,0,0,0,0,0,0,0,0,0,0,0,0,0,0,0,0.0,0.0,0.0,0,,301.5,Deserto absoluto,False
3126901,312690,Frei Inocêncio - MG,MG,Minas Gerais,1047,523.5,0,0,0,0,0,0,0,0,0,0,0,0,0,0,0,0,0,0.0,0.0,0.0,0,,523.5,Deserto absoluto,False
3126950,312695,Frei Lagonegro - MG,MG,Minas Gerais,345,172.5,0,0,0,0,0,0,0,0,0,0,0,0,0,0,0,0,0,0.0,0.0,0.0,0,,172.5,Deserto absoluto,False
3127008,312700,Fronteira - MG,MG,Minas Gerais,1649,824.5,0,0,0,0,0,0,0,0,0,0,0,0,0,0,0,0,0,0.0,0.0,0.0,0,,824.5,Deserto absoluto,False
3127057,312705,Fronteira dos Vales - MG,MG,Minas Gerais,458,229.0,0,0,0,0,0,0,0,0,0,0,0,0,0,0,0,0,0,0.0,0.0,0.0,0,,229.0,Deserto absoluto,False
3127073,312707,Fruta de Leite - MG,MG,Minas Gerais,471,235.5,0,0,0,0,0,0,0,0,0,0,0,0,0,0,0,0,0,0.0,0.0,0.0,0,,235.5,Deserto absoluto,False
3127107,312710,Frutal - MG,MG,Minas Gerais,6605,3302.5,3,3,400,555,758,1426,706,354,57,76,58,67,24,9,1060,33,1093,546.5,0.1605,0.1655,15207,0.9641,2756.0,Deserto funcional,True
3127206,312720,Funilândia - MG,MG,Minas Gerais,617,308.5,0,0,0,0,0,0,0,0,0,0,0,0,0,0,0,0,0,0.0,0.0,0.0,0,,308.5,Deserto absoluto,False
3127305,312730,Galiléia - MG,MG,Minas Gerais,751,375.5,0,0,0,0,0,0,0,0,0,0,0,0,0,0,0,0,0,0.0,0.0,0.0,0,,375.5,Deserto absoluto,False
3127339,312733,Gameleiras - MG,MG,Minas Gerais,548,274.0,0,0,0,0,0,0,0,0,0,0,0,0,0,0,0,0,0,0.0,0.0,0.0,0,,274.0,Deserto absoluto,False
3127354,312735,Glaucilândia - MG,MG,Minas Gerais,370,185.0,0,0,0,0,0,0,0,0,0,0,0,0,0,0,0,0,0,0.0,0.0,0.0,0,,185.0,Deserto absoluto,False
3127370,312737,Goiabeira - MG,MG,Minas Gerais,388,194.0,0,0,0,0,0,0,0,0,0,0,0,0,0,0,0,0,0,0.0,0.0,0.0,0,,194.0,Deserto absoluto,False
3127388,312738,Goianá - MG,MG,Minas Gerais,596,298.0,0,0,0,0,0,0,0,0,0,0,0,0,0,0,0,0,0,0.0,0.0,0.0,0,,298.0,Deserto absoluto,False
3127404,312740,Gonçalves - MG,MG,Minas Gerais,658,329.0,0,0,0,0,0,0,0,0,0,0,0,0,0,0,0,0,0,0.0,0.0,0.0,0,,329.0,Deserto absoluto,False
3127503,312750,Gonzaga - MG,MG,Minas Gerais,667,333.5,0,0,0,0,0,0,0,0,0,0,0,0,0,0,0,0,0,0.0,0.0,0.0,0,,333.5,Deserto absoluto,False
3127602,312760,Gouveia - MG,MG,Minas Gerais,1381,690.5,0,0,0,0,0,0,0,0,0,0,0,0,0,0,0,0,0,0.0,0.0,0.0,0,,690.5,Deserto absoluto,False
3127701,312770,Governador Valadares - MG,MG,Minas Gerais,31806,15903.0,12,11,331,3038,5477,5892,6798,5473,904,1570,1498,1764,1517,1816,12271,3333,15604,7802.0,0.3858,0.4906,55759,0.8601,8101.0,Intermediario,True
3127800,312780,Grão Mogol - MG,MG,Minas Gerais,1387,693.5,0,0,0,0,0,0,0,0,0,0,0,0,0,0,0,0,0,0.0,0.0,0.0,0,,693.5,Deserto absoluto,False
3127909,312790,Grupiara - MG,MG,Minas Gerais,189,94.5,0,0,0,0,0,0,0,0,0,0,0,0,0,0,0,0,0,0.0,0.0,0.0,0,,94.5,Deserto absoluto,False
3128006,312800,Guanhães - MG,MG,Minas Gerais,3621,1810.5,4,4,0,786,689,733,658,709,0,2,2,1,0,0,1367,0,1367,683.5,0.3775,0.3775,20276,0.9663,1127.0,Intermediario,True
3128105,312810,Guapé - MG,MG,Minas Gerais,1614,807.0,0,0,0,0,0,0,0,0,0,0,0,0,0,0,0,0,0,0.0,0.0,0.0,0,,807.0,Deserto absoluto,False
3128204,312820,Guaraciaba - MG,MG,Minas Gerais,1331,665.5,0,0,0,0,0,0,0,0,0,0,0,0,0,0,0,0,0,0.0,0.0,0.0,0,,665.5,Deserto absoluto,False
3128253,312825,Guaraciama - MG,MG,Minas Gerais,591,295.5,0,0,0,0,0,0,0,0,0,0,0,0,0,0,0,0,0,0.0,0.0,0.0,0,,295.5,Deserto absoluto,False
3128303,312830,Guaranésia - MG,MG,Minas Gerais,2312,1156.0,0,0,0,0,0,0,0,0,0,0,0,0,0,0,0,0,0,0.0,0.0,0.0,0,,1156.0,Deserto absoluto,False
3128402,312840,Guarani - MG,MG,Minas Gerais,1005,502.5,0,0,0,0,0,0,0,0,0,0,0,0,0,0,0,0,0,0.0,0.0,0.0,0,,502.5,Deserto absoluto,False
3128501,312850,Guarará - MG,MG,Minas Gerais,396,198.0,0,0,0,0,0,0,0,0,0,0,0,0,0,0,0,0,0,0.0,0.0,0.0,0,,198.0,Deserto absoluto,False
3128600,312860,Guarda-Mor - MG,MG,Minas Gerais,747,373.5,0,0,0,0,0,0,0,0,0,0,0,0,0,0,0,0,0,0.0,0.0,0.0,0,,373.5,Deserto absoluto,False
3128709,312870,Guaxupé - MG,MG,Minas Gerais,6524,3262.0,7,7,1118,1679,1770,903,2097,1785,22,60,59,35,71,59,3882,130,4012,2006.0,0.595,0.615,35483,0.9435,1256.0,Intermediario,True
3128808,312880,Guidoval - MG,MG,Minas Gerais,942,471.0,0,0,0,0,0,0,0,0,0,0,0,0,0,0,0,0,0,0.0,0.0,0.0,0,,471.0,Deserto absoluto,False
3128907,312890,Guimarânia - MG,MG,Minas Gerais,911,455.5,0,0,0,0,0,0,0,0,0,0,0,0,0,0,0,0,0,0.0,0.0,0.0,0,,455.5,Deserto absoluto,False
3129004,312900,Guiricema - MG,MG,Minas Gerais,1062,531.0,0,0,0,0,0,0,0,0,0,0,0,0,0,0,0,0,0,0.0,0.0,0.0,0,,531.0,Deserto absoluto,False
3129103,312910,Gurinhatã - MG,MG,Minas Gerais,743,371.5,0,0,0,0,0,0,0,0,0,0,0,0,0,0,0,0,0,0.0,0.0,0.0,0,,371.5,Deserto absoluto,False
3129202,312920,Heliodora - MG,MG,Minas Gerais,826,413.0,0,0,0,0,0,0,0,0,0,0,0,0,0,0,0,0,0,0.0,0.0,0.0,0,,413.0,Deserto absoluto,False
3129301,312930,Iapu - MG,MG,Minas Gerais,1404,702.0,0,0,0,0,0,0,0,0,0,0,0,0,0,0,0,0,0,0.0,0.0,0.0,0,,702.0,Deserto absoluto,False
3129400,312940,Ibertioga - MG,MG,Minas Gerais,677,338.5,0,0,0,0,0,0,0,0,0,0,0,0,0,0,0,0,0,0.0,0.0,0.0,0,,338.5,Deserto absoluto,False
3129509,312950,Ibiá - MG,MG,Minas Gerais,2581,1290.5,1,1,0,0,0,0,0,0,0,0,0,0,0,0,0,0,0,0.0,0.0,0.0,5069,1.0,1290.5,Deserto funcional,True
3129608,312960,Ibiaí - MG,MG,Minas Gerais,613,306.5,0,0,0,0,0,0,0,0,0,0,0,0,0,0,0,0,0,0.0,0.0,0.0,0,,306.5,Deserto absoluto,False
3129657,312965,Ibiracatu - MG,MG,Minas Gerais,575,287.5,0,0,0,0,0,0,0,0,0,0,0,0,0,0,0,0,0,0.0,0.0,0.0,0,,287.5,Deserto absoluto,False
3129707,312970,Ibiraci - MG,MG,Minas Gerais,1170,585.0,0,0,0,0,0,0,0,0,0,0,0,0,0,0,0,0,0,0.0,0.0,0.0,0,,585.0,Deserto absoluto,False
3129806,312980,Ibirité - MG,MG,Minas Gerais,17758,8879.0,1,1,704,3015,3863,3558,3286,2737,7,60,15,11,20,25,6023,45,6068,3034.0,0.3392,0.3417,5069,0.4015,5845.0,Intermediario,False
3129905,312990,Ibitiúra de Minas - MG,MG,Minas Gerais,454,227.0,0,0,0,0,0,0,0,0,0,0,0,0,0,0,0,0,0,0.0,0.0,0.0,0,,227.0,Deserto absoluto,False
3130002,313000,Ibituruna - MG,MG,Minas Gerais,320,160.0,0,0,0,0,0,0,0,0,0,0,0,0,0,0,0,0,0,0.0,0.0,0.0,0,,160.0,Deserto absoluto,False
3130051,313005,Icaraí de Minas - MG,MG,Minas Gerais,916,458.0,0,0,0,0,0,0,0,0,0,0,0,0,0,0,0,0,0,0.0,0.0,0.0,0,,458.0,Deserto absoluto,False
3130101,313010,Igarapé - MG,MG,Minas Gerais,4445,2222.5,1,1,0,0,0,0,0,0,0,0,0,0,0,0,0,0,0,0.0,0.0,0.0,5069,1.0,2222.5,Deserto funcional,True
3130200,313020,Igaratinga - MG,MG,Minas Gerais,1076,538.0,0,0,0,0,0,0,0,0,0,0,0,0,0,0,0,0,0,0.0,0.0,0.0,0,,538.0,Deserto absoluto,False
3130309,313030,Iguatama - MG,MG,Minas Gerais,992,496.0,0,0,0,0,0,0,0,0,0,0,0,0,0,0,0,0,0,0.0,0.0,0.0,0,,496.0,Deserto absoluto,False
3130408,313040,Ijaci - MG,MG,Minas Gerais,849,424.5,0,0,0,0,0,0,0,0,0,0,0,0,0,0,0,0,0,0.0,0.0,0.0,0,,424.5,Deserto absoluto,False
3130507,313050,Ilicínea - MG,MG,Minas Gerais,1428,714.0,1,1,0,0,0,0,0,0,0,0,0,0,0,0,0,0,0,0.0,0.0,0.0,5069,1.0,714.0,Deserto funcional,True
3130556,313055,Imbé de Minas - MG,MG,Minas Gerais,758,379.0,0,0,0,0,0,0,0,0,0,0,0,0,0,0,0,0,0,0.0,0.0,0.0,0,,379.0,Deserto absoluto,False
3130606,313060,Inconfidentes - MG,MG,Minas Gerais,979,489.5,0,0,0,0,0,0,0,0,0,0,0,0,0,0,0,0,0,0.0,0.0,0.0,0,,489.5,Deserto absoluto,False
3130655,313065,Indaiabira - MG,MG,Minas Gerais,723,361.5,0,0,0,0,0,0,0,0,0,0,0,0,0,0,0,0,0,0.0,0.0,0.0,0,,361.5,Deserto absoluto,False
3130705,313070,Indianópolis - MG,MG,Minas Gerais,672,336.0,1,1,0,0,0,0,0,0,0,0,0,0,0,0,0,0,0,0.0,0.0,0.0,5069,1.0,336.0,Deserto funcional,True
3130804,313080,Ingaí - MG,MG,Minas Gerais,321,160.5,0,0,0,0,0,0,0,0,0,0,0,0,0,0,0,0,0,0.0,0.0,0.0,0,,160.5,Deserto absoluto,False
3130903,313090,Inhapim - MG,MG,Minas Gerais,2935,1467.5,1,1,0,0,0,0,0,0,0,0,0,0,0,0,0,0,0,0.0,0.0,0.0,5069,1.0,1467.5,Deserto funcional,True
3131000,313100,Inhaúma - MG,MG,Minas Gerais,744,372.0,0,0,0,0,0,0,0,0,0,0,0,0,0,0,0,0,0,0.0,0.0,0.0,0,,372.0,Deserto absoluto,False
3131109,313110,Inimutaba - MG,MG,Minas Gerais,891,445.5,0,0,0,0,0,0,0,0,0,0,0,0,0,0,0,0,0,0.0,0.0,0.0,0,,445.5,Deserto absoluto,False
3131158,313115,Ipaba - MG,MG,Minas Gerais,1764,882.0,0,0,0,0,0,0,0,0,0,0,0,0,0,0,0,0,0,0.0,0.0,0.0,0,,882.0,Deserto absoluto,False
3131208,313120,Ipanema - MG,MG,Minas Gerais,2436,1218.0,1,1,129,156,23,43,87,97,0,2,0,0,0,8,184,8,192,96.0,0.0755,0.0788,5069,0.9811,1122.0,Deserto funcional,True
3131307,313130,Ipatinga - MG,MG,Minas Gerais,28967,14483.5,10,9,7640,7623,9171,9748,6214,8309,2670,3120,2886,2876,2489,2783,14523,5272,19795,9897.5,0.5014,0.6834,45621,0.783,4586.0,Intermediario,True
3131406,313140,Ipiaçu - MG,MG,Minas Gerais,495,247.5,0,0,0,0,0,0,0,0,0,0,0,0,0,0,0,0,0,0.0,0.0,0.0,0,,247.5,Deserto absoluto,False
3131505,313150,Ipuiúna - MG,MG,Minas Gerais,1156,578.0,0,0,0,0,0,0,0,0,0,0,0,0,0,0,0,0,0,0.0,0.0,0.0,0,,578.0,Deserto absoluto,False
3131604,313160,Iraí de Minas - MG,MG,Minas Gerais,715,357.5,0,0,0,0,0,0,0,0,0,0,0,0,0,0,0,0,0,0.0,0.0,0.0,0,,357.5,Deserto absoluto,False
3131703,313170,Itabira - MG,MG,Minas Gerais,14241,7120.5,8,8,1863,1318,3049,2730,3646,2982,328,167,572,517,1141,975,6628,2116,8744,4372.0,0.4654,0.614,40552,0.8922,2748.5,Intermediario,True
3131802,313180,Itabirinha - MG,MG,Minas Gerais,1213,606.5,0,0,0,0,0,0,0,0,0,0,0,0,0,0,0,0,0,0.0,0.0,0.0,0,,606.5,Deserto absoluto,False
3131901,313190,Itabirito - MG,MG,Minas Gerais,5960,2980.0,6,4,2547,2919,4082,4536,4275,4136,2077,2146,1842,2228,2217,1947,8411,4164,12575,6287.5,1.4112,2.1099,20276,0.6899,-3307.5,Adequado,False
3132008,313200,Itacambira - MG,MG,Minas Gerais,434,217.0,0,0,0,0,0,0,0,0,0,0,0,0,0,0,0,0,0,0.0,0.0,0.0,0,,217.0,Deserto absoluto,False
3132107,313210,Itacarambi - MG,MG,Minas Gerais,1648,824.0,0,0,0,0,0,0,0,0,0,0,0,0,0,0,0,0,0,0.0,0.0,0.0,0,,824.0,Deserto absoluto,False
3132206,313220,Itaguara - MG,MG,Minas Gerais,1700,850.0,0,0,0,0,0,0,0,0,0,0,0,0,0,0,0,0,0,0.0,0.0,0.0,0,,850.0,Deserto absoluto,False
3132305,313230,Itaipé - MG,MG,Minas Gerais,968,484.0,0,0,0,0,0,0,0,0,0,0,0,0,0,0,0,0,0,0.0,0.0,0.0,0,,484.0,Deserto absoluto,False
3132404,313240,Itajubá - MG,MG,Minas Gerais,11742,5871.0,5,5,1274,1999,2652,3335,3142,1967,242,343,302,357,320,145,5109,465,5574,2787.0,0.4351,0.4747,25345,0.89,3084.0,Intermediario,True
3132503,313250,Itamarandiba - MG,MG,Minas Gerais,3053,1526.5,1,1,0,0,0,0,0,0,0,0,0,0,0,0,0,0,0,0.0,0.0,0.0,5069,1.0,1526.5,Deserto funcional,True
3132602,313260,Itamarati de Minas - MG,MG,Minas Gerais,511,255.5,0,0,0,0,0,0,0,0,0,0,0,0,0,0,0,0,0,0.0,0.0,0.0,0,,255.5,Deserto absoluto,False
3132701,313270,Itambacuri - MG,MG,Minas Gerais,2412,1206.0,0,0,0,0,0,0,0,0,0,0,0,0,0,5,0,5,5,2.5,0.0,0.0021,0,,1203.5,Deserto absoluto,False
3132800,313280,Itambé do Mato Dentro - MG,MG,Minas Gerais,302,151.0,0,0,0,0,0,0,0,0,0,0,0,0,0,0,0,0,0,0.0,0.0,0.0,0,,151.0,Deserto absoluto,False
3132909,313290,Itamogi - MG,MG,Minas Gerais,1382,691.0,0,0,0,0,0,0,0,0,0,0,0,0,0,0,0,0,0,0.0,0.0,0.0,0,,691.0,Deserto absoluto,False
3133006,313300,Itamonte - MG,MG,Minas Gerais,1778,889.0,0,0,0,0,0,0,0,0,0,0,0,0,0,0,0,0,0,0.0,0.0,0.0,0,,889.0,Deserto absoluto,False
3133105,313310,Itanhandu - MG,MG,Minas Gerais,2015,1007.5,1,1,0,0,342,0,0,0,0,0,55,0,0,0,0,0,0,0.0,0.0,0.0,5069,1.0,1007.5,Deserto funcional,True
3133204,313320,Itanhomi - MG,MG,Minas Gerais,1518,759.0,0,0,0,0,0,0,0,0,0,0,0,0,0,0,0,0,0,0.0,0.0,0.0,0,,759.0,Deserto absoluto,False
3133303,313330,Itaobim - MG,MG,Minas Gerais,2127,1063.5,1,1,0,0,0,0,0,0,0,0,0,0,0,0,0,0,0,0.0,0.0,0.0,5069,1.0,1063.5,Deserto funcional,True
3133402,313340,Itapagipe - MG,MG,Minas Gerais,1765,882.5,0,0,0,0,0,0,0,0,0,0,0,0,0,0,0,0,0,0.0,0.0,0.0,0,,882.5,Deserto absoluto,False
3133501,313350,Itapecerica - MG,MG,Minas Gerais,2909,1454.5,0,0,0,0,0,0,0,0,0,0,0,0,0,0,0,0,0,0.0,0.0,0.0,0,,1454.5,Deserto absoluto,False
3133600,313360,Itapeva - MG,MG,Minas Gerais,1368,684.0,0,0,0,0,0,0,0,0,0,0,0,0,0,0,0,0,0,0.0,0.0,0.0,0,,684.0,Deserto absoluto,False
3133709,313370,Itatiaiuçu - MG,MG,Minas Gerais,1453,726.5,0,0,0,0,0,0,0,0,0,0,0,0,0,0,0,0,0,0.0,0.0,0.0,0,,726.5,Deserto absoluto,False
3133758,313375,Itaú de Minas - MG,MG,Minas Gerais,2017,1008.5,1,1,0,0,0,0,0,0,0,0,0,0,0,0,0,0,0,0.0,0.0,0.0,5069,1.0,1008.5,Deserto funcional,True
3133808,313380,Itaúna - MG,MG,Minas Gerais,11952,5976.0,3,3,0,0,1127,1930,1384,975,0,0,104,169,111,116,2359,227,2586,1293.0,0.1974,0.2164,15207,0.915,4683.0,Deserto funcional,True
3133907,313390,Itaverava - MG,MG,Minas Gerais,690,345.0,0,0,0,0,0,0,0,0,0,0,0,0,0,0,0,0,0,0.0,0.0,0.0,0,,345.0,Deserto absoluto,False
3134004,313400,Itinga - MG,MG,Minas Gerais,1402,701.0,0,0,0,0,0,0,0,0,0,0,0,0,0,0,0,0,0,0.0,0.0,0.0,0,,701.0,Deserto absoluto,False
3134103,313410,Itueta - MG,MG,Minas Gerais,765,382.5,0,0,0,0,0,0,0,0,0,0,0,0,0,0,0,0,0,0.0,0.0,0.0,0,,382.5,Deserto absoluto,False
3134202,313420,Ituiutaba - MG,MG,Minas Gerais,13112,6556.0,3,3,10,0,0,0,1489,1933,0,0,0,0,27,34,3422,61,3483,1741.5,0.261,0.2656,15207,0.8855,4814.5,Deserto funcional,True
3134301,313430,Itumirim - MG,MG,Minas Gerais,828,414.0,0,0,0,0,0,0,0,0,0,0,0,0,0,0,0,0,0,0.0,0.0,0.0,0,,414.0,Deserto absoluto,False
3134400,313440,Iturama - MG,MG,Minas Gerais,4123,2061.5,3,3,88,178,477,638,157,1216,0,0,7,6,0,7,1373,7,1380,690.0,0.333,0.3347,15207,0.9546,1371.5,Intermediario,True
3134509,313450,Itutinga - MG,MG,Minas Gerais,577,288.5,0,0,0,0,0,0,0,0,0,0,0,0,0,0,0,0,0,0.0,0.0,0.0,0,,288.5,Deserto absoluto,False
3134608,313460,Jaboticatubas - MG,MG,Minas Gerais,2589,1294.5,0,0,0,0,0,0,0,0,0,0,0,0,0,0,0,0,0,0.0,0.0,0.0,0,,1294.5,Deserto absoluto,False
3134707,313470,Jacinto - MG,MG,Minas Gerais,1281,640.5,0,0,0,0,0,0,0,0,0,0,0,0,0,0,0,0,0,0.0,0.0,0.0,0,,640.5,Deserto absoluto,False
3134806,313480,Jacuí - MG,MG,Minas Gerais,911,455.5,0,0,0,0,0,0,0,0,0,0,0,0,0,0,0,0,0,0.0,0.0,0.0,0,,455.5,Deserto absoluto,False
3134905,313490,Jacutinga - MG,MG,Minas Gerais,2991,1495.5,2,2,0,0,0,0,0,0,0,0,0,0,0,0,0,0,0,0.0,0.0,0.0,10138,1.0,1495.5,Deserto funcional,True
3135001,313500,Jaguaraçu - MG,MG,Minas Gerais,423,211.5,0,0,0,0,0,0,0,0,0,0,0,0,0,0,0,0,0,0.0,0.0,0.0,0,,211.5,Deserto absoluto,False
3135050,313505,Jaíba - MG,MG,Minas Gerais,2802,1401.0,0,0,0,0,0,0,0,0,0,0,0,0,0,0,0,0,0,0.0,0.0,0.0,0,,1401.0,Deserto absoluto,False
3135076,313507,Jampruca - MG,MG,Minas Gerais,542,271.0,0,0,0,0,0,0,0,0,0,0,0,0,0,0,0,0,0,0.0,0.0,0.0,0,,271.0,Deserto absoluto,False
3135100,313510,Janaúba - MG,MG,Minas Gerais,6935,3467.5,3,3,753,1719,756,969,370,2016,17,25,7,6,3,15,2386,18,2404,1202.0,0.3441,0.3466,15207,0.921,2265.5,Intermediario,True
3135209,313520,Januária - MG,MG,Minas Gerais,6533,3266.5,3,3,133,0,1306,1954,2447,1328,4,0,153,221,285,230,3775,515,4290,2145.0,0.5778,0.6567,15207,0.8589,1121.5,Intermediario,True
3135308,313530,Japaraíba - MG,MG,Minas Gerais,479,239.5,0,0,0,0,0,0,0,0,0,0,0,0,0,0,0,0,0,0.0,0.0,0.0,0,,239.5,Deserto absoluto,False
3135357,313535,Japonvar - MG,MG,Minas Gerais,795,397.5,0,0,0,0,0,0,0,0,0,0,0,0,0,0,0,0,0,0.0,0.0,0.0,0,,397.5,Deserto absoluto,False
3135407,313540,Jeceaba - MG,MG,Minas Gerais,750,375.0,0,0,0,0,0,0,0,0,0,0,0,0,0,0,0,0,0,0.0,0.0,0.0,0,,375.0,Deserto absoluto,False
3135456,313545,Jenipapo de Minas - MG,MG,Minas Gerais,592,296.0,0,0,0,0,0,0,0,0,0,0,0,0,0,0,0,0,0,0.0,0.0,0.0,0,,296.0,Deserto absoluto,False
3135506,313550,Jequeri - MG,MG,Minas Gerais,1457,728.5,0,0,0,0,0,0,0,0,0,0,0,0,0,0,0,0,0,0.0,0.0,0.0,0,,728.5,Deserto absoluto,False
3135605,313560,Jequitaí - MG,MG,Minas Gerais,830,415.0,0,0,0,0,0,0,0,0,0,0,0,0,0,0,0,0,0,0.0,0.0,0.0,0,,415.0,Deserto absoluto,False
3135704,313570,Jequitibá - MG,MG,Minas Gerais,714,357.0,0,0,0,0,0,0,0,0,0,0,0,0,0,0,0,0,0,0.0,0.0,0.0,0,,357.0,Deserto absoluto,False
3135803,313580,Jequitinhonha - MG,MG,Minas Gerais,2444,1222.0,1,1,357,1135,1146,2966,2501,3409,0,0,58,311,252,193,5910,445,6355,3177.5,2.4182,2.6002,5069,0.3732,-1955.5,Adequado,False
3135902,313590,Jesuânia - MG,MG,Minas Gerais,657,328.5,0,0,0,0,0,0,0,0,0,0,0,0,0,0,0,0,0,0.0,0.0,0.0,0,,328.5,Deserto absoluto,False
3136009,313600,Joaíma - MG,MG,Minas Gerais,1419,709.5,0,0,0,0,0,0,0,0,0,0,0,0,0,0,0,0,0,0.0,0.0,0.0,0,,709.5,Deserto absoluto,False
3136108,313610,Joanésia - MG,MG,Minas Gerais,627,313.5,0,0,0,0,0,0,0,0,0,0,0,0,0,0,0,0,0,0.0,0.0,0.0,0,,313.5,Deserto absoluto,False
3136207,313620,João Monlevade - MG,MG,Minas Gerais,10500,5250.0,6,6,781,1162,2637,1278,1921,2897,186,373,182,210,278,142,4818,420,5238,2619.0,0.4589,0.4989,30414,0.9139,2631.0,Intermediario,True
3136306,313630,João Pinheiro - MG,MG,Minas Gerais,4847,2423.5,2,2,617,781,1009,559,710,433,88,18,9,6,5,2,1143,7,1150,575.0,0.2358,0.2373,10138,0.9433,1848.5,Deserto funcional,True
3136405,313640,Joaquim Felício - MG,MG,Minas Gerais,468,234.0,0,0,0,0,0,0,0,0,0,0,0,0,0,0,0,0,0,0.0,0.0,0.0,0,,234.0,Deserto absoluto,False
3136504,313650,Jordânia - MG,MG,Minas Gerais,1076,538.0,0,0,0,0,0,0,0,0,0,0,0,0,0,0,0,0,0,0.0,0.0,0.0,0,,538.0,Deserto absoluto,False
3136520,313652,José Gonçalves de Minas - MG,MG,Minas Gerais,395,197.5,0,0,0,0,0,0,0,0,0,0,0,0,0,0,0,0,0,0.0,0.0,0.0,0,,197.5,Deserto absoluto,False
3136553,313655,José Raydan - MG,MG,Minas Gerais,463,231.5,0,0,0,0,0,0,0,0,0,0,0,0,0,0,0,0,0,0.0,0.0,0.0,0,,231.5,Deserto absoluto,False
3136579,313657,Josenópolis - MG,MG,Minas Gerais,352,176.0,0,0,0,0,0,0,0,0,0,0,0,0,0,0,0,0,0,0.0,0.0,0.0,0,,176.0,Deserto absoluto,False
3136603,313660,Nova União - MG,MG,Minas Gerais,727,363.5,0,0,0,0,0,0,0,0,0,0,0,0,0,0,0,0,0,0.0,0.0,0.0,0,,363.5,Deserto absoluto,False
3136652,313665,Juatuba - MG,MG,Minas Gerais,3137,1568.5,0,0,0,0,0,0,0,0,0,0,0,0,0,0,0,0,0,0.0,0.0,0.0,0,,1568.5,Deserto absoluto,False
3136702,313670,Juiz de Fora - MG,MG,Minas Gerais,72433,36216.5,22,22,6129,7378,14203,15703,16205,20070,1891,1532,1468,2116,1131,1443,36275,2574,38849,19424.5,0.5008,0.5363,111518,0.8258,16792.0,Intermediario,True
3136801,313680,Juramento - MG,MG,Minas Gerais,430,215.0,0,0,0,0,0,0,0,0,0,0,0,0,0,0,0,0,0,0.0,0.0,0.0,0,,215.0,Deserto absoluto,False
3136900,313690,Juruaia - MG,MG,Minas Gerais,1173,586.5,0,0,0,0,0,0,0,0,0,0,0,0,0,0,0,0,0,0.0,0.0,0.0,0,,586.5,Deserto absoluto,False
3136959,313695,Juvenília - MG,MG,Minas Gerais,556,278.0,0,0,0,0,0,0,0,0,0,0,0,0,0,0,0,0,0,0.0,0.0,0.0,0,,278.0,Deserto absoluto,False
3137007,313700,Ladainha - MG,MG,Minas Gerais,1448,724.0,0,0,0,0,0,0,0,0,0,0,0,0,0,0,0,0,0,0.0,0.0,0.0,0,,724.0,Deserto absoluto,False
3137106,313710,Lagamar - MG,MG,Minas Gerais,929,464.5,0,0,0,0,0,0,0,0,0,0,0,0,0,0,0,0,0,0.0,0.0,0.0,0,,464.5,Deserto absoluto,False
3137205,313720,Lagoa da Prata - MG,MG,Minas Gerais,5978,2989.0,0,0,0,0,0,0,0,0,0,0,0,0,0,0,0,0,0,0.0,0.0,0.0,0,,2989.0,Deserto absoluto,False
3137304,313730,Lagoa dos Patos - MG,MG,Minas Gerais,333,166.5,0,0,0,0,0,0,0,0,0,0,0,0,0,0,0,0,0,0.0,0.0,0.0,0,,166.5,Deserto absoluto,False
3137403,313740,Lagoa Dourada - MG,MG,Minas Gerais,1375,687.5,1,1,0,0,0,0,0,0,0,0,0,0,0,0,0,0,0,0.0,0.0,0.0,5069,1.0,687.5,Deserto funcional,True
3137502,313750,Lagoa Formosa - MG,MG,Minas Gerais,2342,1171.0,0,0,0,0,0,0,0,0,0,0,0,0,0,0,0,0,0,0.0,0.0,0.0,0,,1171.0,Deserto absoluto,False
3137536,313753,Lagoa Grande - MG,MG,Minas Gerais,953,476.5,0,0,0,0,0,0,0,0,0,0,0,0,0,0,0,0,0,0.0,0.0,0.0,0,,476.5,Deserto absoluto,False
3137601,313760,Lagoa Santa - MG,MG,Minas Gerais,8525,4262.5,3,3,0,0,0,0,0,0,0,0,0,0,0,0,0,0,0,0.0,0.0,0.0,15207,1.0,4262.5,Deserto funcional,True
3137700,313770,Lajinha - MG,MG,Minas Gerais,2121,1060.5,0,0,0,0,0,0,0,0,0,0,0,0,0,0,0,0,0,0.0,0.0,0.0,0,,1060.5,Deserto absoluto,False
3137809,313780,Lambari - MG,MG,Minas Gerais,2668,1334.0,0,0,0,0,0,0,0,0,0,0,0,0,0,0,0,0,0,0.0,0.0,0.0,0,,1334.0,Deserto absoluto,False
3137908,313790,Lamim - MG,MG,Minas Gerais,396,198.0,0,0,0,0,0,0,0,0,0,0,0,0,0,0,0,0,0,0.0,0.0,0.0,0,,198.0,Deserto absoluto,False
3138005,313800,Laranjal - MG,MG,Minas Gerais,833,416.5,0,0,0,0,0,0,0,0,0,0,0,0,0,0,0,0,0,0.0,0.0,0.0,0,,416.5,Deserto absoluto,False
3138104,313810,Lassance - MG,MG,Minas Gerais,789,394.5,0,0,0,0,0,0,0,0,0,0,0,0,0,0,0,0,0,0.0,0.0,0.0,0,,394.5,Deserto absoluto,False
3138203,313820,Lavras - MG,MG,Minas Gerais,12477,6238.5,3,3,1225,1941,3434,3474,3033,3077,688,768,1089,979,1005,991,6110,1996,8106,4053.0,0.4897,0.6497,15207,0.7335,2185.5,Intermediario,True
3138302,313830,Leandro Ferreira - MG,MG,Minas Gerais,387,193.5,0,0,0,0,0,0,0,0,0,0,0,0,0,0,0,0,0,0.0,0.0,0.0,0,,193.5,Deserto absoluto,False
3138351,313835,Leme do Prado - MG,MG,Minas Gerais,472,236.0,0,0,0,0,0,0,0,0,0,0,0,0,0,0,0,0,0,0.0,0.0,0.0,0,,236.0,Deserto absoluto,False
3138401,313840,Leopoldina - MG,MG,Minas Gerais,6632,3316.0,5,5,1438,2081,2437,3415,2948,3259,302,384,282,393,282,276,6207,558,6765,3382.5,0.9359,1.0201,25345,0.8665,-66.5,Adequado,False
3138500,313850,Liberdade - MG,MG,Minas Gerais,677,338.5,0,0,0,0,0,0,0,0,0,0,0,0,0,0,0,0,0,0.0,0.0,0.0,0,,338.5,Deserto absoluto,False
3138609,313860,Lima Duarte - MG,MG,Minas Gerais,2231,1115.5,0,0,0,0,0,0,0,0,0,0,0,0,0,0,0,0,0,0.0,0.0,0.0,0,,1115.5,Deserto absoluto,False
3138625,313862,Limeira do Oeste - MG,MG,Minas Gerais,873,436.5,0,0,0,0,0,0,0,0,0,0,0,0,0,0,0,0,0,0.0,0.0,0.0,0,,436.5,Deserto absoluto,False
3138658,313865,Lontra - MG,MG,Minas Gerais,897,448.5,0,0,0,0,0,0,0,0,0,0,0,0,0,0,0,0,0,0.0,0.0,0.0,0,,448.5,Deserto absoluto,False
3138674,313867,Luisburgo - MG,MG,Minas Gerais,710,355.0,0,0,0,0,0,0,0,0,0,0,0,0,0,0,0,0,0,0.0,0.0,0.0,0,,355.0,Deserto absoluto,False
3138682,313868,Luislândia - MG,MG,Minas Gerais,571,285.5,0,0,0,0,0,0,0,0,0,0,0,0,0,0,0,0,0,0.0,0.0,0.0,0,,285.5,Deserto absoluto,False
3138708,313870,Luminárias - MG,MG,Minas Gerais,687,343.5,0,0,0,0,0,0,0,0,0,0,0,0,0,0,0,0,0,0.0,0.0,0.0,0,,343.5,Deserto absoluto,False
3138807,313880,Luz - MG,MG,Minas Gerais,2361,1180.5,0,0,0,0,0,0,0,0,0,0,0,0,0,0,0,0,0,0.0,0.0,0.0,0,,1180.5,Deserto absoluto,False
3138906,313890,Machacalis - MG,MG,Minas Gerais,720,360.0,0,0,0,0,0,0,0,0,0,0,0,0,0,0,0,0,0,0.0,0.0,0.0,0,,360.0,Deserto absoluto,False
3139003,313900,Machado - MG,MG,Minas Gerais,4470,2235.0,2,1,528,521,1237,1106,1207,963,40,21,56,24,15,47,2170,62,2232,1116.0,0.4855,0.4993,5069,0.7798,1119.0,Intermediario,True
3139102,313910,Madre de Deus de Minas - MG,MG,Minas Gerais,659,329.5,0,0,0,0,0,0,0,0,0,0,0,0,0,0,0,0,0,0.0,0.0,0.0,0,,329.5,Deserto absoluto,False
3139201,313920,Malacacheta - MG,MG,Minas Gerais,1963,981.5,0,0,0,0,0,0,0,0,0,0,0,0,0,0,0,0,0,0.0,0.0,0.0,0,,981.5,Deserto absoluto,False
3139250,313925,Mamonas - MG,MG,Minas Gerais,809,404.5,0,0,0,0,0,0,0,0,0,0,0,0,0,0,0,0,0,0.0,0.0,0.0,0,,404.5,Deserto absoluto,False
3139300,313930,Manga - MG,MG,Minas Gerais,1869,934.5,2,2,0,0,0,0,0,0,0,0,0,0,0,0,0,0,0,0.0,0.0,0.0,10138,1.0,934.5,Deserto funcional,True
3139409,313940,Manhuaçu - MG,MG,Minas Gerais,9322,4661.0,12,10,1385,2481,3565,4115,3753,4453,358,458,310,271,141,323,8206,464,8670,4335.0,0.8803,0.9301,50690,0.9145,326.0,Adequado,True
3139508,313950,Manhumirim - MG,MG,Minas Gerais,2393,1196.5,0,0,0,0,0,0,0,0,0,0,0,0,0,0,0,0,0,0.0,0.0,0.0,0,,1196.5,Deserto absoluto,False
3139607,313960,Mantena - MG,MG,Minas Gerais,3319,1659.5,4,4,485,961,757,1111,1315,1694,73,34,24,35,40,45,3009,85,3094,1547.0,0.9066,0.9322,20276,0.9237,112.5,Adequado,True
3139706,313970,Maravilhas - MG,MG,Minas Gerais,850,425.0,0,0,0,0,0,0,0,0,0,0,0,0,0,0,0,0,0,0.0,0.0,0.0,0,,425.0,Deserto absoluto,False
3139805,313980,Mar de Espanha - MG,MG,Minas Gerais,1617,808.5,0,0,0,0,0,0,0,0,0,0,0,0,0,0,0,0,0,0.0,0.0,0.0,0,,808.5,Deserto absoluto,False
3139904,313990,Maria da Fé - MG,MG,Minas Gerais,1777,888.5,0,0,0,0,0,0,0,0,0,0,0,0,0,0,0,0,0,0.0,0.0,0.0,0,,888.5,Deserto absoluto,False
3140001,314000,Mariana - MG,MG,Minas Gerais,6444,3222.0,3,3,0,0,0,0,0,0,0,0,0,0,0,0,0,0,0,0.0,0.0,0.0,15207,1.0,3222.0,Deserto funcional,True
3140100,314010,Marilac - MG,MG,Minas Gerais,481,240.5,0,0,0,0,0,0,0,0,0,0,0,0,0,0,0,0,0,0.0,0.0,0.0,0,,240.5,Deserto absoluto,False
3140159,314015,Mário Campos - MG,MG,Minas Gerais,1625,812.5,0,0,0,0,0,0,0,0,0,0,0,0,0,0,0,0,0,0.0,0.0,0.0,0,,812.5,Deserto absoluto,False
3140209,314020,Maripá de Minas - MG,MG,Minas Gerais,426,213.0,0,0,0,0,0,0,0,0,0,0,0,0,0,0,0,0,0,0.0,0.0,0.0,0,,213.0,Deserto absoluto,False
3140308,314030,Marliéria - MG,MG,Minas Gerais,572,286.0,0,0,0,0,0,0,0,0,0,0,0,0,0,0,0,0,0,0.0,0.0,0.0,0,,286.0,Deserto absoluto,False
3140407,314040,Marmelópolis - MG,MG,Minas Gerais,419,209.5,0,0,0,0,0,0,0,0,0,0,0,0,0,0,0,0,0,0.0,0.0,0.0,0,,209.5,Deserto absoluto,False
3140506,314050,Martinho Campos - MG,MG,Minas Gerais,1690,845.0,0,0,0,0,0,0,0,0,0,0,0,0,0,0,0,0,0,0.0,0.0,0.0,0,,845.0,Deserto absoluto,False
3140530,314053,Martins Soares - MG,MG,Minas Gerais,812,406.0,0,0,0,0,0,0,0,0,0,0,0,0,0,0,0,0,0,0.0,0.0,0.0,0,,406.0,Deserto absoluto,False
3140555,314055,Mata Verde - MG,MG,Minas Gerais,878,439.0,0,0,0,0,0,0,0,0,0,0,0,0,0,0,0,0,0,0.0,0.0,0.0,0,,439.0,Deserto absoluto,False
3140605,314060,Materlândia - MG,MG,Minas Gerais,472,236.0,0,0,0,0,0,0,0,0,0,0,0,0,0,0,0,0,0,0.0,0.0,0.0,0,,236.0,Deserto absoluto,False
3140704,314070,Mateus Leme - MG,MG,Minas Gerais,4090,2045.0,0,0,0,0,0,0,0,0,0,0,0,0,0,0,0,0,0,0.0,0.0,0.0,0,,2045.0,Deserto absoluto,False
3140803,314080,Matias Barbosa - MG,MG,Minas Gerais,1860,930.0,0,0,0,0,0,0,0,0,0,0,0,0,0,0,0,0,0,0.0,0.0,0.0,0,,930.0,Deserto absoluto,False
3140852,314085,Matias Cardoso - MG,MG,Minas Gerais,783,391.5,0,0,0,0,0,0,0,0,0,0,0,0,0,0,0,0,0,0.0,0.0,0.0,0,,391.5,Deserto absoluto,False
3140902,314090,Matipó - MG,MG,Minas Gerais,1913,956.5,1,1,0,0,0,0,0,0,0,0,0,0,0,0,0,0,0,0.0,0.0,0.0,5069,1.0,956.5,Deserto funcional,True
3141009,314100,Mato Verde - MG,MG,Minas Gerais,1479,739.5,1,1,0,0,0,0,0,0,0,0,0,0,0,0,0,0,0,0.0,0.0,0.0,5069,1.0,739.5,Deserto funcional,True
3141108,314110,Matozinhos - MG,MG,Minas Gerais,4315,2157.5,1,1,0,0,0,0,0,0,0,0,0,0,0,0,0,0,0,0.0,0.0,0.0,5069,1.0,2157.5,Deserto funcional,True
3141207,314120,Matutina - MG,MG,Minas Gerais,503,251.5,0,0,0,0,0,0,0,0,0,0,0,0,0,0,0,0,0,0.0,0.0,0.0,0,,251.5,Deserto absoluto,False
3141306,314130,Medeiros - MG,MG,Minas Gerais,417,208.5,0,0,0,0,0,0,0,0,0,0,0,0,0,0,0,0,0,0.0,0.0,0.0,0,,208.5,Deserto absoluto,False
3141405,314140,Medina - MG,MG,Minas Gerais,2084,1042.0,1,1,0,0,0,0,0,0,0,0,0,0,0,0,0,0,0,0.0,0.0,0.0,5069,1.0,1042.0,Deserto funcional,True
3141504,314150,Mendes Pimentel - MG,MG,Minas Gerais,797,398.5,0,0,0,0,0,0,0,0,0,0,0,0,0,0,0,0,0,0.0,0.0,0.0,0,,398.5,Deserto absoluto,False
3141603,314160,Mercês - MG,MG,Minas Gerais,1342,671.0,1,1,0,0,0,0,122,87,0,0,0,0,12,2,209,14,223,111.5,0.1557,0.1662,5069,0.978,559.5,Deserto funcional,True
3141702,314170,Mesquita - MG,MG,Minas Gerais,675,337.5,0,0,0,0,0,0,0,0,0,0,0,0,0,0,0,0,0,0.0,0.0,0.0,0,,337.5,Deserto absoluto,False
3141801,314180,Minas Novas - MG,MG,Minas Gerais,2621,1310.5,0,0,0,0,0,0,0,0,0,0,0,0,0,0,0,0,0,0.0,0.0,0.0,0,,1310.5,Deserto absoluto,False
3141900,314190,Minduri - MG,MG,Minas Gerais,476,238.0,0,0,0,0,0,0,0,0,0,0,0,0,0,0,0,0,0,0.0,0.0,0.0,0,,238.0,Deserto absoluto,False
3142007,314200,Mirabela - MG,MG,Minas Gerais,1426,713.0,0,0,0,0,0,0,0,0,0,0,0,0,0,0,0,0,0,0.0,0.0,0.0,0,,713.0,Deserto absoluto,False
3142106,314210,Miradouro - MG,MG,Minas Gerais,1146,573.0,0,0,0,0,0,0,0,0,0,0,0,0,0,0,0,0,0,0.0,0.0,0.0,0,,573.0,Deserto absoluto,False
3142205,314220,Miraí - MG,MG,Minas Gerais,1694,847.0,0,0,0,0,0,0,0,0,0,0,0,0,0,0,0,0,0,0.0,0.0,0.0,0,,847.0,Deserto absoluto,False
3142254,314225,Miravânia - MG,MG,Minas Gerais,429,214.5,0,0,0,0,0,0,0,0,0,0,0,0,0,0,0,0,0,0.0,0.0,0.0,0,,214.5,Deserto absoluto,False
3142304,314230,Moeda - MG,MG,Minas Gerais,648,324.0,0,0,0,0,0,0,0,0,0,0,0,0,0,0,0,0,0,0.0,0.0,0.0,0,,324.0,Deserto absoluto,False
3142403,314240,Moema - MG,MG,Minas Gerais,894,447.0,0,0,0,0,0,0,0,0,0,0,0,0,0,0,0,0,0,0.0,0.0,0.0,0,,447.0,Deserto absoluto,False
3142502,314250,Monjolos - MG,MG,Minas Gerais,271,135.5,0,0,0,0,0,0,0,0,0,0,0,0,0,0,0,0,0,0.0,0.0,0.0,0,,135.5,Deserto absoluto,False
3142601,314260,Monsenhor Paulo - MG,MG,Minas Gerais,1020,510.0,0,0,0,0,0,0,0,0,0,0,0,0,0,0,0,0,0,0.0,0.0,0.0,0,,510.0,Deserto absoluto,False
3142700,314270,Montalvânia - MG,MG,Minas Gerais,1529,764.5,0,0,0,0,0,0,0,0,0,0,0,0,0,0,0,0,0,0.0,0.0,0.0,0,,764.5,Deserto absoluto,False
3142809,314280,Monte Alegre de Minas - MG,MG,Minas Gerais,2423,1211.5,0,0,0,0,0,0,0,0,0,0,0,0,0,0,0,0,0,0.0,0.0,0.0,0,,1211.5,Deserto absoluto,False
3142908,314290,Monte Azul - MG,MG,Minas Gerais,2601,1300.5,0,0,0,0,0,0,0,0,0,0,0,0,0,0,0,0,0,0.0,0.0,0.0,0,,1300.5,Deserto absoluto,False
3143005,314300,Monte Belo - MG,MG,Minas Gerais,1598,799.0,0,0,0,0,0,0,0,0,0,0,0,0,0,0,0,0,0,0.0,0.0,0.0,0,,799.0,Deserto absoluto,False
3143104,314310,Monte Carmelo - MG,MG,Minas Gerais,5577,2788.5,1,1,524,571,542,599,444,494,70,42,31,32,56,19,938,75,1013,506.5,0.1682,0.1816,5069,0.9001,2282.0,Deserto funcional,True
3143153,314315,Monte Formoso - MG,MG,Minas Gerais,406,203.0,0,0,0,0,0,0,0,0,0,0,0,0,0,0,0,0,0,0.0,0.0,0.0,0,,203.0,Deserto absoluto,False
3143203,314320,Monte Santo de Minas - MG,MG,Minas Gerais,2677,1338.5,3,3,1044,1278,918,365,1030,1050,9,24,17,21,30,23,2080,53,2133,1066.5,0.777,0.7968,15207,0.9299,272.0,Adequado,True
3143302,314330,Montes Claros - MG,MG,Minas Gerais,42587,21293.5,16,14,4381,5410,7573,7255,7850,9773,1334,1420,1696,1539,1166,1659,17623,2825,20448,10224.0,0.4138,0.4801,70966,0.8559,11069.5,Intermediario,True
3143401,314340,Monte Sião - MG,MG,Minas Gerais,2902,1451.0,2,2,0,0,0,0,0,0,0,0,0,0,0,0,0,0,0,0.0,0.0,0.0,10138,1.0,1451.0,Deserto funcional,True
3143450,314345,Montezuma - MG,MG,Minas Gerais,705,352.5,0,0,0,0,0,0,0,0,0,0,0,0,0,0,0,0,0,0.0,0.0,0.0,0,,352.5,Deserto absoluto,False
3143500,314350,Morada Nova de Minas - MG,MG,Minas Gerais,1070,535.0,0,0,0,0,0,0,0,0,0,0,0,0,0,0,0,0,0,0.0,0.0,0.0,0,,535.0,Deserto absoluto,False
3143609,314360,Morro da Garça - MG,MG,Minas Gerais,307,153.5,0,0,0,0,0,0,0,0,0,0,0,0,0,0,0,0,0,0.0,0.0,0.0,0,,153.5,Deserto absoluto,False
3143708,314370,Morro do Pilar - MG,MG,Minas Gerais,391,195.5,0,0,0,0,0,0,0,0,0,0,0,0,0,0,0,0,0,0.0,0.0,0.0,0,,195.5,Deserto absoluto,False
3143807,314380,Munhoz - MG,MG,Minas Gerais,886,443.0,0,0,0,0,0,0,0,0,0,0,0,0,0,0,0,0,0,0.0,0.0,0.0,0,,443.0,Deserto absoluto,False
3143906,314390,Muriaé - MG,MG,Minas Gerais,12946,6473.0,10,10,6415,7148,8659,9090,9787,9056,1957,901,1799,2466,3074,2721,18843,5795,24638,12319.0,1.4555,1.9031,50690,0.757,-5846.0,Adequado,False
3144003,314400,Mutum - MG,MG,Minas Gerais,3036,1518.0,1,1,563,773,756,799,726,768,2,15,4,1,4,3,1494,7,1501,750.5,0.4921,0.4944,5069,0.8519,767.5,Intermediario,True
3144102,314410,Muzambinho - MG,MG,Minas Gerais,2853,1426.5,1,1,0,0,0,0,0,0,0,0,0,0,0,0,0,0,0,0.0,0.0,0.0,5069,1.0,1426.5,Deserto funcional,True
3144201,314420,Nacip Raydan - MG,MG,Minas Gerais,301,150.5,0,0,0,0,0,0,0,0,0,0,0,0,0,0,0,0,0,0.0,0.0,0.0,0,,150.5,Deserto absoluto,False
3144300,314430,Nanuque - MG,MG,Minas Gerais,4164,2082.0,3,3,0,0,0,0,0,0,0,0,0,0,0,0,0,0,0,0.0,0.0,0.0,15207,1.0,2082.0,Deserto funcional,True
3144359,314435,Naque - MG,MG,Minas Gerais,685,342.5,0,0,0,0,0,0,0,0,0,0,0,0,0,0,0,0,0,0.0,0.0,0.0,0,,342.5,Deserto absoluto,False
3144375,314437,Natalândia - MG,MG,Minas Gerais,359,179.5,0,0,0,0,0,0,0,0,0,0,0,0,0,0,0,0,0,0.0,0.0,0.0,0,,179.5,Deserto absoluto,False
3144409,314440,Natércia - MG,MG,Minas Gerais,641,320.5,0,0,0,0,0,0,0,0,0,0,0,0,0,0,0,0,0,0.0,0.0,0.0,0,,320.5,Deserto absoluto,False
3144508,314450,Nazareno - MG,MG,Minas Gerais,1001,500.5,0,0,0,0,0,0,0,0,0,0,0,0,0,0,0,0,0,0.0,0.0,0.0,0,,500.5,Deserto absoluto,False
3144607,314460,Nepomuceno - MG,MG,Minas Gerais,3038,1519.0,0,0,0,0,0,0,0,0,0,0,0,0,0,0,0,0,0,0.0,0.0,0.0,0,,1519.0,Deserto absoluto,False
3144656,314465,Ninheira - MG,MG,Minas Gerais,1044,522.0,0,0,0,0,0,0,0,0,0,0,0,0,0,0,0,0,0,0.0,0.0,0.0,0,,522.0,Deserto absoluto,False
3144672,314467,Nova Belém - MG,MG,Minas Gerais,376,188.0,0,0,0,0,0,0,0,0,0,0,0,0,0,0,0,0,0,0.0,0.0,0.0,0,,188.0,Deserto absoluto,False
3144706,314470,Nova Era - MG,MG,Minas Gerais,2165,1082.5,1,1,0,0,0,0,0,0,0,0,0,0,0,0,0,0,0,0.0,0.0,0.0,5069,1.0,1082.5,Deserto funcional,True
3144805,314480,Nova Lima - MG,MG,Minas Gerais,12853,6426.5,8,8,490,705,1377,791,271,191,45,80,51,15,11,7,462,18,480,240.0,0.0359,0.0373,40552,0.9941,6186.5,Deserto funcional,True
3144904,314490,Nova Módica - MG,MG,Minas Gerais,436,218.0,0,0,0,0,0,0,0,0,0,0,0,0,0,0,0,0,0,0.0,0.0,0.0,0,,218.0,Deserto absoluto,False
3145000,314500,Nova Ponte - MG,MG,Minas Gerais,1378,689.0,0,0,0,0,0,0,0,0,0,0,0,0,0,0,0,0,0,0.0,0.0,0.0,0,,689.0,Deserto absoluto,False
3145059,314505,Nova Porteirinha - MG,MG,Minas Gerais,630,315.0,0,0,0,0,0,0,0,0,0,0,0,0,0,0,0,0,0,0.0,0.0,0.0,0,,315.0,Deserto absoluto,False
3145109,314510,Nova Resende - MG,MG,Minas Gerais,1806,903.0,0,0,0,0,0,0,0,0,0,0,0,0,0,0,0,0,0,0.0,0.0,0.0,0,,903.0,Deserto absoluto,False
3145208,314520,Nova Serrana - MG,MG,Minas Gerais,7240,3620.0,4,4,485,22,0,0,0,0,6,0,0,0,0,0,0,0,0,0.0,0.0,0.0,20276,1.0,3620.0,Deserto funcional,True
3145307,314530,Novo Cruzeiro - MG,MG,Minas Gerais,2733,1366.5,1,1,0,0,0,0,0,0,0,0,0,0,0,0,0,0,0,0.0,0.0,0.0,5069,1.0,1366.5,Deserto funcional,True
3145356,314535,Novo Oriente de Minas - MG,MG,Minas Gerais,1010,505.0,0,0,0,0,0,0,0,0,0,0,0,0,0,0,0,0,0,0.0,0.0,0.0,0,,505.0,Deserto absoluto,False
3145372,314537,Novorizonte - MG,MG,Minas Gerais,515,257.5,0,0,0,0,0,0,0,0,0,0,0,0,0,0,0,0,0,0.0,0.0,0.0,0,,257.5,Deserto absoluto,False
3145406,314540,Olaria - MG,MG,Minas Gerais,258,129.0,0,0,0,0,0,0,0,0,0,0,0,0,0,0,0,0,0,0.0,0.0,0.0,0,,129.0,Deserto absoluto,False
3145455,314545,Olhos-d'Água - MG,MG,Minas Gerais,527,263.5,0,0,0,0,0,0,0,0,0,0,0,0,0,0,0,0,0,0.0,0.0,0.0,0,,263.5,Deserto absoluto,False
3145505,314550,Olímpio Noronha - MG,MG,Minas Gerais,333,166.5,0,0,0,0,0,0,0,0,0,0,0,0,0,0,0,0,0,0.0,0.0,0.0,0,,166.5,Deserto absoluto,False
3145604,314560,Oliveira - MG,MG,Minas Gerais,5211,2605.5,3,3,0,0,0,0,0,0,0,0,0,0,0,0,0,0,0,0.0,0.0,0.0,15207,1.0,2605.5,Deserto funcional,True
3145703,314570,Oliveira Fortes - MG,MG,Minas Gerais,273,136.5,0,0,0,0,0,0,0,0,0,0,0,0,0,0,0,0,0,0.0,0.0,0.0,0,,136.5,Deserto absoluto,False
3145802,314580,Onça de Pitangui - MG,MG,Minas Gerais,382,191.0,0,0,0,0,0,0,0,0,0,0,0,0,0,0,0,0,0,0.0,0.0,0.0,0,,191.0,Deserto absoluto,False
3145851,314585,Oratórios - MG,MG,Minas Gerais,555,277.5,0,0,0,0,0,0,0,0,0,0,0,0,0,0,0,0,0,0.0,0.0,0.0,0,,277.5,Deserto absoluto,False
3145877,314587,Orizânia - MG,MG,Minas Gerais,814,407.0,0,0,0,0,0,0,0,0,0,0,0,0,0,0,0,0,0,0.0,0.0,0.0,0,,407.0,Deserto absoluto,False
3145901,314590,Ouro Branco - MG,MG,Minas Gerais,4445,2222.5,3,3,0,0,0,0,0,0,0,0,0,0,0,0,0,0,0,0.0,0.0,0.0,15207,1.0,2222.5,Deserto funcional,True
3146008,314600,Ouro Fino - MG,MG,Minas Gerais,4282,2141.0,2,2,0,0,0,0,0,0,0,0,0,0,0,0,0,0,0,0.0,0.0,0.0,10138,1.0,2141.0,Deserto funcional,True
3146107,314610,Ouro Preto - MG,MG,Minas Gerais,9055,4527.5,1,1,0,0,0,0,0,0,0,0,0,0,0,0,0,0,0,0.0,0.0,0.0,5069,1.0,4527.5,Deserto funcional,True
3146206,314620,Ouro Verde de Minas - MG,MG,Minas Gerais,606,303.0,0,0,0,0,0,0,0,0,0,0,0,0,0,0,0,0,0,0.0,0.0,0.0,0,,303.0,Deserto absoluto,False
3146255,314625,Padre Carvalho - MG,MG,Minas Gerais,420,210.0,0,0,0,0,0,0,0,0,0,0,0,0,0,0,0,0,0,0.0,0.0,0.0,0,,210.0,Deserto absoluto,False
3146305,314630,Padre Paraíso - MG,MG,Minas Gerais,1754,877.0,0,0,0,0,0,0,0,0,0,0,0,0,0,0,0,0,0,0.0,0.0,0.0,0,,877.0,Deserto absoluto,False
3146404,314640,Paineiras - MG,MG,Minas Gerais,665,332.5,0,0,0,0,0,0,0,0,0,0,0,0,0,0,0,0,0,0.0,0.0,0.0,0,,332.5,Deserto absoluto,False
3146503,314650,Pains - MG,MG,Minas Gerais,1101,550.5,0,0,0,0,0,0,0,0,0,0,0,0,0,0,0,0,0,0.0,0.0,0.0,0,,550.5,Deserto absoluto,False
3146552,314655,Pai Pedro - MG,MG,Minas Gerais,630,315.0,0,0,0,0,0,0,0,0,0,0,0,0,0,0,0,0,0,0.0,0.0,0.0,0,,315.0,Deserto absoluto,False
3146602,314660,Paiva - MG,MG,Minas Gerais,213,106.5,0,0,0,0,0,0,0,0,0,0,0,0,0,0,0,0,0,0.0,0.0,0.0,0,,106.5,Deserto absoluto,False
3146701,314670,Palma - MG,MG,Minas Gerais,788,394.0,0,0,0,0,0,0,0,0,0,0,0,0,0,0,0,0,0,0.0,0.0,0.0,0,,394.0,Deserto absoluto,False
3146750,314675,Palmópolis - MG,MG,Minas Gerais,758,379.0,0,0,0,0,0,0,0,0,0,0,0,0,0,0,0,0,0,0.0,0.0,0.0,0,,379.0,Deserto absoluto,False
3146909,314690,Papagaios - MG,MG,Minas Gerais,1485,742.5,0,0,0,0,0,0,0,0,0,0,0,0,0,0,0,0,0,0.0,0.0,0.0,0,,742.5,Deserto absoluto,False
3147006,314700,Paracatu - MG,MG,Minas Gerais,8994,4497.0,3,3,421,1606,1655,1789,1881,895,22,56,39,60,58,39,2776,97,2873,1436.5,0.3087,0.3194,15207,0.9055,3060.5,Intermediario,True
3147105,314710,Pará de Minas - MG,MG,Minas Gerais,11132,5566.0,4,3,544,2053,4194,2834,3789,2515,49,98,324,1136,1625,1175,6304,2800,9104,4552.0,0.5663,0.8178,15207,0.7007,1014.0,Adequado,True
3147204,314720,Paraguaçu - MG,MG,Minas Gerais,2560,1280.0,0,0,0,0,0,0,0,0,0,0,0,0,0,0,0,0,0,0.0,0.0,0.0,0,,1280.0,Deserto absoluto,False
3147303,314730,Paraisópolis - MG,MG,Minas Gerais,2557,1278.5,1,1,0,0,0,0,0,0,0,0,0,0,0,0,0,0,0,0.0,0.0,0.0,5069,1.0,1278.5,Deserto funcional,True
3147402,314740,Paraopeba - MG,MG,Minas Gerais,2844,1422.0,0,0,0,0,0,0,0,0,0,0,0,0,0,0,0,0,0,0.0,0.0,0.0,0,,1422.0,Deserto absoluto,False
3147501,314750,Passabém - MG,MG,Minas Gerais,224,112.0,0,0,0,0,0,0,0,0,0,0,0,0,0,0,0,0,0,0.0,0.0,0.0,0,,112.0,Deserto absoluto,False
3147600,314760,Passa Quatro - MG,MG,Minas Gerais,2111,1055.5,0,0,0,0,0,0,0,0,0,0,0,0,0,0,0,0,0,0.0,0.0,0.0,0,,1055.5,Deserto absoluto,False
3147709,314770,Passa Tempo - MG,MG,Minas Gerais,1177,588.5,0,0,0,0,0,0,0,0,0,0,0,0,0,0,0,0,0,0.0,0.0,0.0,0,,588.5,Deserto absoluto,False
3147808,314780,Passa Vinte - MG,MG,Minas Gerais,293,146.5,0,0,0,0,0,0,0,0,0,0,0,0,0,0,0,0,0,0.0,0.0,0.0,0,,146.5,Deserto absoluto,False
3147907,314790,Passos - MG,MG,Minas Gerais,13780,6890.0,6,6,4226,6149,9494,6578,9237,8309,1949,1893,1586,807,1852,3123,17546,4975,22521,11260.5,1.2733,1.6343,30414,0.6298,-4370.5,Adequado,False
3147956,314795,Patis - MG,MG,Minas Gerais,499,249.5,0,0,0,0,0,0,0,0,0,0,0,0,0,0,0,0,0,0.0,0.0,0.0,0,,249.5,Deserto absoluto,False
3148004,314800,Patos de Minas - MG,MG,Minas Gerais,19392,9696.0,9,9,5331,5151,6478,7061,7094,7124,180,126,149,466,824,2349,14218,3173,17391,8695.5,0.7332,0.8968,45621,0.8094,1000.5,Adequado,True
3148103,314810,Patrocínio - MG,MG,Minas Gerais,9796,4898.0,6,6,1362,2205,1780,1828,297,1028,794,903,846,891,402,460,1325,862,2187,1093.5,0.1353,0.2233,30414,0.964,3804.5,Deserto funcional,True
3148202,314820,Patrocínio do Muriaé - MG,MG,Minas Gerais,693,346.5,0,0,0,0,0,0,0,0,0,0,0,0,0,0,0,0,0,0.0,0.0,0.0,0,,346.5,Deserto absoluto,False
3148301,314830,Paula Cândido - MG,MG,Minas Gerais,1024,512.0,0,0,0,0,0,0,0,0,0,0,0,0,0,0,0,0,0,0.0,0.0,0.0,0,,512.0,Deserto absoluto,False
3148400,314840,Paulistas - MG,MG,Minas Gerais,534,267.0,0,0,0,0,0,0,0,0,0,0,0,0,0,0,0,0,0,0.0,0.0,0.0,0,,267.0,Deserto absoluto,False
3148509,314850,Pavão - MG,MG,Minas Gerais,856,428.0,0,0,0,0,0,0,0,0,0,0,0,0,0,0,0,0,0,0.0,0.0,0.0,0,,428.0,Deserto absoluto,False
3148608,314860,Peçanha - MG,MG,Minas Gerais,1877,938.5,0,0,0,0,0,0,0,0,0,0,0,0,0,0,0,0,0,0.0,0.0,0.0,0,,938.5,Deserto absoluto,False
3148707,314870,Pedra Azul - MG,MG,Minas Gerais,2489,1244.5,2,2,0,0,0,0,0,0,0,0,0,0,0,0,0,0,0,0.0,0.0,0.0,10138,1.0,1244.5,Deserto funcional,True
3148756,314875,Pedra Bonita - MG,MG,Minas Gerais,656,328.0,0,0,0,0,0,0,0,0,0,0,0,0,0,0,0,0,0,0.0,0.0,0.0,0,,328.0,Deserto absoluto,False
3148806,314880,Pedra do Anta - MG,MG,Minas Gerais,449,224.5,0,0,0,0,0,0,0,0,0,0,0,0,0,0,0,0,0,0.0,0.0,0.0,0,,224.5,Deserto absoluto,False
3148905,314890,Pedra do Indaiá - MG,MG,Minas Gerais,515,257.5,0,0,0,0,0,0,0,0,0,0,0,0,0,0,0,0,0,0.0,0.0,0.0,0,,257.5,Deserto absoluto,False
3149002,314900,Pedra Dourada - MG,MG,Minas Gerais,279,139.5,0,0,0,0,0,0,0,0,0,0,0,0,0,0,0,0,0,0.0,0.0,0.0,0,,139.5,Deserto absoluto,False
3149101,314910,Pedralva - MG,MG,Minas Gerais,1394,697.0,0,0,0,0,0,0,0,0,0,0,0,0,0,0,0,0,0,0.0,0.0,0.0,0,,697.0,Deserto absoluto,False
3149150,314915,Pedras de Maria da Cruz - MG,MG,Minas Gerais,1117,558.5,0,0,0,0,0,0,0,0,0,0,0,0,0,0,0,0,0,0.0,0.0,0.0,0,,558.5,Deserto absoluto,False
3149200,314920,Pedrinópolis - MG,MG,Minas Gerais,418,209.0,0,0,0,0,0,0,0,0,0,0,0,0,0,0,0,0,0,0.0,0.0,0.0,0,,209.0,Deserto absoluto,False
3149309,314930,Pedro Leopoldo - MG,MG,Minas Gerais,7900,3950.0,1,1,0,0,0,0,0,0,0,0,0,0,0,0,0,0,0,0.0,0.0,0.0,5069,1.0,3950.0,Deserto funcional,True
3149408,314940,Pedro Teixeira - MG,MG,Minas Gerais,218,109.0,0,0,0,0,0,0,0,0,0,0,0,0,0,0,0,0,0,0.0,0.0,0.0,0,,109.0,Deserto absoluto,False
3149507,314950,Pequeri - MG,MG,Minas Gerais,408,204.0,0,0,0,0,0,0,0,0,0,0,0,0,0,0,0,0,0,0.0,0.0,0.0,0,,204.0,Deserto absoluto,False
3149606,314960,Pequi - MG,MG,Minas Gerais,540,270.0,0,0,0,0,0,0,0,0,0,0,0,0,0,0,0,0,0,0.0,0.0,0.0,0,,270.0,Deserto absoluto,False
3149705,314970,Perdigão - MG,MG,Minas Gerais,1142,571.0,0,0,0,0,0,0,0,0,0,0,0,0,0,0,0,0,0,0.0,0.0,0.0,0,,571.0,Deserto absoluto,False
3149804,314980,Perdizes - MG,MG,Minas Gerais,1550,775.0,0,0,0,0,0,0,0,0,0,0,0,0,0,0,0,0,0,0.0,0.0,0.0,0,,775.0,Deserto absoluto,False
3149903,314990,Perdões - MG,MG,Minas Gerais,2616,1308.0,0,0,0,0,0,0,0,0,0,0,0,0,0,0,0,0,0,0.0,0.0,0.0,0,,1308.0,Deserto absoluto,False
3149952,314995,Periquito - MG,MG,Minas Gerais,726,363.0,0,0,0,0,0,0,0,0,0,0,0,0,0,0,0,0,0,0.0,0.0,0.0,0,,363.0,Deserto absoluto,False
3150000,315000,Pescador - MG,MG,Minas Gerais,433,216.5,0,0,0,0,0,0,0,0,0,0,0,0,0,0,0,0,0,0.0,0.0,0.0,0,,216.5,Deserto absoluto,False
3150109,315010,Piau - MG,MG,Minas Gerais,387,193.5,0,0,0,0,0,0,0,0,0,0,0,0,0,0,0,0,0,0.0,0.0,0.0,0,,193.5,Deserto absoluto,False
3150158,315015,Piedade de Caratinga - MG,MG,Minas Gerais,850,425.0,0,0,0,0,0,0,0,0,0,0,0,0,0,0,0,0,0,0.0,0.0,0.0,0,,425.0,Deserto absoluto,False
3150208,315020,Piedade de Ponte Nova - MG,MG,Minas Gerais,445,222.5,0,0,0,0,0,0,0,0,0,0,0,0,0,0,0,0,0,0.0,0.0,0.0,0,,222.5,Deserto absoluto,False
3150307,315030,Piedade do Rio Grande - MG,MG,Minas Gerais,666,333.0,0,0,0,0,0,0,0,0,0,0,0,0,0,0,0,0,0,0.0,0.0,0.0,0,,333.0,Deserto absoluto,False
3150406,315040,Piedade dos Gerais - MG,MG,Minas Gerais,662,331.0,0,0,0,0,0,0,0,0,0,0,0,0,0,0,0,0,0,0.0,0.0,0.0,0,,331.0,Deserto absoluto,False
3150505,315050,Pimenta - MG,MG,Minas Gerais,1145,572.5,0,0,0,0,0,0,0,0,0,0,0,0,0,0,0,0,0,0.0,0.0,0.0,0,,572.5,Deserto absoluto,False
3150539,315053,Pingo-d'Água - MG,MG,Minas Gerais,566,283.0,0,0,0,0,0,0,0,0,0,0,0,0,0,0,0,0,0,0.0,0.0,0.0,0,,283.0,Deserto absoluto,False
3150570,315057,Pintópolis - MG,MG,Minas Gerais,674,337.0,0,0,0,0,0,0,0,0,0,0,0,0,0,0,0,0,0,0.0,0.0,0.0,0,,337.0,Deserto absoluto,False
3150604,315060,Piracema - MG,MG,Minas Gerais,937,468.5,0,0,0,0,0,0,0,0,0,0,0,0,0,0,0,0,0,0.0,0.0,0.0,0,,468.5,Deserto absoluto,False
3150703,315070,Pirajuba - MG,MG,Minas Gerais,499,249.5,0,0,0,0,0,0,0,0,0,0,0,0,0,0,0,0,0,0.0,0.0,0.0,0,,249.5,Deserto absoluto,False
3150802,315080,Piranga - MG,MG,Minas Gerais,1977,988.5,0,0,0,0,0,0,0,0,0,0,0,0,0,0,0,0,0,0.0,0.0,0.0,0,,988.5,Deserto absoluto,False
3150901,315090,Piranguçu - MG,MG,Minas Gerais,773,386.5,0,0,0,0,0,0,0,0,0,0,0,0,0,0,0,0,0,0.0,0.0,0.0,0,,386.5,Deserto absoluto,False
3151008,315100,Piranguinho - MG,MG,Minas Gerais,1060,530.0,0,0,0,0,0,0,0,0,0,0,0,0,0,0,0,0,0,0.0,0.0,0.0,0,,530.0,Deserto absoluto,False
3151107,315110,Pirapetinga - MG,MG,Minas Gerais,1364,682.0,1,1,10,26,0,0,0,0,2,0,0,0,0,0,0,0,0,0.0,0.0,0.0,5069,1.0,682.0,Deserto funcional,True
3151206,315120,Pirapora - MG,MG,Minas Gerais,5968,2984.0,5,5,1122,2089,1168,2846,694,1239,701,854,387,987,705,719,1933,1424,3357,1678.5,0.3239,0.5625,25345,0.9338,1305.5,Intermediario,True
3151305,315130,Piraúba - MG,MG,Minas Gerais,1484,742.0,0,0,0,0,0,0,0,0,0,0,0,0,0,0,0,0,0,0.0,0.0,0.0,0,,742.0,Deserto absoluto,False
3151404,315140,Pitangui - MG,MG,Minas Gerais,3131,1565.5,1,1,0,0,0,0,0,0,0,0,0,0,0,0,0,0,0,0.0,0.0,0.0,5069,1.0,1565.5,Deserto funcional,True
3151503,315150,Piumhi - MG,MG,Minas Gerais,4327,2163.5,3,3,1492,836,1246,799,893,469,0,26,14,13,18,4,1362,22,1384,692.0,0.3148,0.3199,15207,0.9545,1471.5,Intermediario,True
3151602,315160,Planura - MG,MG,Minas Gerais,1189,594.5,0,0,0,0,0,0,0,0,0,0,0,0,0,0,0,0,0,0.0,0.0,0.0,0,,594.5,Deserto absoluto,False
3151701,315170,Poço Fundo - MG,MG,Minas Gerais,2134,1067.0,0,0,0,0,0,0,0,0,0,0,0,0,0,0,0,0,0,0.0,0.0,0.0,0,,1067.0,Deserto absoluto,False
3151800,315180,Poços de Caldas - MG,MG,Minas Gerais,20877,10438.5,8,8,2534,2290,2053,1475,833,982,1173,1002,1412,862,766,434,1815,1200,3015,1507.5,0.0869,0.1444,40552,0.9628,8931.0,Deserto funcional,True
3151909,315190,Pocrane - MG,MG,Minas Gerais,1104,552.0,0,0,0,0,0,0,0,0,0,0,0,0,0,0,0,0,0,0.0,0.0,0.0,0,,552.0,Deserto absoluto,False
3152006,315200,Pompéu - MG,MG,Minas Gerais,3455,1727.5,1,1,40,925,545,0,0,0,6,95,46,0,0,0,0,0,0,0.0,0.0,0.0,5069,1.0,1727.5,Deserto funcional,True
3152105,315210,Ponte Nova - MG,MG,Minas Gerais,7567,3783.5,4,3,2486,2627,4791,4545,4530,5609,298,243,316,367,416,496,10139,912,11051,5525.5,1.3399,1.4604,15207,0.6366,-1742.0,Adequado,False
3152131,315213,Ponto Chique - MG,MG,Minas Gerais,328,164.0,0,0,0,0,0,0,0,0,0,0,0,0,0,0,0,0,0,0.0,0.0,0.0,0,,164.0,Deserto absoluto,False
3152170,315217,Ponto dos Volantes - MG,MG,Minas Gerais,1024,512.0,0,0,0,0,0,0,0,0,0,0,0,0,0,0,0,0,0,0.0,0.0,0.0,0,,512.0,Deserto absoluto,False
3152204,315220,Porteirinha - MG,MG,Minas Gerais,4186,2093.0,2,2,0,0,0,0,0,0,0,0,0,0,0,0,0,0,0,0.0,0.0,0.0,10138,1.0,2093.0,Deserto funcional,True
3152303,315230,Porto Firme - MG,MG,Minas Gerais,1330,665.0,0,0,0,0,0,0,0,0,0,0,0,0,0,0,0,0,0,0.0,0.0,0.0,0,,665.0,Deserto absoluto,False
3152402,315240,Poté - MG,MG,Minas Gerais,1565,782.5,0,0,0,0,0,0,0,0,0,0,0,0,0,0,0,0,0,0.0,0.0,0.0,0,,782.5,Deserto absoluto,False
3152501,315250,Pouso Alegre - MG,MG,Minas Gerais,17292,8646.0,10,10,5263,6469,7906,8598,8079,9742,762,883,792,825,362,950,17821,1312,19133,9566.5,1.0306,1.1065,50690,0.8113,-920.5,Adequado,False
3152600,315260,Pouso Alto - MG,MG,Minas Gerais,922,461.0,0,0,0,0,0,0,0,0,0,0,0,0,0,0,0,0,0,0.0,0.0,0.0,0,,461.0,Deserto absoluto,False
3152709,315270,Prados - MG,MG,Minas Gerais,1124,562.0,0,0,0,0,0,0,0,0,0,0,0,0,0,0,0,0,0,0.0,0.0,0.0,0,,562.0,Deserto absoluto,False
3152808,315280,Prata - MG,MG,Minas Gerais,3040,1520.0,1,1,0,0,0,0,0,0,0,0,0,0,0,0,0,0,0,0.0,0.0,0.0,5069,1.0,1520.0,Deserto funcional,True
3152907,315290,Pratápolis - MG,MG,Minas Gerais,1199,599.5,0,0,0,0,0,0,0,0,0,0,0,0,0,0,0,0,0,0.0,0.0,0.0,0,,599.5,Deserto absoluto,False
3153004,315300,Pratinha - MG,MG,Minas Gerais,410,205.0,0,0,0,0,0,0,0,0,0,0,0,0,0,0,0,0,0,0.0,0.0,0.0,0,,205.0,Deserto absoluto,False
3153103,315310,Presidente Bernardes - MG,MG,Minas Gerais,631,315.5,0,0,0,0,0,0,0,0,0,0,0,0,0,0,0,0,0,0.0,0.0,0.0,0,,315.5,Deserto absoluto,False
3153202,315320,Presidente Juscelino - MG,MG,Minas Gerais,440,220.0,0,0,0,0,0,0,0,0,0,0,0,0,0,0,0,0,0,0.0,0.0,0.0,0,,220.0,Deserto absoluto,False
3153301,315330,Presidente Kubitschek - MG,MG,Minas Gerais,282,141.0,0,0,0,0,0,0,0,0,0,0,0,0,0,0,0,0,0,0.0,0.0,0.0,0,,141.0,Deserto absoluto,False
3153400,315340,Presidente Olegário - MG,MG,Minas Gerais,2170,1085.0,0,0,0,0,0,0,0,0,0,0,0,0,0,0,0,0,0,0.0,0.0,0.0,0,,1085.0,Deserto absoluto,False
3153509,315350,Alto Jequitibá - MG,MG,Minas Gerais,1037,518.5,0,0,0,0,0,0,0,0,0,0,0,0,0,0,0,0,0,0.0,0.0,0.0,0,,518.5,Deserto absoluto,False
3153608,315360,Prudente de Morais - MG,MG,Minas Gerais,1251,625.5,0,0,0,0,0,0,0,0,0,0,0,0,0,0,0,0,0,0.0,0.0,0.0,0,,625.5,Deserto absoluto,False
3153707,315370,Quartel Geral - MG,MG,Minas Gerais,427,213.5,0,0,0,0,0,0,0,0,0,0,0,0,0,0,0,0,0,0.0,0.0,0.0,0,,213.5,Deserto absoluto,False
3153806,315380,Queluzito - MG,MG,Minas Gerais,266,133.0,0,0,0,0,0,0,0,0,0,0,0,0,0,0,0,0,0,0.0,0.0,0.0,0,,133.0,Deserto absoluto,False
3153905,315390,Raposos - MG,MG,Minas Gerais,1992,996.0,0,0,0,0,0,0,0,0,0,0,0,0,0,0,0,0,0,0.0,0.0,0.0,0,,996.0,Deserto absoluto,False
3154002,315400,Raul Soares - MG,MG,Minas Gerais,3056,1528.0,1,1,0,0,0,172,150,572,0,0,0,14,12,10,722,22,744,372.0,0.2363,0.2435,5069,0.9266,1156.0,Deserto funcional,True
3154101,315410,Recreio - MG,MG,Minas Gerais,1585,792.5,0,0,0,0,0,0,0,0,0,0,0,0,0,0,0,0,0,0.0,0.0,0.0,0,,792.5,Deserto absoluto,False
3154150,315415,Reduto - MG,MG,Minas Gerais,793,396.5,0,0,0,0,0,0,0,0,0,0,0,0,0,0,0,0,0,0.0,0.0,0.0,0,,396.5,Deserto absoluto,False
3154200,315420,Resende Costa - MG,MG,Minas Gerais,1563,781.5,1,1,593,945,986,879,744,1027,41,52,47,59,48,39,1771,87,1858,929.0,1.1331,1.1887,5069,0.8167,-147.5,Adequado,False
3154309,315430,Resplendor - MG,MG,Minas Gerais,2113,1056.5,1,1,507,943,1149,887,1415,1064,78,66,54,37,31,26,2479,57,2536,1268.0,1.1732,1.2002,5069,0.7499,-211.5,Adequado,False
3154408,315440,Ressaquinha - MG,MG,Minas Gerais,587,293.5,1,1,0,0,0,0,0,0,0,0,0,0,0,0,0,0,0,0.0,0.0,0.0,5069,1.0,293.5,Deserto funcional,True
3154457,315445,Riachinho - MG,MG,Minas Gerais,751,375.5,0,0,0,0,0,0,0,0,0,0,0,0,0,0,0,0,0,0.0,0.0,0.0,0,,375.5,Deserto absoluto,False
3154507,315450,Riacho dos Machados - MG,MG,Minas Gerais,840,420.0,0,0,0,0,0,0,0,0,0,0,0,0,0,0,0,0,0,0.0,0.0,0.0,0,,420.0,Deserto absoluto,False
3154606,315460,Ribeirão das Neves - MG,MG,Minas Gerais,33230,16615.0,3,3,2941,5946,6722,6321,4664,5243,687,1119,870,582,298,579,9907,877,10784,5392.0,0.2981,0.3245,15207,0.6454,11223.0,Intermediario,True
3154705,315470,Ribeirão Vermelho - MG,MG,Minas Gerais,547,273.5,0,0,0,0,0,0,0,0,0,0,0,0,0,0,0,0,0,0.0,0.0,0.0,0,,273.5,Deserto absoluto,False
3154804,315480,Rio Acima - MG,MG,Minas Gerais,1193,596.5,0,0,0,0,0,0,0,0,0,0,0,0,0,0,0,0,0,0.0,0.0,0.0,0,,596.5,Deserto absoluto,False
3154903,315490,Rio Casca - MG,MG,Minas Gerais,1633,816.5,0,0,0,0,0,0,0,0,0,0,0,0,0,0,0,0,0,0.0,0.0,0.0,0,,816.5,Deserto absoluto,False
3155009,315500,Rio Doce - MG,MG,Minas Gerais,349,174.5,0,0,0,0,0,0,0,0,0,0,0,0,0,0,0,0,0,0.0,0.0,0.0,0,,174.5,Deserto absoluto,False
3155108,315510,Rio do Prado - MG,MG,Minas Gerais,520,260.0,0,0,0,0,0,0,0,0,0,0,0,0,0,0,0,0,0,0.0,0.0,0.0,0,,260.0,Deserto absoluto,False
3155207,315520,Rio Espera - MG,MG,Minas Gerais,755,377.5,0,0,0,0,0,0,0,0,0,0,0,0,0,0,0,0,0,0.0,0.0,0.0,0,,377.5,Deserto absoluto,False
3155306,315530,Rio Manso - MG,MG,Minas Gerais,750,375.0,0,0,0,0,0,0,0,0,0,0,0,0,0,0,0,0,0,0.0,0.0,0.0,0,,375.0,Deserto absoluto,False
3155405,315540,Rio Novo - MG,MG,Minas Gerais,1146,573.0,0,0,0,0,0,0,0,0,0,0,0,0,0,0,0,0,0,0.0,0.0,0.0,0,,573.0,Deserto absoluto,False
3155504,315550,Rio Paranaíba - MG,MG,Minas Gerais,1410,705.0,0,0,0,0,0,0,0,0,0,0,0,0,0,0,0,0,0,0.0,0.0,0.0,0,,705.0,Deserto absoluto,False
3155603,315560,Rio Pardo de Minas - MG,MG,Minas Gerais,2711,1355.5,0,0,0,0,0,0,0,0,0,0,0,0,0,0,0,0,0,0.0,0.0,0.0,0,,1355.5,Deserto absoluto,False
3155702,315570,Rio Piracicaba - MG,MG,Minas Gerais,1931,965.5,1,1,0,0,0,0,0,0,0,0,0,0,0,0,0,0,0,0.0,0.0,0.0,5069,1.0,965.5,Deserto funcional,True
3155801,315580,Rio Pomba - MG,MG,Minas Gerais,2168,1084.0,0,0,0,0,0,0,0,0,0,0,0,0,0,0,0,0,0,0.0,0.0,0.0,0,,1084.0,Deserto absoluto,False
3155900,315590,Rio Preto - MG,MG,Minas Gerais,726,363.0,0,0,0,0,0,0,0,0,0,0,0,0,0,0,0,0,0,0.0,0.0,0.0,0,,363.0,Deserto absoluto,False
3156007,315600,Rio Vermelho - MG,MG,Minas Gerais,1405,702.5,0,0,0,0,0,0,0,0,0,0,0,0,0,0,0,0,0,0.0,0.0,0.0,0,,702.5,Deserto absoluto,False
3156106,315610,Ritápolis - MG,MG,Minas Gerais,773,386.5,0,0,0,0,0,0,0,0,0,0,0,0,0,0,0,0,0,0.0,0.0,0.0,0,,386.5,Deserto absoluto,False
3156205,315620,Rochedo de Minas - MG,MG,Minas Gerais,265,132.5,0,0,0,0,0,0,0,0,0,0,0,0,0,0,0,0,0,0.0,0.0,0.0,0,,132.5,Deserto absoluto,False
3156304,315630,Rodeiro - MG,MG,Minas Gerais,848,424.0,0,0,0,0,0,0,0,0,0,0,0,0,0,0,0,0,0,0.0,0.0,0.0,0,,424.0,Deserto absoluto,False
3156403,315640,Romaria - MG,MG,Minas Gerais,441,220.5,0,0,0,0,0,0,0,0,0,0,0,0,0,0,0,0,0,0.0,0.0,0.0,0,,220.5,Deserto absoluto,False
3156452,315645,Rosário da Limeira - MG,MG,Minas Gerais,573,286.5,0,0,0,0,0,0,0,0,0,0,0,0,0,0,0,0,0,0.0,0.0,0.0,0,,286.5,Deserto absoluto,False
3156502,315650,Rubelita - MG,MG,Minas Gerais,676,338.0,0,0,0,0,0,0,0,0,0,0,0,0,0,0,0,0,0,0.0,0.0,0.0,0,,338.0,Deserto absoluto,False
3156601,315660,Rubim - MG,MG,Minas Gerais,1115,557.5,0,0,0,0,0,0,0,0,0,0,0,0,0,0,0,0,0,0.0,0.0,0.0,0,,557.5,Deserto absoluto,False
3156700,315670,Sabará - MG,MG,Minas Gerais,15476,7738.0,2,2,0,0,0,0,0,2074,0,0,0,0,0,1097,2074,1097,3171,1585.5,0.134,0.2049,10138,0.8436,6152.5,Deserto funcional,True
3156809,315680,Sabinópolis - MG,MG,Minas Gerais,1657,828.5,0,0,0,0,0,0,0,0,0,0,0,0,0,0,0,0,0,0.0,0.0,0.0,0,,828.5,Deserto absoluto,False
3156908,315690,Sacramento - MG,MG,Minas Gerais,2867,1433.5,0,0,174,528,297,570,549,630,4,33,7,10,7,3,1179,10,1189,594.5,0.4112,0.4147,0,,839.0,Deserto absoluto,False
3157005,315700,Salinas - MG,MG,Minas Gerais,4392,2196.0,2,2,0,0,0,0,0,0,0,0,0,0,0,758,0,758,758,379.0,0.0,0.1726,10138,0.9626,1817.0,Deserto funcional,True
3157104,315710,Salto da Divisa - MG,MG,Minas Gerais,628,314.0,0,0,0,0,0,0,0,0,0,0,0,0,0,0,0,0,0,0.0,0.0,0.0,0,,314.0,Deserto absoluto,False
3157203,315720,Santa Bárbara - MG,MG,Minas Gerais,3355,1677.5,3,3,0,0,0,0,0,0,0,0,0,0,0,0,0,0,0,0.0,0.0,0.0,15207,1.0,1677.5,Deserto funcional,True
3157252,315725,Santa Bárbara do Leste - MG,MG,Minas Gerais,887,443.5,0,0,0,0,0,0,0,0,0,0,0,0,0,0,0,0,0,0.0,0.0,0.0,0,,443.5,Deserto absoluto,False
3157278,315727,Santa Bárbara do Monte Verde - MG,MG,Minas Gerais,338,169.0,0,0,0,0,0,0,0,0,0,0,0,0,0,0,0,0,0,0.0,0.0,0.0,0,,169.0,Deserto absoluto,False
3157302,315730,Santa Bárbara do Tugúrio - MG,MG,Minas Gerais,517,258.5,0,0,0,0,0,0,0,0,0,0,0,0,0,0,0,0,0,0.0,0.0,0.0,0,,258.5,Deserto absoluto,False
3157336,315733,Santa Cruz de Minas - MG,MG,Minas Gerais,1000,500.0,0,0,0,0,0,0,0,0,0,0,0,0,0,0,0,0,0,0.0,0.0,0.0,0,,500.0,Deserto absoluto,False
3157377,315737,Santa Cruz de Salinas - MG,MG,Minas Gerais,420,210.0,0,0,0,0,0,0,0,0,0,0,0,0,0,0,0,0,0,0.0,0.0,0.0,0,,210.0,Deserto absoluto,False
3157401,315740,Santa Cruz do Escalvado - MG,MG,Minas Gerais,612,306.0,0,0,0,0,0,0,0,0,0,0,0,0,0,0,0,0,0,0.0,0.0,0.0,0,,306.0,Deserto absoluto,False
3157500,315750,Santa Efigênia de Minas - MG,MG,Minas Gerais,475,237.5,0,0,0,0,0,0,0,0,0,0,0,0,0,0,0,0,0,0.0,0.0,0.0,0,,237.5,Deserto absoluto,False
3157609,315760,Santa Fé de Minas - MG,MG,Minas Gerais,364,182.0,0,0,0,0,0,0,0,0,0,0,0,0,0,0,0,0,0,0.0,0.0,0.0,0,,182.0,Deserto absoluto,False
3157658,315765,Santa Helena de Minas - MG,MG,Minas Gerais,555,277.5,0,0,0,0,0,0,0,0,0,0,0,0,0,0,0,0,0,0.0,0.0,0.0,0,,277.5,Deserto absoluto,False
3157708,315770,Santa Juliana - MG,MG,Minas Gerais,1299,649.5,0,0,0,0,0,0,0,0,0,0,0,0,0,0,0,0,0,0.0,0.0,0.0,0,,649.5,Deserto absoluto,False
3157807,315780,Santa Luzia - MG,MG,Minas Gerais,24125,12062.5,1,1,1567,2515,2693,3494,3756,2783,148,267,145,143,101,105,6539,206,6745,3372.5,0.271,0.2796,5069,0.3347,8690.0,Deserto funcional,False
3157906,315790,Santa Margarida - MG,MG,Minas Gerais,1578,789.0,0,0,0,0,0,0,0,0,0,0,0,0,0,0,0,0,0,0.0,0.0,0.0,0,,789.0,Deserto absoluto,False
3158003,315800,Santa Maria de Itabira - MG,MG,Minas Gerais,1128,564.0,0,0,0,0,0,0,0,0,0,0,0,0,0,0,0,0,0,0.0,0.0,0.0,0,,564.0,Deserto absoluto,False
3158102,315810,Santa Maria do Salto - MG,MG,Minas Gerais,568,284.0,0,0,0,0,0,0,0,0,0,0,0,0,0,0,0,0,0,0.0,0.0,0.0,0,,284.0,Deserto absoluto,False
3158201,315820,Santa Maria do Suaçuí - MG,MG,Minas Gerais,1409,704.5,0,0,691,687,261,0,0,0,59,83,4,0,0,0,0,0,0,0.0,0.0,0.0,0,,704.5,Deserto absoluto,False
3158300,315830,Santana da Vargem - MG,MG,Minas Gerais,843,421.5,0,0,0,0,0,0,0,0,0,0,0,0,0,0,0,0,0,0.0,0.0,0.0,0,,421.5,Deserto absoluto,False
3158409,315840,Santana de Cataguases - MG,MG,Minas Gerais,479,239.5,0,0,0,0,0,0,0,0,0,0,0,0,0,0,0,0,0,0.0,0.0,0.0,0,,239.5,Deserto absoluto,False
3158508,315850,Santana de Pirapama - MG,MG,Minas Gerais,912,456.0,0,0,0,0,0,0,0,0,0,0,0,0,0,0,0,0,0,0.0,0.0,0.0,0,,456.0,Deserto absoluto,False
3158607,315860,Santana do Deserto - MG,MG,Minas Gerais,476,238.0,0,0,0,0,0,0,0,0,0,0,0,0,0,0,0,0,0,0.0,0.0,0.0,0,,238.0,Deserto absoluto,False
3158706,315870,Santana do Garambéu - MG,MG,Minas Gerais,250,125.0,0,0,0,0,0,0,0,0,0,0,0,0,0,0,0,0,0,0.0,0.0,0.0,0,,125.0,Deserto absoluto,False
3158805,315880,Santana do Jacaré - MG,MG,Minas Gerais,547,273.5,0,0,0,0,0,0,0,0,0,0,0,0,0,0,0,0,0,0.0,0.0,0.0,0,,273.5,Deserto absoluto,False
3158904,315890,Santana do Manhuaçu - MG,MG,Minas Gerais,922,461.0,0,0,0,0,0,0,0,0,0,0,0,0,0,0,0,0,0,0.0,0.0,0.0,0,,461.0,Deserto absoluto,False
3158953,315895,Santana do Paraíso - MG,MG,Minas Gerais,3969,1984.5,0,0,0,0,0,0,0,0,0,0,0,0,0,0,0,0,0,0.0,0.0,0.0,0,,1984.5,Deserto absoluto,False
3159001,315900,Santana do Riacho - MG,MG,Minas Gerais,602,301.0,0,0,0,0,0,0,0,0,0,0,0,0,0,0,0,0,0,0.0,0.0,0.0,0,,301.0,Deserto absoluto,False
3159100,315910,Santana dos Montes - MG,MG,Minas Gerais,475,237.5,0,0,0,0,0,0,0,0,0,0,0,0,0,0,0,0,0,0.0,0.0,0.0,0,,237.5,Deserto absoluto,False
3159209,315920,Santa Rita de Caldas - MG,MG,Minas Gerais,1133,566.5,1,1,0,0,0,0,0,0,0,0,0,0,0,0,0,0,0,0.0,0.0,0.0,5069,1.0,566.5,Deserto funcional,True
3159308,315930,Santa Rita de Jacutinga - MG,MG,Minas Gerais,638,319.0,0,0,0,0,0,0,0,0,0,0,0,0,0,0,0,0,0,0.0,0.0,0.0,0,,319.0,Deserto absoluto,False
3159357,315935,Santa Rita de Minas - MG,MG,Minas Gerais,725,362.5,0,0,0,0,0,0,0,0,0,0,0,0,0,0,0,0,0,0.0,0.0,0.0,0,,362.5,Deserto absoluto,False
3159407,315940,Santa Rita de Ibitipoca - MG,MG,Minas Gerais,425,212.5,0,0,0,0,0,0,0,0,0,0,0,0,0,0,0,0,0,0.0,0.0,0.0,0,,212.5,Deserto absoluto,False
3159506,315950,Santa Rita do Itueto - MG,MG,Minas Gerais,653,326.5,0,0,0,0,0,0,0,0,0,0,0,0,0,0,0,0,0,0.0,0.0,0.0,0,,326.5,Deserto absoluto,False
3159605,315960,Santa Rita do Sapucaí - MG,MG,Minas Gerais,4731,2365.5,5,4,0,0,0,0,0,0,0,0,0,0,0,0,0,0,0,0.0,0.0,0.0,20276,1.0,2365.5,Deserto funcional,True
3159704,315970,Santa Rosa da Serra - MG,MG,Minas Gerais,392,196.0,0,0,0,0,0,0,0,0,0,0,0,0,0,0,0,0,0,0.0,0.0,0.0,0,,196.0,Deserto absoluto,False
3159803,315980,Santa Vitória - MG,MG,Minas Gerais,2535,1267.5,1,1,0,67,112,11,19,0,0,1,3,0,0,0,19,0,19,9.5,0.0075,0.0075,5069,0.9981,1258.0,Deserto funcional,True
3159902,315990,Santo Antônio do Amparo - MG,MG,Minas Gerais,2016,1008.0,0,0,0,0,0,0,0,0,0,0,0,0,0,0,0,0,0,0.0,0.0,0.0,0,,1008.0,Deserto absoluto,False
3160009,316000,Santo Antônio do Aventureiro - MG,MG,Minas Gerais,507,253.5,0,0,0,0,0,0,0,0,0,0,0,0,0,0,0,0,0,0.0,0.0,0.0,0,,253.5,Deserto absoluto,False
3160108,316010,Santo Antônio do Grama - MG,MG,Minas Gerais,498,249.0,0,0,0,0,0,0,0,0,0,0,0,0,0,0,0,0,0,0.0,0.0,0.0,0,,249.0,Deserto absoluto,False
3160207,316020,Santo Antônio do Itambé - MG,MG,Minas Gerais,416,208.0,0,0,0,0,0,0,0,0,0,0,0,0,0,0,0,0,0,0.0,0.0,0.0,0,,208.0,Deserto absoluto,False
3160306,316030,Santo Antônio do Jacinto - MG,MG,Minas Gerais,1136,568.0,0,0,0,0,0,0,0,0,0,0,0,0,0,0,0,0,0,0.0,0.0,0.0,0,,568.0,Deserto absoluto,False
3160405,316040,Santo Antônio do Monte - MG,MG,Minas Gerais,3125,1562.5,2,2,2777,2610,4806,4345,4054,4811,934,777,947,998,685,1259,8865,1944,10809,5404.5,2.8368,3.4589,10138,0.4669,-3842.0,Adequado,False
3160454,316045,Santo Antônio do Retiro - MG,MG,Minas Gerais,667,333.5,0,0,0,0,0,0,0,0,0,0,0,0,0,0,0,0,0,0.0,0.0,0.0,0,,333.5,Deserto absoluto,False
3160504,316050,Santo Antônio do Rio Abaixo - MG,MG,Minas Gerais,235,117.5,0,0,0,0,0,0,0,0,0,0,0,0,0,0,0,0,0,0.0,0.0,0.0,0,,117.5,Deserto absoluto,False
3160603,316060,Santo Hipólito - MG,MG,Minas Gerais,404,202.0,0,0,0,0,0,0,0,0,0,0,0,0,0,0,0,0,0,0.0,0.0,0.0,0,,202.0,Deserto absoluto,False
3160702,316070,Santos Dumont - MG,MG,Minas Gerais,5926,2963.0,0,0,0,0,0,0,0,0,0,0,0,0,0,0,0,0,0,0.0,0.0,0.0,0,,2963.0,Deserto absoluto,False
3160801,316080,São Bento Abade - MG,MG,Minas Gerais,462,231.0,0,0,0,0,0,0,0,0,0,0,0,0,0,0,0,0,0,0.0,0.0,0.0,0,,231.0,Deserto absoluto,False
3160900,316090,São Brás do Suaçuí - MG,MG,Minas Gerais,505,252.5,0,0,0,0,0,0,0,0,0,0,0,0,0,0,0,0,0,0.0,0.0,0.0,0,,252.5,Deserto absoluto,False
3160959,316095,São Domingos das Dores - MG,MG,Minas Gerais,584,292.0,0,0,0,0,0,0,0,0,0,0,0,0,0,0,0,0,0,0.0,0.0,0.0,0,,292.0,Deserto absoluto,False
3161007,316100,São Domingos do Prata - MG,MG,Minas Gerais,2414,1207.0,0,0,0,0,0,0,0,0,0,0,0,0,0,0,0,0,0,0.0,0.0,0.0,0,,1207.0,Deserto absoluto,False
3161056,316105,São Félix de Minas - MG,MG,Minas Gerais,396,198.0,0,0,0,0,0,0,0,0,0,0,0,0,0,0,0,0,0,0.0,0.0,0.0,0,,198.0,Deserto absoluto,False
3161106,316110,São Francisco - MG,MG,Minas Gerais,4871,2435.5,1,1,0,0,0,0,0,0,0,0,0,0,0,0,0,0,0,0.0,0.0,0.0,5069,1.0,2435.5,Deserto funcional,True
3161205,316120,São Francisco de Paula - MG,MG,Minas Gerais,768,384.0,0,0,0,0,0,0,0,0,0,0,0,0,0,0,0,0,0,0.0,0.0,0.0,0,,384.0,Deserto absoluto,False
3161304,316130,São Francisco de Sales - MG,MG,Minas Gerais,706,353.0,0,0,0,0,0,0,0,0,0,0,0,0,0,0,0,0,0,0.0,0.0,0.0,0,,353.0,Deserto absoluto,False
3161403,316140,São Francisco do Glória - MG,MG,Minas Gerais,608,304.0,0,0,0,0,0,0,0,0,0,0,0,0,0,0,0,0,0,0.0,0.0,0.0,0,,304.0,Deserto absoluto,False
3161502,316150,São Geraldo - MG,MG,Minas Gerais,1197,598.5,0,0,0,0,0,0,0,0,0,0,0,0,0,0,0,0,0,0.0,0.0,0.0,0,,598.5,Deserto absoluto,False
3161601,316160,São Geraldo da Piedade - MG,MG,Minas Gerais,456,228.0,0,0,0,0,0,0,0,0,0,0,0,0,0,0,0,0,0,0.0,0.0,0.0,0,,228.0,Deserto absoluto,False
3161650,316165,São Geraldo do Baixio - MG,MG,Minas Gerais,446,223.0,0,0,0,0,0,0,0,0,0,0,0,0,0,0,0,0,0,0.0,0.0,0.0,0,,223.0,Deserto absoluto,False
3161700,316170,São Gonçalo do Abaeté - MG,MG,Minas Gerais,762,381.0,0,0,0,0,0,0,0,0,0,0,0,0,0,0,0,0,0,0.0,0.0,0.0,0,,381.0,Deserto absoluto,False
3161809,316180,São Gonçalo do Pará - MG,MG,Minas Gerais,1378,689.0,0,0,0,0,0,0,0,0,0,0,0,0,0,0,0,0,0,0.0,0.0,0.0,0,,689.0,Deserto absoluto,False
3161908,316190,São Gonçalo do Rio Abaixo - MG,MG,Minas Gerais,1221,610.5,0,0,0,0,0,0,0,0,0,0,0,0,0,0,0,0,0,0.0,0.0,0.0,0,,610.5,Deserto absoluto,False
3162005,316200,São Gonçalo do Sapucaí - MG,MG,Minas Gerais,2827,1413.5,0,0,0,0,0,0,0,0,0,0,0,0,0,0,0,0,0,0.0,0.0,0.0,0,,1413.5,Deserto absoluto,False
3162104,316210,São Gotardo - MG,MG,Minas Gerais,3567,1783.5,3,3,416,665,734,907,330,527,34,44,15,20,15,2,857,17,874,437.0,0.2403,0.245,15207,0.9713,1346.5,Deserto funcional,True
3162203,316220,São João Batista do Glória - MG,MG,Minas Gerais,903,451.5,0,0,0,0,0,0,0,0,0,0,0,0,0,0,0,0,0,0.0,0.0,0.0,0,,451.5,Deserto absoluto,False
3162252,316225,São João da Lagoa - MG,MG,Minas Gerais,553,276.5,0,0,0,0,0,0,0,0,0,0,0,0,0,0,0,0,0,0.0,0.0,0.0,0,,276.5,Deserto absoluto,False
3162302,316230,São João da Mata - MG,MG,Minas Gerais,389,194.5,0,0,0,0,0,0,0,0,0,0,0,0,0,0,0,0,0,0.0,0.0,0.0,0,,194.5,Deserto absoluto,False
3162401,316240,São João da Ponte - MG,MG,Minas Gerais,2486,1243.0,0,0,0,0,0,0,0,0,0,0,0,0,0,0,0,0,0,0.0,0.0,0.0,0,,1243.0,Deserto absoluto,False
3162450,316245,São João das Missões - MG,MG,Minas Gerais,791,395.5,0,0,0,0,0,0,0,0,0,0,0,0,0,0,0,0,0,0.0,0.0,0.0,0,,395.5,Deserto absoluto,False
3162500,316250,São João del Rei - MG,MG,Minas Gerais,12348,6174.0,8,7,914,454,66,1533,592,587,87,101,37,163,72,14,1179,86,1265,632.5,0.0955,0.1024,35483,0.9822,5541.5,Deserto funcional,True
3162559,316255,São João do Manhuaçu - MG,MG,Minas Gerais,1022,511.0,0,0,0,0,0,0,0,0,0,0,0,0,0,0,0,0,0,0.0,0.0,0.0,0,,511.0,Deserto absoluto,False
3162575,316257,São João do Manteninha - MG,MG,Minas Gerais,652,326.0,0,0,0,0,0,0,0,0,0,0,0,0,0,0,0,0,0,0.0,0.0,0.0,0,,326.0,Deserto absoluto,False
3162609,316260,São João do Oriente - MG,MG,Minas Gerais,976,488.0,0,0,0,0,0,0,0,0,0,0,0,0,0,0,0,0,0,0.0,0.0,0.0,0,,488.0,Deserto absoluto,False
3162658,316265,São João do Pacuí - MG,MG,Minas Gerais,407,203.5,0,0,0,0,0,0,0,0,0,0,0,0,0,0,0,0,0,0.0,0.0,0.0,0,,203.5,Deserto absoluto,False
3162708,316270,São João do Paraíso - MG,MG,Minas Gerais,2380,1190.0,0,0,0,0,0,0,0,0,0,0,0,0,0,0,0,0,0,0.0,0.0,0.0,0,,1190.0,Deserto absoluto,False
3162807,316280,São João Evangelista - MG,MG,Minas Gerais,1760,880.0,2,2,0,0,0,0,0,0,0,0,0,0,0,0,0,0,0,0.0,0.0,0.0,10138,1.0,880.0,Deserto funcional,True
3162906,316290,São João Nepomuceno - MG,MG,Minas Gerais,3441,1720.5,1,1,458,1006,1029,1363,1119,1292,13,17,6,14,14,37,2411,51,2462,1231.0,0.7007,0.7155,5069,0.7572,489.5,Adequado,True
3162922,316292,São Joaquim de Bicas - MG,MG,Minas Gerais,3047,1523.5,0,0,0,0,2338,19,0,0,0,0,314,0,0,0,0,0,0,0.0,0.0,0.0,0,,1523.5,Deserto absoluto,False
3162948,316294,São José da Barra - MG,MG,Minas Gerais,916,458.0,0,0,0,0,0,0,0,0,0,0,0,0,0,0,0,0,0,0.0,0.0,0.0,0,,458.0,Deserto absoluto,False
3162955,316295,São José da Lapa - MG,MG,Minas Gerais,2797,1398.5,0,0,0,0,0,0,0,0,0,0,0,0,0,0,0,0,0,0.0,0.0,0.0,0,,1398.5,Deserto absoluto,False
3163003,316300,São José da Safira - MG,MG,Minas Gerais,346,173.0,0,0,0,0,0,0,0,0,0,0,0,0,0,0,0,0,0,0.0,0.0,0.0,0,,173.0,Deserto absoluto,False
3163102,316310,São José da Varginha - MG,MG,Minas Gerais,481,240.5,0,0,0,0,0,0,0,0,0,0,0,0,0,0,0,0,0,0.0,0.0,0.0,0,,240.5,Deserto absoluto,False
3163201,316320,São José do Alegre - MG,MG,Minas Gerais,543,271.5,0,0,0,0,0,0,0,0,0,0,0,0,0,0,0,0,0,0.0,0.0,0.0,0,,271.5,Deserto absoluto,False
3163300,316330,São José do Divino - MG,MG,Minas Gerais,438,219.0,0,0,0,0,0,0,0,0,0,0,0,0,0,0,0,0,0,0.0,0.0,0.0,0,,219.0,Deserto absoluto,False
3163409,316340,São José do Goiabal - MG,MG,Minas Gerais,759,379.5,0,0,0,0,0,0,0,0,0,0,0,0,0,0,0,0,0,0.0,0.0,0.0,0,,379.5,Deserto absoluto,False
3163508,316350,São José do Jacuri - MG,MG,Minas Gerais,680,340.0,0,0,0,0,0,0,0,0,0,0,0,0,0,0,0,0,0,0.0,0.0,0.0,0,,340.0,Deserto absoluto,False
3163607,316360,São José do Mantimento - MG,MG,Minas Gerais,303,151.5,0,0,0,0,0,0,0,0,0,0,0,0,0,0,0,0,0,0.0,0.0,0.0,0,,151.5,Deserto absoluto,False
3163706,316370,São Lourenço - MG,MG,Minas Gerais,5943,2971.5,4,3,290,2791,3743,4777,2371,3870,50,589,859,1251,710,1047,6241,1757,7998,3999.0,1.0501,1.3458,15207,0.737,-1027.5,Adequado,False
3163805,316380,São Miguel do Anta - MG,MG,Minas Gerais,810,405.0,0,0,0,0,0,0,0,0,0,0,0,0,0,0,0,0,0,0.0,0.0,0.0,0,,405.0,Deserto absoluto,False
3163904,316390,São Pedro da União - MG,MG,Minas Gerais,606,303.0,0,0,0,0,0,0,0,0,0,0,0,0,0,0,0,0,0,0.0,0.0,0.0,0,,303.0,Deserto absoluto,False
3164001,316400,São Pedro dos Ferros - MG,MG,Minas Gerais,950,475.0,0,0,0,0,0,0,0,0,0,0,0,0,0,0,0,0,0,0.0,0.0,0.0,0,,475.0,Deserto absoluto,False
3164100,316410,São Pedro do Suaçuí - MG,MG,Minas Gerais,608,304.0,0,0,0,0,0,0,0,0,0,0,0,0,0,0,0,0,0,0.0,0.0,0.0,0,,304.0,Deserto absoluto,False
3164209,316420,São Romão - MG,MG,Minas Gerais,903,451.5,0,0,0,0,0,0,0,0,0,0,0,0,0,0,0,0,0,0.0,0.0,0.0,0,,451.5,Deserto absoluto,False
3164308,316430,São Roque de Minas - MG,MG,Minas Gerais,843,421.5,0,0,0,0,0,0,0,0,0,0,0,0,0,0,0,0,0,0.0,0.0,0.0,0,,421.5,Deserto absoluto,False
3164407,316440,São Sebastião da Bela Vista - MG,MG,Minas Gerais,686,343.0,0,0,0,0,0,0,0,0,0,0,0,0,0,0,0,0,0,0.0,0.0,0.0,0,,343.0,Deserto absoluto,False
3164431,316443,São Sebastião da Vargem Alegre - MG,MG,Minas Gerais,366,183.0,0,0,0,0,0,0,0,0,0,0,0,0,0,0,0,0,0,0.0,0.0,0.0,0,,183.0,Deserto absoluto,False
3164472,316447,São Sebastião do Anta - MG,MG,Minas Gerais,628,314.0,0,0,0,0,0,0,0,0,0,0,0,0,0,0,0,0,0,0.0,0.0,0.0,0,,314.0,Deserto absoluto,False
3164506,316450,São Sebastião do Maranhão - MG,MG,Minas Gerais,1055,527.5,0,0,0,0,0,0,0,0,0,0,0,0,0,0,0,0,0,0.0,0.0,0.0,0,,527.5,Deserto absoluto,False
3164605,316460,São Sebastião do Oeste - MG,MG,Minas Gerais,783,391.5,0,0,0,0,0,0,0,0,0,0,0,0,0,0,0,0,0,0.0,0.0,0.0,0,,391.5,Deserto absoluto,False
3164704,316470,São Sebastião do Paraíso - MG,MG,Minas Gerais,8517,4258.5,5,5,2445,3724,4798,4670,5044,5480,208,270,318,427,243,140,10524,383,10907,5453.5,1.2356,1.2806,25345,0.7848,-1195.0,Adequado,False
3164803,316480,São Sebastião do Rio Preto - MG,MG,Minas Gerais,176,88.0,0,0,0,0,0,0,0,0,0,0,0,0,0,0,0,0,0,0.0,0.0,0.0,0,,88.0,Deserto absoluto,False
3164902,316490,São Sebastião do Rio Verde - MG,MG,Minas Gerais,320,160.0,0,0,0,0,0,0,0,0,0,0,0,0,0,0,0,0,0,0.0,0.0,0.0,0,,160.0,Deserto absoluto,False
3165008,316500,São Tiago - MG,MG,Minas Gerais,1317,658.5,0,0,0,0,0,0,0,0,0,0,0,0,0,0,0,0,0,0.0,0.0,0.0,0,,658.5,Deserto absoluto,False
3165107,316510,São Tomás de Aquino - MG,MG,Minas Gerais,719,359.5,0,0,0,0,0,0,0,0,0,0,0,0,0,0,0,0,0,0.0,0.0,0.0,0,,359.5,Deserto absoluto,False
3165206,316520,São Tomé das Letras - MG,MG,Minas Gerais,837,418.5,0,0,0,0,0,0,0,0,0,0,0,0,0,0,0,0,0,0.0,0.0,0.0,0,,418.5,Deserto absoluto,False
3165305,316530,São Vicente de Minas - MG,MG,Minas Gerais,852,426.0,0,0,0,0,0,0,0,0,0,0,0,0,0,0,0,0,0,0.0,0.0,0.0,0,,426.0,Deserto absoluto,False
3165404,316540,Sapucaí-Mirim - MG,MG,Minas Gerais,711,355.5,0,0,0,0,0,0,0,0,0,0,0,0,0,0,0,0,0,0.0,0.0,0.0,0,,355.5,Deserto absoluto,False
3165503,316550,Sardoá - MG,MG,Minas Gerais,595,297.5,0,0,0,0,0,0,0,0,0,0,0,0,0,0,0,0,0,0.0,0.0,0.0,0,,297.5,Deserto absoluto,False
3165537,316553,Sarzedo - MG,MG,Minas Gerais,3493,1746.5,1,1,0,0,0,0,250,1424,0,0,0,0,10,109,1674,119,1793,896.5,0.4792,0.5133,5069,0.8231,850.0,Intermediario,True
3165552,316555,Setubinha - MG,MG,Minas Gerais,862,431.0,0,0,0,0,0,0,0,0,0,0,0,0,0,0,0,0,0,0.0,0.0,0.0,0,,431.0,Deserto absoluto,False
3165560,316556,Sem-Peixe - MG,MG,Minas Gerais,362,181.0,0,0,0,0,0,0,0,0,0,0,0,0,0,0,0,0,0,0.0,0.0,0.0,0,,181.0,Deserto absoluto,False
3165578,316557,Senador Amaral - MG,MG,Minas Gerais,575,287.5,0,0,0,0,0,0,0,0,0,0,0,0,0,0,0,0,0,0.0,0.0,0.0,0,,287.5,Deserto absoluto,False
3165602,316560,Senador Cortes - MG,MG,Minas Gerais,262,131.0,0,0,0,0,0,0,0,0,0,0,0,0,0,0,0,0,0,0.0,0.0,0.0,0,,131.0,Deserto absoluto,False
3165701,316570,Senador Firmino - MG,MG,Minas Gerais,970,485.0,0,0,0,0,0,0,0,0,0,0,0,0,0,0,0,0,0,0.0,0.0,0.0,0,,485.0,Deserto absoluto,False
3165800,316580,Senador José Bento - MG,MG,Minas Gerais,303,151.5,0,0,0,0,0,0,0,0,0,0,0,0,0,0,0,0,0,0.0,0.0,0.0,0,,151.5,Deserto absoluto,False
3165909,316590,Senador Modestino Gonçalves - MG,MG,Minas Gerais,482,241.0,0,0,0,0,0,0,0,0,0,0,0,0,0,0,0,0,0,0.0,0.0,0.0,0,,241.0,Deserto absoluto,False
3166006,316600,Senhora de Oliveira - MG,MG,Minas Gerais,703,351.5,0,0,0,0,0,0,0,0,0,0,0,0,0,0,0,0,0,0.0,0.0,0.0,0,,351.5,Deserto absoluto,False
3166105,316610,Senhora do Porto - MG,MG,Minas Gerais,325,162.5,0,0,0,0,0,0,0,0,0,0,0,0,0,0,0,0,0,0.0,0.0,0.0,0,,162.5,Deserto absoluto,False
3166204,316620,Senhora dos Remédios - MG,MG,Minas Gerais,1319,659.5,0,0,0,0,0,0,0,0,0,0,0,0,0,0,0,0,0,0.0,0.0,0.0,0,,659.5,Deserto absoluto,False
3166303,316630,Sericita - MG,MG,Minas Gerais,735,367.5,0,0,0,0,0,0,0,0,0,0,0,0,0,0,0,0,0,0.0,0.0,0.0,0,,367.5,Deserto absoluto,False
3166402,316640,Seritinga - MG,MG,Minas Gerais,254,127.0,0,0,0,0,0,0,0,0,0,0,0,0,0,0,0,0,0,0.0,0.0,0.0,0,,127.0,Deserto absoluto,False
3166501,316650,Serra Azul de Minas - MG,MG,Minas Gerais,400,200.0,0,0,0,0,0,0,0,0,0,0,0,0,0,0,0,0,0,0.0,0.0,0.0,0,,200.0,Deserto absoluto,False
3166600,316660,Serra da Saudade - MG,MG,Minas Gerais,118,59.0,0,0,0,0,0,0,0,0,0,0,0,0,0,0,0,0,0,0.0,0.0,0.0,0,,59.0,Deserto absoluto,False
3166709,316670,Serra dos Aimorés - MG,MG,Minas Gerais,790,395.0,0,0,0,0,0,0,0,0,0,0,0,0,0,0,0,0,0,0.0,0.0,0.0,0,,395.0,Deserto absoluto,False
3166808,316680,Serra do Salitre - MG,MG,Minas Gerais,1085,542.5,0,0,0,0,0,0,0,0,0,0,0,0,0,0,0,0,0,0.0,0.0,0.0,0,,542.5,Deserto absoluto,False
3166907,316690,Serrania - MG,MG,Minas Gerais,907,453.5,0,0,0,0,0,0,0,0,0,0,0,0,0,0,0,0,0,0.0,0.0,0.0,0,,453.5,Deserto absoluto,False
3166956,316695,Serranópolis de Minas - MG,MG,Minas Gerais,501,250.5,0,0,0,0,0,0,0,0,0,0,0,0,0,0,0,0,0,0.0,0.0,0.0,0,,250.5,Deserto absoluto,False
3167004,316700,Serranos - MG,MG,Minas Gerais,247,123.5,0,0,0,0,0,0,0,0,0,0,0,0,0,0,0,0,0,0.0,0.0,0.0,0,,123.5,Deserto absoluto,False
3167103,316710,Serro - MG,MG,Minas Gerais,2241,1120.5,0,0,0,0,0,0,0,0,0,0,0,0,0,0,0,0,0,0.0,0.0,0.0,0,,1120.5,Deserto absoluto,False
3167202,316720,Sete Lagoas - MG,MG,Minas Gerais,27922,13961.0,11,10,4543,6008,6233,4774,8668,9193,967,1124,1154,1144,1904,2353,17861,4257,22118,11059.0,0.6397,0.7921,50690,0.7818,2902.0,Adequado,True
3167301,316730,Silveirânia - MG,MG,Minas Gerais,285,142.5,0,0,0,0,0,0,0,0,0,0,0,0,0,0,0,0,0,0.0,0.0,0.0,0,,142.5,Deserto absoluto,False
3167400,316740,Silvianópolis - MG,MG,Minas Gerais,782,391.0,0,0,0,0,0,0,0,0,0,0,0,0,0,0,0,0,0,0.0,0.0,0.0,0,,391.0,Deserto absoluto,False
3167509,316750,Simão Pereira - MG,MG,Minas Gerais,396,198.0,0,0,0,0,0,0,0,0,0,0,0,0,0,0,0,0,0,0.0,0.0,0.0,0,,198.0,Deserto absoluto,False
3167608,316760,Simonésia - MG,MG,Minas Gerais,1857,928.5,0,0,0,0,0,0,0,0,0,0,0,0,0,0,0,0,0,0.0,0.0,0.0,0,,928.5,Deserto absoluto,False
3167707,316770,Sobrália - MG,MG,Minas Gerais,678,339.0,0,0,0,0,0,0,0,0,0,0,0,0,0,0,0,0,0,0.0,0.0,0.0,0,,339.0,Deserto absoluto,False
3167806,316780,Soledade de Minas - MG,MG,Minas Gerais,727,363.5,0,0,0,0,0,0,0,0,0,0,0,0,0,0,0,0,0,0.0,0.0,0.0,0,,363.5,Deserto absoluto,False
3167905,316790,Tabuleiro - MG,MG,Minas Gerais,546,273.0,0,0,0,0,0,0,0,0,0,0,0,0,0,0,0,0,0,0.0,0.0,0.0,0,,273.0,Deserto absoluto,False
3168002,316800,Taiobeiras - MG,MG,Minas Gerais,3405,1702.5,2,2,870,2108,2172,918,210,1137,366,378,426,193,63,279,1347,342,1689,844.5,0.3956,0.496,10138,0.9167,858.0,Intermediario,True
3168051,316805,Taparuba - MG,MG,Minas Gerais,433,216.5,0,0,0,0,0,0,0,0,0,0,0,0,0,0,0,0,0,0.0,0.0,0.0,0,,216.5,Deserto absoluto,False
3168101,316810,Tapira - MG,MG,Minas Gerais,469,234.5,0,0,0,0,0,0,0,0,0,0,0,0,0,0,0,0,0,0.0,0.0,0.0,0,,234.5,Deserto absoluto,False
3168200,316820,Tapiraí - MG,MG,Minas Gerais,226,113.0,0,0,0,0,0,0,0,0,0,0,0,0,0,0,0,0,0,0.0,0.0,0.0,0,,113.0,Deserto absoluto,False
3168309,316830,Taquaraçu de Minas - MG,MG,Minas Gerais,545,272.5,0,0,0,0,0,0,0,0,0,0,0,0,0,0,0,0,0,0.0,0.0,0.0,0,,272.5,Deserto absoluto,False
3168408,316840,Tarumirim - MG,MG,Minas Gerais,1804,902.0,1,0,0,0,0,0,0,0,0,0,0,0,0,0,0,0,0,0.0,0.0,0.0,0,,902.0,Deserto funcional,False
3168507,316850,Teixeiras - MG,MG,Minas Gerais,1670,835.0,0,0,0,0,0,0,0,0,0,0,0,0,0,0,0,0,0,0.0,0.0,0.0,0,,835.0,Deserto absoluto,False
3168606,316860,Teófilo Otoni - MG,MG,Minas Gerais,15670,7835.0,10,8,2962,4618,7933,4779,4414,5289,439,596,696,801,881,763,9703,1644,11347,5673.5,0.6192,0.7241,40552,0.8601,2161.5,Adequado,True
3168705,316870,Timóteo - MG,MG,Minas Gerais,10921,5460.5,4,4,0,0,0,0,0,0,0,0,0,0,0,0,0,0,0,0.0,0.0,0.0,20276,1.0,5460.5,Deserto funcional,True
3168804,316880,Tiradentes - MG,MG,Minas Gerais,1050,525.0,0,0,0,0,0,0,0,0,0,0,0,0,0,0,0,0,0,0.0,0.0,0.0,0,,525.0,Deserto absoluto,False
3168903,316890,Tiros - MG,MG,Minas Gerais,943,471.5,0,0,0,0,0,0,0,0,0,0,0,0,0,0,0,0,0,0.0,0.0,0.0,0,,471.5,Deserto absoluto,False
3169000,316900,Tocantins - MG,MG,Minas Gerais,1977,988.5,0,0,0,0,0,0,0,0,0,0,0,0,0,0,0,0,0,0.0,0.0,0.0,0,,988.5,Deserto absoluto,False
3169059,316905,Tocos do Moji - MG,MG,Minas Gerais,551,275.5,0,0,0,0,0,0,0,0,0,0,0,0,0,0,0,0,0,0.0,0.0,0.0,0,,275.5,Deserto absoluto,False
3169109,316910,Toledo - MG,MG,Minas Gerais,837,418.5,0,0,0,0,0,0,0,0,0,0,0,0,0,0,0,0,0,0.0,0.0,0.0,0,,418.5,Deserto absoluto,False
3169208,316920,Tombos - MG,MG,Minas Gerais,1136,568.0,0,0,0,0,0,0,0,0,0,0,0,0,0,0,0,0,0,0.0,0.0,0.0,0,,568.0,Deserto absoluto,False
3169307,316930,Três Corações - MG,MG,Minas Gerais,8735,4367.5,1,1,0,0,0,0,0,0,0,0,0,0,0,0,0,0,0,0.0,0.0,0.0,5069,1.0,4367.5,Deserto funcional,True
3169356,316935,Três Marias - MG,MG,Minas Gerais,3520,1760.0,1,1,629,677,636,879,454,0,7,7,0,7,4,0,454,4,458,229.0,0.129,0.1301,5069,0.9548,1531.0,Deserto funcional,True
3169406,316940,Três Pontas - MG,MG,Minas Gerais,6698,3349.0,3,3,929,1547,1800,1902,1755,1791,235,314,172,110,58,72,3546,130,3676,1838.0,0.5294,0.5488,15207,0.8791,1511.0,Intermediario,True
3169505,316950,Tumiritinga - MG,MG,Minas Gerais,682,341.0,0,0,0,0,0,0,0,0,0,0,0,0,0,0,0,0,0,0.0,0.0,0.0,0,,341.0,Deserto absoluto,False
3169604,316960,Tupaciguara - MG,MG,Minas Gerais,3141,1570.5,0,0,0,0,0,0,0,0,0,0,0,0,0,0,0,0,0,0.0,0.0,0.0,0,,1570.5,Deserto absoluto,False
3169703,316970,Turmalina - MG,MG,Minas Gerais,1860,930.0,1,1,0,0,0,0,0,0,0,0,0,0,0,0,0,0,0,0.0,0.0,0.0,5069,1.0,930.0,Deserto funcional,True
3169802,316980,Turvolândia - MG,MG,Minas Gerais,539,269.5,0,0,0,0,0,0,0,0,0,0,0,0,0,0,0,0,0,0.0,0.0,0.0,0,,269.5,Deserto absoluto,False
3169901,316990,Ubá - MG,MG,Minas Gerais,12039,6019.5,9,9,2702,3857,3870,3794,3130,4135,64,105,107,74,82,123,7265,205,7470,3735.0,0.6035,0.6205,45621,0.9181,2284.5,Intermediario,True
3170008,317000,Ubaí - MG,MG,Minas Gerais,1041,520.5,0,0,0,0,0,0,0,0,0,0,0,0,0,0,0,0,0,0.0,0.0,0.0,0,,520.5,Deserto absoluto,False
3170057,317005,Ubaporanga - MG,MG,Minas Gerais,1493,746.5,0,0,0,0,0,0,0,0,0,0,0,0,0,0,0,0,0,0.0,0.0,0.0,0,,746.5,Deserto absoluto,False
3170107,317010,Uberaba - MG,MG,Minas Gerais,39726,19863.0,16,15,5280,3559,8054,7405,9735,7357,1015,284,574,965,1171,891,17092,2062,19154,9577.0,0.4302,0.4822,76035,0.874,10286.0,Intermediario,True
3170206,317020,Uberlândia - MG,MG,Minas Gerais,79917,39958.5,35,32,17642,26595,30502,27492,34097,21595,626,754,715,635,494,490,55692,984,56676,28338.0,0.6969,0.7092,162208,0.8253,11620.5,Adequado,True
3170305,317030,Umburatiba - MG,MG,Minas Gerais,285,142.5,0,0,0,0,0,0,0,0,0,0,0,0,0,0,0,0,0,0.0,0.0,0.0,0,,142.5,Deserto absoluto,False
3170404,317040,Unaí - MG,MG,Minas Gerais,9073,4536.5,4,4,402,593,194,0,0,671,7,7,2,0,0,32,671,32,703,351.5,0.074,0.0775,20276,0.9827,4185.0,Deserto funcional,True
3170438,317043,União de Minas - MG,MG,Minas Gerais,461,230.5,0,0,0,0,0,0,0,0,0,0,0,0,0,0,0,0,0,0.0,0.0,0.0,0,,230.5,Deserto absoluto,False
3170479,317047,Uruana de Minas - MG,MG,Minas Gerais,387,193.5,0,0,0,0,0,0,0,0,0,0,0,0,0,0,0,0,0,0.0,0.0,0.0,0,,193.5,Deserto absoluto,False
3170503,317050,Urucânia - MG,MG,Minas Gerais,1168,584.0,0,0,0,0,0,0,0,0,0,0,0,0,0,0,0,0,0,0.0,0.0,0.0,0,,584.0,Deserto absoluto,False
3170529,317052,Urucuia - MG,MG,Minas Gerais,1287,643.5,0,0,0,0,0,0,0,0,0,0,0,0,0,0,0,0,0,0.0,0.0,0.0,0,,643.5,Deserto absoluto,False
3170578,317057,Vargem Alegre - MG,MG,Minas Gerais,760,380.0,0,0,0,0,0,0,0,0,0,0,0,0,0,0,0,0,0,0.0,0.0,0.0,0,,380.0,Deserto absoluto,False
3170602,317060,Vargem Bonita - MG,MG,Minas Gerais,259,129.5,0,0,0,0,0,0,0,0,0,0,0,0,0,0,0,0,0,0.0,0.0,0.0,0,,129.5,Deserto absoluto,False
3170651,317065,Vargem Grande do Rio Pardo - MG,MG,Minas Gerais,470,235.0,0,0,0,0,0,0,0,0,0,0,0,0,0,0,0,0,0,0.0,0.0,0.0,0,,235.0,Deserto absoluto,False
3170701,317070,Varginha - MG,MG,Minas Gerais,16211,8105.5,10,9,2538,3311,3480,2355,2965,2066,607,1323,1609,1357,1258,426,5031,1684,6715,3357.5,0.3103,0.4142,45621,0.9264,4748.0,Intermediario,True
3170750,317075,Varjão de Minas - MG,MG,Minas Gerais,632,316.0,0,0,0,0,0,0,0,0,0,0,0,0,0,0,0,0,0,0.0,0.0,0.0,0,,316.0,Deserto absoluto,False
3170800,317080,Várzea da Palma - MG,MG,Minas Gerais,3749,1874.5,1,1,0,0,0,0,0,0,0,0,0,0,0,0,0,0,0,0.0,0.0,0.0,5069,1.0,1874.5,Deserto funcional,True
3170909,317090,Varzelândia - MG,MG,Minas Gerais,1831,915.5,0,0,0,0,0,0,0,0,0,0,0,0,0,0,0,0,0,0.0,0.0,0.0,0,,915.5,Deserto absoluto,False
3171006,317100,Vazante - MG,MG,Minas Gerais,2364,1182.0,1,1,0,0,0,0,0,0,0,0,0,0,0,0,0,0,0,0.0,0.0,0.0,5069,1.0,1182.0,Deserto funcional,True
3171030,317103,Verdelândia - MG,MG,Minas Gerais,600,300.0,0,0,0,0,0,0,0,0,0,0,0,0,0,0,0,0,0,0.0,0.0,0.0,0,,300.0,Deserto absoluto,False
3171071,317107,Veredinha - MG,MG,Minas Gerais,556,278.0,0,0,0,0,0,0,0,0,0,0,0,0,0,0,0,0,0,0.0,0.0,0.0,0,,278.0,Deserto absoluto,False
3171105,317110,Veríssimo - MG,MG,Minas Gerais,435,217.5,0,0,0,0,0,0,0,0,0,0,0,0,0,0,0,0,0,0.0,0.0,0.0,0,,217.5,Deserto absoluto,False
3171154,317115,Vermelho Novo - MG,MG,Minas Gerais,523,261.5,0,0,0,0,0,0,0,0,0,0,0,0,0,0,0,0,0,0.0,0.0,0.0,0,,261.5,Deserto absoluto,False
3171204,317120,Vespasiano - MG,MG,Minas Gerais,12430,6215.0,2,2,1177,1275,2218,2789,3033,3081,699,1146,2454,2794,2913,3201,6114,6114,12228,6114.0,0.4919,0.9837,10138,0.3969,101.0,Adequado,False
3171303,317130,Viçosa - MG,MG,Minas Gerais,9362,4681.0,6,6,2881,4010,2695,3400,4518,3430,2,2,0,1,0,90,7948,90,8038,4019.0,0.849,0.8586,30414,0.8679,662.0,Adequado,True
3171402,317140,Vieiras - MG,MG,Minas Gerais,487,243.5,0,0,0,0,0,0,0,0,0,0,0,0,0,0,0,0,0,0.0,0.0,0.0,0,,243.5,Deserto absoluto,False
3171501,317150,Mathias Lobato - MG,MG,Minas Gerais,371,185.5,0,0,0,0,0,0,0,0,0,0,0,0,0,0,0,0,0,0.0,0.0,0.0,0,,185.5,Deserto absoluto,False
3171600,317160,Virgem da Lapa - MG,MG,Minas Gerais,1377,688.5,0,0,0,0,0,0,0,0,0,0,0,0,0,0,0,0,0,0.0,0.0,0.0,0,,688.5,Deserto absoluto,False
3171709,317170,Virgínia - MG,MG,Minas Gerais,1115,557.5,0,0,0,0,0,0,0,0,0,0,0,0,0,0,0,0,0,0.0,0.0,0.0,0,,557.5,Deserto absoluto,False
3171808,317180,Virginópolis - MG,MG,Minas Gerais,1268,634.0,0,0,0,0,0,0,0,0,0,0,0,0,0,0,0,0,0,0.0,0.0,0.0,0,,634.0,Deserto absoluto,False
3171907,317190,Virgolândia - MG,MG,Minas Gerais,614,307.0,0,0,0,0,0,0,0,0,0,0,0,0,0,0,0,0,0,0.0,0.0,0.0,0,,307.0,Deserto absoluto,False
3172004,317200,Visconde do Rio Branco - MG,MG,Minas Gerais,4720,2360.0,2,2,1115,1835,1924,2347,1595,2497,34,36,43,25,20,38,4092,58,4150,2075.0,0.8669,0.8792,10138,0.7953,285.0,Adequado,True
3172103,317210,Volta Grande - MG,MG,Minas Gerais,587,293.5,0,0,0,0,0,0,0,0,0,0,0,0,0,0,0,0,0,0.0,0.0,0.0,0,,293.5,Deserto absoluto,False
3172202,317220,Wenceslau Braz - MG,MG,Minas Gerais,328,164.0,0,0,0,0,0,0,0,0,0,0,0,0,0,0,0,0,0,0.0,0.0,0.0,0,,164.0,Deserto absoluto,False
3200102,320010,Afonso Cláudio - ES,ES,Espírito Santo,3493,1746.5,1,1,165,574,716,734,953,536,6,31,28,26,33,11,1489,44,1533,766.5,0.4263,0.4389,5069,0.8488,980.0,Intermediario,True
3200136,320013,Águia Branca - ES,ES,Espírito Santo,1141,570.5,0,0,0,0,0,0,454,304,0,0,0,0,11,6,758,17,775,387.5,0.6643,0.6792,0,,183.0,Deserto absoluto,False
3200169,320016,Água Doce do Norte - ES,ES,Espírito Santo,1458,729.0,0,0,0,0,0,0,0,0,0,0,0,0,0,0,0,0,0,0.0,0.0,0.0,0,,729.0,Deserto absoluto,False
3200201,320020,Alegre - ES,ES,Espírito Santo,3605,1802.5,1,1,0,0,0,0,0,0,0,0,0,0,0,0,0,0,0,0.0,0.0,0.0,5069,1.0,1802.5,Deserto funcional,True
3200300,320030,Alfredo Chaves - ES,ES,Espírito Santo,1741,870.5,0,0,0,0,0,0,0,0,0,0,0,0,0,0,0,0,0,0.0,0.0,0.0,0,,870.5,Deserto absoluto,False
3200359,320035,Alto Rio Novo - ES,ES,Espírito Santo,923,461.5,0,0,0,0,0,0,0,0,0,0,0,0,0,0,0,0,0,0.0,0.0,0.0,0,,461.5,Deserto absoluto,False
3200409,320040,Anchieta - ES,ES,Espírito Santo,3318,1659.0,1,1,0,0,0,0,0,0,0,0,0,0,0,0,0,0,0,0.0,0.0,0.0,5069,1.0,1659.0,Deserto funcional,True
3200508,320050,Apiacá - ES,ES,Espírito Santo,923,461.5,0,0,0,0,0,0,0,0,0,0,0,0,0,0,0,0,0,0.0,0.0,0.0,0,,461.5,Deserto absoluto,False
3200607,320060,Aracruz - ES,ES,Espírito Santo,9546,4773.0,3,3,1270,1598,2642,3081,3175,599,13,10,1176,4333,1827,2447,3774,4274,8048,4024.0,0.3953,0.8431,15207,0.7354,749.0,Adequado,True
3200706,320070,Atílio Vivácqua - ES,ES,Espírito Santo,1175,587.5,0,0,0,0,0,0,0,0,0,0,0,0,0,0,0,0,0,0.0,0.0,0.0,0,,587.5,Deserto absoluto,False
3200805,320080,Baixo Guandu - ES,ES,Espírito Santo,3672,1836.0,1,1,0,0,0,0,0,0,0,0,0,0,0,0,0,0,0,0.0,0.0,0.0,5069,1.0,1836.0,Deserto funcional,True
3200904,320090,Barra de São Francisco - ES,ES,Espírito Santo,4812,2406.0,2,2,81,993,1403,843,0,0,5,16,12,9,0,0,0,0,0,0.0,0.0,0.0,10138,1.0,2406.0,Deserto funcional,True
3201001,320100,Boa Esperança - ES,ES,Espírito Santo,1528,764.0,0,0,0,0,0,0,0,0,0,0,0,0,0,0,0,0,0,0.0,0.0,0.0,0,,764.0,Deserto absoluto,False
3201100,320110,Bom Jesus do Norte - ES,ES,Espírito Santo,1287,643.5,0,0,0,0,0,0,0,0,0,0,0,0,0,0,0,0,0,0.0,0.0,0.0,0,,643.5,Deserto absoluto,False
3201159,320115,Brejetuba - ES,ES,Espírito Santo,1169,584.5,0,0,0,0,0,0,0,0,0,0,0,0,0,0,0,0,0,0.0,0.0,0.0,0,,584.5,Deserto absoluto,False
3201209,320120,Cachoeiro de Itapemirim - ES,ES,Espírito Santo,22667,11333.5,12,12,3900,4908,7045,7651,8367,8965,239,269,303,369,462,384,17332,846,18178,9089.0,0.7646,0.802,60828,0.8506,2244.5,Adequado,True
3201308,320130,Cariacica - ES,ES,Espírito Santo,40064,20032.0,4,4,1675,0,2091,6977,6613,8201,5,0,7,41,32,31,14814,63,14877,7438.5,0.3698,0.3713,20276,0.6331,12593.5,Intermediario,True
3201407,320140,Castelo - ES,ES,Espírito Santo,4489,2244.5,3,3,0,0,0,908,1690,1554,0,0,0,28,27,24,3244,51,3295,1647.5,0.7227,0.734,15207,0.8917,597.0,Adequado,True
3201506,320150,Colatina - ES,ES,Espírito Santo,14781,7390.5,11,11,3728,6406,6810,7330,6640,5379,83,191,113,149,233,888,12019,1121,13140,6570.0,0.8131,0.889,55759,0.8822,820.5,Adequado,True
3201605,320160,Conceição da Barra - ES,ES,Espírito Santo,3088,1544.0,0,0,0,0,0,0,0,0,0,0,0,0,0,0,0,0,0,0.0,0.0,0.0,0,,1544.0,Deserto absoluto,False
3201704,320170,Conceição do Castelo - ES,ES,Espírito Santo,1303,651.5,1,1,0,0,0,0,0,0,0,0,0,0,0,0,0,0,0,0.0,0.0,0.0,5069,1.0,651.5,Deserto funcional,True
3201803,320180,Divino de São Lourenço - ES,ES,Espírito Santo,580,290.0,0,0,0,0,0,0,0,0,0,0,0,0,0,0,0,0,0,0.0,0.0,0.0,0,,290.0,Deserto absoluto,False
3201902,320190,Domingos Martins - ES,ES,Espírito Santo,4082,2041.0,0,0,568,795,713,748,897,1020,35,13,94,155,17,19,1917,36,1953,976.5,0.4696,0.4784,0,,1064.5,Deserto absoluto,False
3202009,320200,Dores do Rio Preto - ES,ES,Espírito Santo,745,372.5,0,0,0,0,0,0,0,0,0,0,0,0,0,0,0,0,0,0.0,0.0,0.0,0,,372.5,Deserto absoluto,False
3202108,320210,Ecoporanga - ES,ES,Espírito Santo,2701,1350.5,0,0,0,0,0,0,0,0,0,0,0,0,0,0,0,0,0,0.0,0.0,0.0,0,,1350.5,Deserto absoluto,False
3202207,320220,Fundão - ES,ES,Espírito Santo,2213,1106.5,0,0,0,0,0,0,0,0,0,0,0,0,0,0,0,0,0,0.0,0.0,0.0,0,,1106.5,Deserto absoluto,False
3202256,320225,Governador Lindenberg - ES,ES,Espírito Santo,1262,631.0,0,0,0,0,0,0,0,0,0,0,0,0,0,0,0,0,0,0.0,0.0,0.0,0,,631.0,Deserto absoluto,False
3202306,320230,Guaçuí - ES,ES,Espírito Santo,3415,1707.5,4,4,0,292,0,838,1190,1153,0,29,0,25,4,19,2343,23,2366,1183.0,0.6861,0.6928,20276,0.9417,524.5,Intermediario,True
3202405,320240,Guarapari - ES,ES,Espírito Santo,15008,7504.0,4,4,124,0,0,0,0,0,17,0,0,0,0,0,0,0,0,0.0,0.0,0.0,20276,1.0,7504.0,Deserto funcional,True
3202454,320245,Ibatiba - ES,ES,Espírito Santo,2511,1255.5,1,1,0,0,0,0,0,0,0,0,0,0,0,0,0,0,0,0.0,0.0,0.0,5069,1.0,1255.5,Deserto funcional,True
3202504,320250,Ibiraçu - ES,ES,Espírito Santo,1376,688.0,1,1,0,0,0,0,0,0,0,0,0,0,0,0,0,0,0,0.0,0.0,0.0,5069,1.0,688.0,Deserto funcional,True
3202553,320255,Ibitirama - ES,ES,Espírito Santo,927,463.5,0,0,0,0,0,0,0,0,0,0,0,0,0,0,0,0,0,0.0,0.0,0.0,0,,463.5,Deserto absoluto,False
3202603,320260,Iconha - ES,ES,Espírito Santo,1631,815.5,0,0,0,0,0,0,0,0,0,0,0,0,0,0,0,0,0,0.0,0.0,0.0,0,,815.5,Deserto absoluto,False
3202652,320265,Irupi - ES,ES,Espírito Santo,1286,643.0,0,0,0,0,0,0,0,0,0,0,0,0,0,0,0,0,0,0.0,0.0,0.0,0,,643.0,Deserto absoluto,False
3202702,320270,Itaguaçu - ES,ES,Espírito Santo,1820,910.0,0,0,0,0,0,0,0,0,0,0,0,0,0,0,0,0,0,0.0,0.0,0.0,0,,910.0,Deserto absoluto,False
3202801,320280,Itapemirim - ES,ES,Espírito Santo,4457,2228.5,3,3,0,0,438,168,3316,1572,0,0,2,0,80,71,4888,151,5039,2519.5,1.0967,1.1306,15207,0.8343,-291.0,Adequado,False
3202900,320290,Itarana - ES,ES,Espírito Santo,1337,668.5,2,2,0,0,0,0,0,0,0,0,0,0,0,0,0,0,0,0.0,0.0,0.0,10138,1.0,668.5,Deserto funcional,True
3203007,320300,Iúna - ES,ES,Espírito Santo,3001,1500.5,1,1,255,458,234,137,339,140,0,0,0,0,0,0,479,0,479,239.5,0.1596,0.1596,5069,0.9528,1261.0,Deserto funcional,True
3203056,320305,Jaguaré - ES,ES,Espírito Santo,2644,1322.0,0,0,0,0,0,0,0,0,0,0,0,0,0,0,0,0,0,0.0,0.0,0.0,0,,1322.0,Deserto absoluto,False
3203106,320310,Jerônimo Monteiro - ES,ES,Espírito Santo,1389,694.5,0,0,0,0,0,0,0,0,0,0,0,0,0,0,0,0,0,0.0,0.0,0.0,0,,694.5,Deserto absoluto,False
3203130,320313,João Neiva - ES,ES,Espírito Santo,1852,926.0,2,2,44,886,665,717,973,570,0,18,10,6,8,5,1543,13,1556,778.0,0.8332,0.8402,10138,0.9233,148.0,Adequado,True
3203163,320316,Laranja da Terra - ES,ES,Espírito Santo,1531,765.5,1,1,0,0,138,108,0,40,0,0,4,0,0,0,40,0,40,20.0,0.0261,0.0261,5069,0.9961,745.5,Deserto funcional,True
3203205,320320,Linhares - ES,ES,Espírito Santo,15945,7972.5,9,9,2848,3077,1791,2561,3414,2931,53,74,37,34,114,154,6345,268,6613,3306.5,0.3979,0.4147,45621,0.9275,4666.0,Intermediario,True
3203304,320330,Mantenópolis - ES,ES,Espírito Santo,1613,806.5,0,0,0,0,0,0,0,0,0,0,0,0,0,0,0,0,0,0.0,0.0,0.0,0,,806.5,Deserto absoluto,False
3203320,320332,Marataízes - ES,ES,Espírito Santo,4996,2498.0,2,2,0,0,0,0,0,0,0,0,0,0,0,0,0,0,0,0.0,0.0,0.0,10138,1.0,2498.0,Deserto funcional,True
3203346,320334,Marechal Floriano - ES,ES,Espírito Santo,1863,931.5,1,1,0,0,0,0,0,0,0,0,0,0,0,0,0,0,0,0.0,0.0,0.0,5069,1.0,931.5,Deserto funcional,True
3203353,320335,Marilândia - ES,ES,Espírito Santo,1559,779.5,0,0,0,0,0,0,0,0,0,0,0,0,0,0,0,0,0,0.0,0.0,0.0,0,,779.5,Deserto absoluto,False
3203403,320340,Mimoso do Sul - ES,ES,Espírito Santo,3151,1575.5,1,1,185,345,295,452,470,678,0,1,8,14,10,10,1148,20,1168,584.0,0.3643,0.3707,5069,0.8848,991.5,Intermediario,True
3203502,320350,Montanha - ES,ES,Espírito Santo,2103,1051.5,0,0,0,0,0,0,0,0,0,0,0,0,0,0,0,0,0,0.0,0.0,0.0,0,,1051.5,Deserto absoluto,False
3203601,320360,Mucurici - ES,ES,Espírito Santo,683,341.5,0,0,0,0,0,0,0,0,0,0,0,0,0,0,0,0,0,0.0,0.0,0.0,0,,341.5,Deserto absoluto,False
3203700,320370,Muniz Freire - ES,ES,Espírito Santo,2009,1004.5,0,0,0,0,0,0,0,0,0,0,0,0,0,0,0,0,0,0.0,0.0,0.0,0,,1004.5,Deserto absoluto,False
3203809,320380,Muqui - ES,ES,Espírito Santo,1692,846.0,0,0,0,0,0,0,0,0,0,0,0,0,0,0,0,0,0,0.0,0.0,0.0,0,,846.0,Deserto absoluto,False
3203908,320390,Nova Venécia - ES,ES,Espírito Santo,5744,2872.0,9,9,2034,2845,4255,5078,4770,5930,280,292,370,320,258,300,10700,558,11258,5629.0,1.8628,1.96,45621,0.8766,-2757.0,Adequado,False
3204005,320400,Pancas - ES,ES,Espírito Santo,2252,1126.0,1,1,0,0,542,674,664,950,0,0,0,20,25,26,1614,51,1665,832.5,0.7167,0.7393,5069,0.8358,293.5,Adequado,True
3204054,320405,Pedro Canário - ES,ES,Espírito Santo,2205,1102.5,0,0,0,0,0,0,0,0,0,0,0,0,0,0,0,0,0,0.0,0.0,0.0,0,,1102.5,Deserto absoluto,False
3204104,320410,Pinheiros - ES,ES,Espírito Santo,2420,1210.0,0,0,0,0,0,0,0,0,0,0,0,0,0,0,0,0,0,0.0,0.0,0.0,0,,1210.0,Deserto absoluto,False
3204203,320420,Piúma - ES,ES,Espírito Santo,2697,1348.5,0,0,0,0,0,0,0,0,0,0,0,0,0,0,0,0,0,0.0,0.0,0.0,0,,1348.5,Deserto absoluto,False
3204252,320425,Ponto Belo - ES,ES,Espírito Santo,786,393.0,0,0,0,0,0,0,0,0,0,0,0,0,0,0,0,0,0,0.0,0.0,0.0,0,,393.0,Deserto absoluto,False
3204302,320430,Presidente Kennedy - ES,ES,Espírito Santo,1410,705.0,0,0,0,0,0,0,0,0,0,0,0,0,0,0,0,0,0,0.0,0.0,0.0,0,,705.0,Deserto absoluto,False
3204351,320435,Rio Bananal - ES,ES,Espírito Santo,2019,1009.5,0,0,182,0,0,0,0,0,1,0,0,0,0,0,0,0,0,0.0,0.0,0.0,0,,1009.5,Deserto absoluto,False
3204401,320440,Rio Novo do Sul - ES,ES,Espírito Santo,1329,664.5,0,0,0,0,0,0,0,0,0,0,0,0,0,0,0,0,0,0.0,0.0,0.0,0,,664.5,Deserto absoluto,False
3204500,320450,Santa Leopoldina - ES,ES,Espírito Santo,1556,778.0,0,0,0,0,0,0,0,0,0,0,0,0,0,0,0,0,0,0.0,0.0,0.0,0,,778.0,Deserto absoluto,False
3204559,320455,Santa Maria de Jetibá - ES,ES,Espírito Santo,3881,1940.5,2,2,1615,1651,2746,2671,2707,3005,50,38,54,58,70,85,5712,155,5867,2933.5,1.4718,1.5117,10138,0.7106,-993.0,Adequado,False
3204609,320460,Santa Teresa - ES,ES,Espírito Santo,2880,1440.0,3,3,579,786,1071,1478,1280,1258,144,149,136,85,8,8,2538,16,2554,1277.0,0.8812,0.8868,15207,0.916,163.0,Adequado,True
3204658,320465,São Domingos do Norte - ES,ES,Espírito Santo,975,487.5,0,0,0,0,0,0,0,0,0,0,0,0,0,0,0,0,0,0.0,0.0,0.0,0,,487.5,Deserto absoluto,False
3204708,320470,São Gabriel da Palha - ES,ES,Espírito Santo,3665,1832.5,1,1,0,0,395,892,958,1253,0,0,5,17,55,51,2211,106,2317,1158.5,0.6033,0.6322,5069,0.7715,674.0,Intermediario,True
3204807,320480,São José do Calçado - ES,ES,Espírito Santo,1434,717.0,0,0,0,0,0,0,0,0,0,0,0,0,0,0,0,0,0,0.0,0.0,0.0,0,,717.0,Deserto absoluto,False
3204906,320490,São Mateus - ES,ES,Espírito Santo,12883,6441.5,9,8,739,0,0,0,0,0,13,0,0,0,0,0,0,0,0,0.0,0.0,0.0,40552,1.0,6441.5,Deserto funcional,True
3204955,320495,São Roque do Canaã - ES,ES,Espírito Santo,1380,690.0,0,0,0,0,261,94,0,10,0,0,2,0,0,0,10,0,10,5.0,0.0072,0.0072,0,,685.0,Deserto absoluto,False
3205002,320500,Serra - ES,ES,Espírito Santo,52645,26322.5,5,5,5559,10620,11266,10747,9977,11619,74,66,70,67,126,134,21596,260,21856,10928.0,0.4102,0.4152,25345,0.5688,15394.5,Intermediario,True
3205010,320501,Sooretama - ES,ES,Espírito Santo,2306,1153.0,3,3,0,0,0,0,0,0,0,0,0,0,0,0,0,0,0,0.0,0.0,0.0,15207,1.0,1153.0,Deserto funcional,True
3205036,320503,Vargem Alta - ES,ES,Espírito Santo,2144,1072.0,0,0,0,0,0,0,0,0,0,0,0,0,0,0,0,0,0,0.0,0.0,0.0,0,,1072.0,Deserto absoluto,False
3205069,320506,Venda Nova do Imigrante - ES,ES,Espírito Santo,2585,1292.5,3,2,702,1160,614,976,1598,1305,135,108,47,18,32,14,2903,46,2949,1474.5,1.123,1.1408,10138,0.8546,-182.0,Adequado,False
3205101,320510,Viana - ES,ES,Espírito Santo,7533,3766.5,3,3,1415,1317,2104,2243,2885,2674,0,0,0,0,28,69,5559,97,5656,2828.0,0.738,0.7508,15207,0.814,938.5,Adequado,True
3205150,320515,Vila Pavão - ES,ES,Espírito Santo,1025,512.5,0,0,0,0,0,0,0,0,0,0,0,0,0,0,0,0,0,0.0,0.0,0.0,0,,512.5,Deserto absoluto,False
3205176,320517,Vila Valério - ES,ES,Espírito Santo,1408,704.0,0,0,0,0,0,0,0,0,0,0,0,0,0,0,0,0,0,0.0,0.0,0.0,0,,704.0,Deserto absoluto,False
3205200,320520,Vila Velha - ES,ES,Espírito Santo,57289,28644.5,12,12,5642,9451,11075,11319,10051,8747,526,463,244,229,733,329,18798,1062,19860,9930.0,0.3281,0.3467,60828,0.8368,18714.5,Intermediario,True
3205309,320530,Vitória - ES,ES,Espírito Santo,42769,21384.5,23,23,10150,11748,13611,15685,16829,15598,3669,3948,4269,3576,4746,4304,32427,9050,41477,20738.5,0.7582,0.9698,116587,0.8221,646.0,Adequado,True
3300100,330010,Angra dos Reis - RJ,RJ,Rio de Janeiro,18773,9386.5,10,10,1146,2506,2886,4003,3163,2925,730,1385,1380,1249,1231,1146,6088,2377,8465,4232.5,0.3243,0.4509,50690,0.9165,5154.0,Intermediario,True
3300159,330015,Aperibé - RJ,RJ,Rio de Janeiro,1474,737.0,0,0,0,0,0,0,0,0,0,0,0,0,0,0,0,0,0,0.0,0.0,0.0,0,,737.0,Deserto absoluto,False
3300209,330020,Araruama - RJ,RJ,Rio de Janeiro,17339,8669.5,6,6,1971,3668,3992,3045,3794,5131,71,122,134,161,152,173,8925,325,9250,4625.0,0.5147,0.5335,30414,0.8479,4044.5,Intermediario,True
3300225,330022,Areal - RJ,RJ,Rio de Janeiro,1479,739.5,0,0,0,0,0,0,0,0,0,0,0,0,0,0,0,0,0,0.0,0.0,0.0,0,,739.5,Deserto absoluto,False
3300233,330023,Armação dos Búzios - RJ,RJ,Rio de Janeiro,4557,2278.5,3,3,0,0,0,0,0,1035,0,0,0,0,0,14,1035,14,1049,524.5,0.2271,0.2302,15207,0.9655,1754.0,Deserto funcional,True
3300258,330025,Arraial do Cabo - RJ,RJ,Rio de Janeiro,4284,2142.0,4,4,0,0,0,0,0,1591,0,0,0,0,0,17,1591,17,1608,804.0,0.3714,0.3754,20276,0.9603,1338.0,Intermediario,True
3300308,330030,Barra do Piraí - RJ,RJ,Rio de Janeiro,12737,6368.5,3,3,0,0,0,0,0,0,0,0,0,0,0,0,0,0,0,0.0,0.0,0.0,15207,1.0,6368.5,Deserto funcional,True
3300407,330040,Barra Mansa - RJ,RJ,Rio de Janeiro,23377,11688.5,9,9,2838,3965,4543,5941,5942,4233,488,384,439,542,576,428,10175,1004,11179,5589.5,0.4353,0.4782,45621,0.8775,6099.0,Intermediario,True
3300456,330045,Belford Roxo - RJ,RJ,Rio de Janeiro,55174,27587.0,41,41,1799,5586,6119,1816,1246,310,15,142,51,8,4,2,1556,6,1562,781.0,0.0282,0.0283,207829,0.9962,26806.0,Deserto funcional,True
3300506,330050,Bom Jardim - RJ,RJ,Rio de Janeiro,3350,1675.0,0,0,0,0,0,0,0,0,0,0,0,0,0,0,0,0,0,0.0,0.0,0.0,0,,1675.0,Deserto absoluto,False
3300605,330060,Bom Jesus do Itabapoana - RJ,RJ,Rio de Janeiro,4701,2350.5,1,1,1040,840,1271,1116,653,167,15,19,9,4,2,2,820,4,824,412.0,0.1744,0.1753,5069,0.9187,1938.5,Deserto funcional,True
3300704,330070,Cabo Frio - RJ,RJ,Rio de Janeiro,28234,14117.0,12,12,4701,5837,6988,8581,6545,6238,274,450,738,738,597,499,12783,1096,13879,6939.5,0.4528,0.4916,60828,0.8859,7177.5,Intermediario,True
3300803,330080,Cachoeiras de Macacu - RJ,RJ,Rio de Janeiro,7086,3543.0,4,3,0,650,1730,1037,1457,2203,0,2,6,7,10,12,3660,22,3682,1841.0,0.5165,0.5196,15207,0.8789,1702.0,Intermediario,True
3300902,330090,Cambuci - RJ,RJ,Rio de Janeiro,2035,1017.5,1,1,0,0,0,0,0,0,0,0,0,0,0,0,0,0,0,0.0,0.0,0.0,5069,1.0,1017.5,Deserto funcional,True
3300936,330093,Carapebus - RJ,RJ,Rio de Janeiro,1558,779.0,2,2,0,0,0,0,0,0,0,0,0,0,0,0,0,0,0,0.0,0.0,0.0,10138,1.0,779.0,Deserto funcional,True
3300951,330095,Comendador Levy Gasparian - RJ,RJ,Rio de Janeiro,1132,566.0,0,0,0,0,0,0,0,0,0,0,0,0,0,0,0,0,0,0.0,0.0,0.0,0,,566.0,Deserto absoluto,False
3301009,330100,Campos dos Goytacazes - RJ,RJ,Rio de Janeiro,57527,28763.5,20,20,2086,7380,12303,9648,9267,6602,580,753,897,1122,972,828,15869,1800,17669,8834.5,0.2759,0.3071,101380,0.9129,19929.0,Intermediario,True
3301108,330110,Cantagalo - RJ,RJ,Rio de Janeiro,2449,1224.5,0,0,295,455,879,886,806,872,0,0,0,0,0,0,1678,0,1678,839.0,0.6852,0.6852,0,,385.5,Deserto absoluto,False
3301157,330115,Cardoso Moreira - RJ,RJ,Rio de Janeiro,1610,805.0,0,0,0,0,0,0,0,0,0,0,0,0,0,0,0,0,0,0.0,0.0,0.0,0,,805.0,Deserto absoluto,False
3301207,330120,Carmo - RJ,RJ,Rio de Janeiro,2287,1143.5,1,1,222,553,546,544,600,483,39,25,28,31,28,34,1083,62,1145,572.5,0.4735,0.5007,5069,0.8871,571.0,Intermediario,True
3301306,330130,Casimiro de Abreu - RJ,RJ,Rio de Janeiro,5470,2735.0,4,4,84,142,97,0,138,0,0,0,0,0,0,0,138,0,138,69.0,0.0252,0.0252,20276,0.9966,2666.0,Deserto funcional,True
3301405,330140,Conceição de Macabu - RJ,RJ,Rio de Janeiro,2591,1295.5,2,2,0,0,0,0,0,0,0,0,0,0,0,0,0,0,0,0.0,0.0,0.0,10138,1.0,1295.5,Deserto funcional,True
3301504,330150,Cordeiro - RJ,RJ,Rio de Janeiro,2721,1360.5,1,1,1032,760,620,592,158,126,113,260,52,2,0,0,284,0,284,142.0,0.1044,0.1044,5069,0.972,1218.5,Deserto funcional,True
3301603,330160,Duas Barras - RJ,RJ,Rio de Janeiro,1325,662.5,0,0,0,0,0,0,0,0,0,0,0,0,0,0,0,0,0,0.0,0.0,0.0,0,,662.5,Deserto absoluto,False
3301702,330170,Duque de Caxias - RJ,RJ,Rio de Janeiro,97461,48730.5,19,17,7160,5832,4988,11816,9566,3455,26,7,25,44,29,1012,13021,1041,14062,7031.0,0.1336,0.1443,86173,0.9184,41699.5,Deserto funcional,True
3301801,330180,Engenheiro Paulo de Frontin - RJ,RJ,Rio de Janeiro,1740,870.0,1,1,0,0,0,0,0,0,0,0,0,0,0,0,0,0,0,0.0,0.0,0.0,5069,1.0,870.0,Deserto funcional,True
3301850,330185,Guapimirim - RJ,RJ,Rio de Janeiro,5864,2932.0,3,3,173,99,785,673,1497,1613,6,0,6,4,11,5,3110,16,3126,1563.0,0.5304,0.5331,15207,0.8972,1369.0,Intermediario,True
3301876,330187,Iguaba Grande - RJ,RJ,Rio de Janeiro,4044,2022.0,0,0,0,0,0,0,0,0,0,0,0,0,0,0,0,0,0,0.0,0.0,0.0,0,,2022.0,Deserto absoluto,False
3301900,330190,Itaboraí - RJ,RJ,Rio de Janeiro,27542,13771.0,9,9,1319,4937,5227,6682,7026,7743,217,185,204,248,191,208,14769,399,15168,7584.0,0.5362,0.5507,45621,0.8338,6187.0,Intermediario,True
3302007,330200,Itaguaí - RJ,RJ,Rio de Janeiro,12930,6465.0,6,6,0,0,0,131,1530,1512,0,0,0,0,104,119,3042,223,3265,1632.5,0.2353,0.2525,30414,0.9463,4832.5,Deserto funcional,True
3302056,330205,Italva - RJ,RJ,Rio de Janeiro,2006,1003.0,0,0,0,0,0,0,0,0,0,0,0,0,0,0,0,0,0,0.0,0.0,0.0,0,,1003.0,Deserto absoluto,False
3302106,330210,Itaocara - RJ,RJ,Rio de Janeiro,3293,1646.5,3,3,1155,780,0,918,1953,1419,0,0,0,0,0,8,3372,8,3380,1690.0,1.024,1.0264,15207,0.8889,-43.5,Adequado,False
3302205,330220,Itaperuna - RJ,RJ,Rio de Janeiro,13193,6596.5,5,5,2404,4362,3649,2512,3433,2718,516,572,387,149,46,640,6151,686,6837,3418.5,0.4662,0.5182,25345,0.8651,3178.0,Intermediario,True
3302254,330225,Itatiaia - RJ,RJ,Rio de Janeiro,3825,1912.5,1,1,183,947,783,502,1116,1636,10,21,30,9,38,65,2752,103,2855,1427.5,0.7195,0.7464,5069,0.7184,485.0,Adequado,True
3302270,330227,Japeri - RJ,RJ,Rio de Janeiro,9147,4573.5,2,2,0,275,1082,558,337,0,0,0,6,4,1,0,337,1,338,169.0,0.0368,0.037,10138,0.9833,4404.5,Deserto funcional,True
3302304,330230,Laje do Muriaé - RJ,RJ,Rio de Janeiro,966,483.0,0,0,0,0,0,0,0,0,0,0,0,0,0,0,0,0,0,0.0,0.0,0.0,0,,483.0,Deserto absoluto,False
3302403,330240,Macaé - RJ,RJ,Rio de Janeiro,24818,12409.0,18,18,0,0,0,695,5645,5910,0,0,0,52,250,379,11555,629,12184,6092.0,0.4656,0.4909,91242,0.9332,6317.0,Intermediario,True
3302452,330245,Macuco - RJ,RJ,Rio de Janeiro,642,321.0,0,0,0,0,0,0,0,0,0,0,0,0,0,0,0,0,0,0.0,0.0,0.0,0,,321.0,Deserto absoluto,False
3302502,330250,Magé - RJ,RJ,Rio de Janeiro,26868,13434.0,13,13,679,1357,958,2417,1254,1701,8,6,5,12,4,25,2955,29,2984,1492.0,0.11,0.1111,65897,0.9774,11942.0,Deserto funcional,True
3302601,330260,Mangaratiba - RJ,RJ,Rio de Janeiro,5521,2760.5,0,0,0,0,0,0,0,0,0,0,0,0,0,0,0,0,0,0.0,0.0,0.0,0,,2760.5,Deserto absoluto,False
3302700,330270,Maricá - RJ,RJ,Rio de Janeiro,26374,13187.0,4,4,0,0,3036,2467,3885,9953,0,0,55,44,95,231,13838,326,14164,7082.0,0.5247,0.537,20276,0.6507,6105.0,Intermediario,True
3302809,330280,Mendes - RJ,RJ,Rio de Janeiro,2659,1329.5,1,1,0,0,0,0,847,906,0,0,0,0,59,129,1753,188,1941,970.5,0.6593,0.73,5069,0.8085,359.0,Adequado,True
3302858,330285,Mesquita - RJ,RJ,Rio de Janeiro,21450,10725.0,3,3,256,2610,4248,2019,4000,2543,0,0,24,20,25,14,6543,39,6582,3291.0,0.305,0.3069,15207,0.7836,7434.0,Intermediario,True
3302908,330290,Miguel Pereira - RJ,RJ,Rio de Janeiro,3934,1967.0,1,1,0,1161,1584,1257,1429,956,0,13,10,10,12,9,2385,21,2406,1203.0,0.6063,0.6116,5069,0.7627,764.0,Intermediario,True
3303005,330300,Miracema - RJ,RJ,Rio de Janeiro,3383,1691.5,2,2,0,0,0,0,0,0,0,0,0,0,0,0,0,0,0,0.0,0.0,0.0,10138,1.0,1691.5,Deserto funcional,True
3303104,330310,Natividade - RJ,RJ,Rio de Janeiro,2003,1001.5,0,0,0,0,0,0,0,0,0,0,0,0,0,0,0,0,0,0.0,0.0,0.0,0,,1001.5,Deserto absoluto,False
3303203,330320,Nilópolis - RJ,RJ,Rio de Janeiro,20243,10121.5,9,9,1357,4004,2016,4180,2072,296,21,73,14,53,18,4,2368,22,2390,1195.0,0.117,0.1181,45621,0.9738,8926.5,Deserto funcional,True
3303302,330330,Niterói - RJ,RJ,Rio de Janeiro,69366,34683.0,22,19,2265,3153,4222,5176,4918,5063,1181,637,851,1726,1483,858,9981,2341,12322,6161.0,0.1439,0.1776,96311,0.936,28522.0,Deserto funcional,True
3303401,330340,Nova Friburgo - RJ,RJ,Rio de Janeiro,26274,13137.0,11,11,1747,2687,3047,2970,1680,2636,229,215,391,379,143,205,4316,348,4664,2332.0,0.1643,0.1775,55759,0.9582,10805.0,Deserto funcional,True
3303500,330350,Nova Iguaçu - RJ,RJ,Rio de Janeiro,95940,47970.0,31,30,6911,5373,7468,8517,15859,14981,115,52,7,82,466,748,30840,1214,32054,16027.0,0.3215,0.3341,152070,0.8946,31943.0,Intermediario,True
3303609,330360,Paracambi - RJ,RJ,Rio de Janeiro,5574,2787.0,3,3,496,161,1050,524,698,1302,10,2,12,3,8,78,2000,86,2086,1043.0,0.3588,0.3742,15207,0.9314,1744.0,Intermediario,True
3303708,330370,Paraíba do Sul - RJ,RJ,Rio de Janeiro,5501,2750.5,1,1,0,0,0,0,0,0,0,0,0,0,0,0,0,0,0,0.0,0.0,0.0,5069,1.0,2750.5,Deserto funcional,True
3303807,330380,Paraty - RJ,RJ,Rio de Janeiro,4821,2410.5,1,1,0,0,0,0,0,0,0,0,0,0,0,0,0,0,0,0.0,0.0,0.0,5069,1.0,2410.5,Deserto funcional,True
3303856,330385,Paty do Alferes - RJ,RJ,Rio de Janeiro,3695,1847.5,2,2,0,0,0,0,118,357,0,0,0,0,0,0,475,0,475,237.5,0.1286,0.1286,10138,0.9766,1610.0,Deserto funcional,True
3303906,330390,Petrópolis - RJ,RJ,Rio de Janeiro,37879,18939.5,14,13,4266,8682,8304,11612,10756,7333,488,544,934,1204,1869,1552,18089,3421,21510,10755.0,0.4775,0.5679,65897,0.8368,8184.5,Intermediario,True
3303955,330395,Pinheiral - RJ,RJ,Rio de Janeiro,3140,1570.0,2,2,0,0,0,0,147,734,0,0,0,0,1,296,881,297,1178,589.0,0.2806,0.3752,10138,0.9419,981.0,Intermediario,True
3304003,330400,Piraí - RJ,RJ,Rio de Janeiro,3425,1712.5,2,2,650,617,1929,1858,1791,1644,65,85,122,80,74,94,3435,168,3603,1801.5,1.0029,1.052,10138,0.8223,-89.0,Adequado,False
3304102,330410,Porciúncula - RJ,RJ,Rio de Janeiro,2109,1054.5,0,0,0,0,0,0,0,0,0,0,0,0,0,0,0,0,0,0.0,0.0,0.0,0,,1054.5,Deserto absoluto,False
3304110,330411,Porto Real - RJ,RJ,Rio de Janeiro,2217,1108.5,1,1,0,3,0,0,0,0,0,0,0,0,0,0,0,0,0,0.0,0.0,0.0,5069,1.0,1108.5,Deserto funcional,True
3304128,330412,Quatis - RJ,RJ,Rio de Janeiro,1650,825.0,0,0,0,0,0,0,0,0,0,0,0,0,0,0,0,0,0,0.0,0.0,0.0,0,,825.0,Deserto absoluto,False
3304144,330414,Queimados - RJ,RJ,Rio de Janeiro,16019,8009.5,3,3,1348,2386,1963,3253,2587,0,10,7,9,27,44,0,2587,44,2631,1315.5,0.1615,0.1642,15207,0.9135,6694.0,Deserto funcional,True
3304151,330415,Quissamã - RJ,RJ,Rio de Janeiro,2682,1341.0,0,0,0,0,0,0,0,0,0,0,0,0,0,0,0,0,0,0.0,0.0,0.0,0,,1341.0,Deserto absoluto,False
3304201,330420,Resende - RJ,RJ,Rio de Janeiro,15684,7842.0,7,7,1791,3575,4473,5183,4770,5191,652,790,756,1036,934,856,9961,1790,11751,5875.5,0.6351,0.7492,35483,0.8344,1966.5,Adequado,True
3304300,330430,Rio Bonito - RJ,RJ,Rio de Janeiro,7005,3502.5,4,4,1314,1149,1555,1950,1798,1934,34,48,76,104,144,120,3732,264,3996,1998.0,0.5328,0.5704,20276,0.9015,1504.5,Intermediario,True
3304409,330440,Rio Claro - RJ,RJ,Rio de Janeiro,2186,1093.0,1,1,0,0,0,0,0,0,0,0,0,0,0,88,0,88,88,44.0,0.0,0.0403,5069,0.9913,1049.0,Deserto funcional,True
3304508,330450,Rio das Flores - RJ,RJ,Rio de Janeiro,1069,534.5,0,0,0,0,0,0,0,0,0,0,0,0,0,0,0,0,0,0.0,0.0,0.0,0,,534.5,Deserto absoluto,False
3304524,330452,Rio das Ostras - RJ,RJ,Rio de Janeiro,17763,8881.5,6,6,222,58,0,0,0,0,0,0,0,0,0,0,0,0,0,0.0,0.0,0.0,30414,1.0,8881.5,Deserto funcional,True
3304557,330455,Rio de Janeiro - RJ,RJ,Rio de Janeiro,815767,407883.5,261,244,37163,61021,65905,89521,102288,82168,12448,16668,17923,14335,17399,21012,184456,38411,222867,111433.5,0.2261,0.2732,1236836,0.9099,296450.0,Deserto funcional,True
3304607,330460,Santa Maria Madalena - RJ,RJ,Rio de Janeiro,1356,678.0,0,0,0,0,0,0,0,0,0,0,0,0,0,0,0,0,0,0.0,0.0,0.0,0,,678.0,Deserto absoluto,False
3304706,330470,Santo Antônio de Pádua - RJ,RJ,Rio de Janeiro,5314,2657.0,2,2,0,0,0,0,0,0,0,0,0,0,0,0,0,0,0,0.0,0.0,0.0,10138,1.0,2657.0,Deserto funcional,True
3304755,330475,São Francisco de Itabapoana - RJ,RJ,Rio de Janeiro,5254,2627.0,1,1,0,0,948,1968,0,244,0,0,2,15,0,1,244,1,245,122.5,0.0464,0.0466,5069,0.9758,2504.5,Deserto funcional,True
3304805,330480,São Fidélis - RJ,RJ,Rio de Janeiro,4921,2460.5,4,4,28,0,0,0,410,640,0,0,0,0,1,5,1050,6,1056,528.0,0.2134,0.2146,20276,0.974,1932.5,Deserto funcional,True
3304904,330490,São Gonçalo - RJ,RJ,Rio de Janeiro,120880,60440.0,21,21,9842,4992,17222,13690,14781,11802,171,257,407,224,516,355,26583,871,27454,13727.0,0.2199,0.2271,106449,0.871,46713.0,Deserto funcional,True
3305000,330500,São João da Barra - RJ,RJ,Rio de Janeiro,4622,2311.0,1,1,0,0,0,0,0,0,0,0,0,0,0,0,0,0,0,0.0,0.0,0.0,5069,1.0,2311.0,Deserto funcional,True
3305109,330510,São João de Meriti - RJ,RJ,Rio de Janeiro,55955,27977.5,17,17,1545,1375,2359,2225,1303,2354,9,14,18,4,100,8,3657,108,3765,1882.5,0.0654,0.0673,86173,0.9782,26095.0,Deserto funcional,True
3305133,330513,São José de Ubá - RJ,RJ,Rio de Janeiro,876,438.0,0,0,0,0,0,0,0,0,0,0,0,0,0,0,0,0,0,0.0,0.0,0.0,0,,438.0,Deserto absoluto,False
3305158,330515,São José do Vale do Rio Preto - RJ,RJ,Rio de Janeiro,2545,1272.5,1,1,0,0,0,0,0,0,0,0,0,0,0,0,0,0,0,0.0,0.0,0.0,5069,1.0,1272.5,Deserto funcional,True
3305208,330520,São Pedro da Aldeia - RJ,RJ,Rio de Janeiro,12431,6215.5,3,3,986,1941,1567,2364,2712,2061,36,68,35,37,47,34,4773,81,4854,2427.0,0.384,0.3905,15207,0.8404,3788.5,Intermediario,True
3305307,330530,São Sebastião do Alto - RJ,RJ,Rio de Janeiro,1076,538.0,0,0,0,0,0,0,0,0,0,0,0,0,0,0,0,0,0,0.0,0.0,0.0,0,,538.0,Deserto absoluto,False
3305406,330540,Sapucaia - RJ,RJ,Rio de Janeiro,2385,1192.5,0,0,0,0,0,0,0,0,0,0,0,0,0,0,0,0,0,0.0,0.0,0.0,0,,1192.5,Deserto absoluto,False
3305505,330550,Saquarema - RJ,RJ,Rio de Janeiro,12371,6185.5,3,3,1986,2647,2490,4701,5473,5548,66,70,32,50,109,140,11021,249,11270,5635.0,0.8909,0.911,15207,0.6294,550.5,Adequado,True
3305554,330555,Seropédica - RJ,RJ,Rio de Janeiro,9402,4701.0,2,2,0,0,208,1429,913,541,0,0,1,15,7,1,1454,8,1462,731.0,0.1546,0.1555,10138,0.9279,3970.0,Deserto funcional,True
3305604,330560,Silva Jardim - RJ,RJ,Rio de Janeiro,2460,1230.0,0,0,0,0,0,0,0,0,0,0,0,0,0,0,0,0,0,0.0,0.0,0.0,0,,1230.0,Deserto absoluto,False
3305703,330570,Sumidouro - RJ,RJ,Rio de Janeiro,1753,876.5,0,0,0,0,0,0,0,0,0,0,0,0,0,0,0,0,0,0.0,0.0,0.0,0,,876.5,Deserto absoluto,False
3305752,330575,Tanguá - RJ,RJ,Rio de Janeiro,3615,1807.5,1,1,0,0,0,0,0,0,0,0,0,0,0,0,0,0,0,0.0,0.0,0.0,5069,1.0,1807.5,Deserto funcional,True
3305802,330580,Teresópolis - RJ,RJ,Rio de Janeiro,21414,10707.0,7,7,3178,4516,4183,4974,5903,6354,512,584,417,515,489,643,12257,1132,13389,6694.5,0.5724,0.6252,35483,0.8113,4012.5,Intermediario,True
3305901,330590,Trajano de Moraes - RJ,RJ,Rio de Janeiro,1337,668.5,0,0,0,0,0,0,0,0,0,0,0,0,0,0,0,0,0,0.0,0.0,0.0,0,,668.5,Deserto absoluto,False
3306008,330600,Três Rios - RJ,RJ,Rio de Janeiro,9973,4986.5,6,5,2662,4236,153,0,0,898,15,10,0,0,0,3,898,3,901,450.5,0.09,0.0903,25345,0.9822,4536.0,Deserto funcional,True
3306107,330610,Valença - RJ,RJ,Rio de Janeiro,9345,4672.5,2,2,664,627,309,55,57,129,25,11,13,5,20,18,186,38,224,112.0,0.0199,0.024,10138,0.989,4560.5,Deserto funcional,True
3306156,330615,Varre-Sai - RJ,RJ,Rio de Janeiro,1071,535.5,0,0,0,0,0,0,0,0,0,0,0,0,0,0,0,0,0,0.0,0.0,0.0,0,,535.5,Deserto absoluto,False
3306206,330620,Vassouras - RJ,RJ,Rio de Janeiro,4490,2245.0,2,2,624,875,927,0,0,0,138,169,122,0,0,0,0,0,0,0.0,0.0,0.0,10138,1.0,2245.0,Deserto funcional,True
3306305,330630,Volta Redonda - RJ,RJ,Rio de Janeiro,37183,18591.5,13,12,4781,7460,10800,12634,9879,9144,661,984,1306,1325,1247,1779,19023,3026,22049,11024.5,0.5116,0.593,60828,0.8188,7567.0,Intermediario,True
3500105,350010,Adamantina - SP,SP,São Paulo,4849,2424.5,4,4,939,1246,1258,1024,1057,1073,85,170,60,123,86,24,2130,110,2240,1120.0,0.4393,0.462,20276,0.9448,1304.5,Intermediario,True
3500204,350020,Adolfo - SP,SP,São Paulo,619,309.5,0,0,0,0,0,0,0,0,0,0,0,0,0,0,0,0,0,0.0,0.0,0.0,0,,309.5,Deserto absoluto,False
3500303,350030,Aguaí - SP,SP,São Paulo,3670,1835.0,0,0,0,0,0,0,0,0,0,0,0,0,0,0,0,0,0,0.0,0.0,0.0,0,,1835.0,Deserto absoluto,False
3500402,350040,Águas da Prata - SP,SP,São Paulo,1076,538.0,0,0,0,0,0,0,0,0,0,0,0,0,0,0,0,0,0,0.0,0.0,0.0,0,,538.0,Deserto absoluto,False
3500501,350050,Águas de Lindóia - SP,SP,São Paulo,2497,1248.5,0,0,0,0,0,0,0,0,0,0,0,0,0,0,0,0,0,0.0,0.0,0.0,0,,1248.5,Deserto absoluto,False
3500550,350055,Águas de Santa Bárbara - SP,SP,São Paulo,947,473.5,0,0,0,0,0,0,0,0,0,0,0,0,0,0,0,0,0,0.0,0.0,0.0,0,,473.5,Deserto absoluto,False
3500600,350060,Águas de São Pedro - SP,SP,São Paulo,473,236.5,0,0,0,0,0,0,0,0,0,0,0,0,0,0,0,0,0,0.0,0.0,0.0,0,,236.5,Deserto absoluto,False
3500709,350070,Agudos - SP,SP,São Paulo,4277,2138.5,0,0,0,0,0,0,0,0,0,0,0,0,0,0,0,0,0,0.0,0.0,0.0,0,,2138.5,Deserto absoluto,False
3500758,350075,Alambari - SP,SP,São Paulo,692,346.0,0,0,0,0,0,0,0,0,0,0,0,0,0,0,0,0,0,0.0,0.0,0.0,0,,346.0,Deserto absoluto,False
3500808,350080,Alfredo Marcondes - SP,SP,São Paulo,594,297.0,0,0,0,0,0,0,0,0,0,0,0,0,0,0,0,0,0,0.0,0.0,0.0,0,,297.0,Deserto absoluto,False
3500907,350090,Altair - SP,SP,São Paulo,377,188.5,0,0,0,0,0,0,0,0,0,0,0,0,0,0,0,0,0,0.0,0.0,0.0,0,,188.5,Deserto absoluto,False
3501004,350100,Altinópolis - SP,SP,São Paulo,1980,990.0,0,0,0,0,0,0,0,0,0,0,0,0,0,0,0,0,0,0.0,0.0,0.0,0,,990.0,Deserto absoluto,False
3501103,350110,Alto Alegre - SP,SP,São Paulo,532,266.0,0,0,0,0,0,0,0,0,0,0,0,0,0,0,0,0,0,0.0,0.0,0.0,0,,266.0,Deserto absoluto,False
3501152,350115,Alumínio - SP,SP,São Paulo,1766,883.0,0,0,0,0,0,0,0,0,0,0,0,0,0,0,0,0,0,0.0,0.0,0.0,0,,883.0,Deserto absoluto,False
3501202,350120,Álvares Florence - SP,SP,São Paulo,606,303.0,0,0,0,0,0,0,0,0,0,0,0,0,0,0,0,0,0,0.0,0.0,0.0,0,,303.0,Deserto absoluto,False
3501301,350130,Álvares Machado - SP,SP,São Paulo,3286,1643.0,0,0,0,0,0,0,0,0,0,0,0,0,0,0,0,0,0,0.0,0.0,0.0,0,,1643.0,Deserto absoluto,False
3501400,350140,Álvaro de Carvalho - SP,SP,São Paulo,370,185.0,0,0,0,0,0,0,0,0,0,0,0,0,0,0,0,0,0,0.0,0.0,0.0,0,,185.0,Deserto absoluto,False
3501509,350150,Alvinlândia - SP,SP,São Paulo,340,170.0,0,0,0,0,0,0,0,0,0,0,0,0,0,0,0,0,0,0.0,0.0,0.0,0,,170.0,Deserto absoluto,False
3501608,350160,Americana - SP,SP,São Paulo,30358,15179.0,10,10,2007,3929,4892,4555,7231,4394,64,139,195,251,481,660,11625,1141,12766,6383.0,0.3829,0.4205,50690,0.8741,8796.0,Intermediario,True
3501707,350170,Américo Brasiliense - SP,SP,São Paulo,3556,1778.0,2,2,3041,2105,2758,3321,3378,2232,159,128,183,726,216,144,5610,360,5970,2985.0,1.5776,1.6789,10138,0.7056,-1207.0,Adequado,False
3501806,350180,Américo de Campos - SP,SP,São Paulo,821,410.5,0,0,0,0,0,0,0,0,0,0,0,0,0,0,0,0,0,0.0,0.0,0.0,0,,410.5,Deserto absoluto,False
3501905,350190,Amparo - SP,SP,São Paulo,8554,4277.0,5,5,5962,3321,6952,5911,5844,5111,142,57,146,136,139,140,10955,279,11234,5617.0,1.2807,1.3133,25345,0.7784,-1340.0,Adequado,False
3502002,350200,Analândia - SP,SP,São Paulo,525,262.5,0,0,0,0,0,0,0,0,0,0,0,0,0,0,0,0,0,0.0,0.0,0.0,0,,262.5,Deserto absoluto,False
3502101,350210,Andradina - SP,SP,São Paulo,7771,3885.5,2,2,1265,600,1083,1185,951,1008,26,6,13,8,3,14,1959,17,1976,988.0,0.2521,0.2543,10138,0.9025,2897.5,Deserto funcional,True
3502200,350220,Angatuba - SP,SP,São Paulo,2763,1381.5,1,1,0,0,0,0,0,0,0,0,0,0,0,0,0,0,0,0.0,0.0,0.0,5069,1.0,1381.5,Deserto funcional,True
3502309,350230,Anhembi - SP,SP,São Paulo,653,326.5,0,0,0,0,0,0,0,0,0,0,0,0,0,0,0,0,0,0.0,0.0,0.0,0,,326.5,Deserto absoluto,False
3502408,350240,Anhumas - SP,SP,São Paulo,508,254.0,0,0,0,0,0,0,0,0,0,0,0,0,0,0,0,0,0,0.0,0.0,0.0,0,,254.0,Deserto absoluto,False
3502507,350250,Aparecida - SP,SP,São Paulo,4464,2232.0,0,0,0,0,0,0,0,0,0,0,0,0,0,0,0,0,0,0.0,0.0,0.0,0,,2232.0,Deserto absoluto,False
3502606,350260,Aparecida d'Oeste - SP,SP,São Paulo,622,311.0,0,0,0,0,0,0,0,0,0,0,0,0,0,0,0,0,0,0.0,0.0,0.0,0,,311.0,Deserto absoluto,False
3502705,350270,Apiaí - SP,SP,São Paulo,2766,1383.0,0,0,0,0,0,0,0,0,0,0,0,0,0,0,0,0,0,0.0,0.0,0.0,0,,1383.0,Deserto absoluto,False
3502754,350275,Araçariguama - SP,SP,São Paulo,2019,1009.5,3,3,0,0,0,0,0,0,0,0,0,0,0,0,0,0,0,0.0,0.0,0.0,15207,1.0,1009.5,Deserto funcional,True
3502804,350280,Araçatuba - SP,SP,São Paulo,26148,13074.0,11,10,7985,7736,9092,9316,9027,9899,86,56,42,60,75,97,18926,172,19098,9549.0,0.7238,0.7304,50690,0.8116,3525.0,Adequado,True
3502903,350290,Araçoiaba da Serra - SP,SP,São Paulo,4410,2205.0,2,2,0,0,0,0,0,0,0,0,0,0,0,0,0,0,0,0.0,0.0,0.0,10138,1.0,2205.0,Deserto funcional,True
3503000,350300,Aramina - SP,SP,São Paulo,705,352.5,0,0,0,0,0,0,0,0,0,0,0,0,0,0,0,0,0,0.0,0.0,0.0,0,,352.5,Deserto absoluto,False
3503109,350310,Arandu - SP,SP,São Paulo,741,370.5,0,0,0,0,0,0,0,0,0,0,0,0,0,0,0,0,0,0.0,0.0,0.0,0,,370.5,Deserto absoluto,False
3503158,350315,Arapeí - SP,SP,São Paulo,332,166.0,0,0,0,0,0,0,0,0,0,0,0,0,0,0,0,0,0,0.0,0.0,0.0,0,,166.0,Deserto absoluto,False
3503208,350320,Araraquara - SP,SP,São Paulo,30009,15004.5,8,8,4431,6387,7481,7881,8544,8636,855,731,706,748,977,1107,17180,2084,19264,9632.0,0.5725,0.6419,40552,0.7625,5372.5,Intermediario,True
3503307,350330,Araras - SP,SP,São Paulo,16150,8075.0,5,5,1084,992,4856,3950,3680,3887,73,34,27,31,48,118,7567,166,7733,3866.5,0.4685,0.4788,25345,0.8474,4208.5,Intermediario,True
3503356,350335,Arco-Íris - SP,SP,São Paulo,256,128.0,0,0,0,0,0,0,0,0,0,0,0,0,0,0,0,0,0,0.0,0.0,0.0,0,,128.0,Deserto absoluto,False
3503406,350340,Arealva - SP,SP,São Paulo,1134,567.0,0,0,0,0,0,0,0,0,0,0,0,0,0,0,0,0,0,0.0,0.0,0.0,0,,567.0,Deserto absoluto,False
3503505,350350,Areias - SP,SP,São Paulo,396,198.0,0,0,0,0,0,0,0,0,0,0,0,0,0,0,0,0,0,0.0,0.0,0.0,0,,198.0,Deserto absoluto,False
3503604,350360,Areiópolis - SP,SP,São Paulo,1065,532.5,0,0,0,0,0,0,0,0,0,0,0,0,0,0,0,0,0,0.0,0.0,0.0,0,,532.5,Deserto absoluto,False
3503703,350370,Ariranha - SP,SP,São Paulo,969,484.5,0,0,0,0,0,0,0,0,0,0,0,0,0,0,0,0,0,0.0,0.0,0.0,0,,484.5,Deserto absoluto,False
3503802,350380,Artur Nogueira - SP,SP,São Paulo,5632,2816.0,3,3,377,0,0,0,0,402,0,0,0,0,0,4,402,4,406,203.0,0.0714,0.0721,15207,0.9867,2613.0,Deserto funcional,True
3503901,350390,Arujá - SP,SP,São Paulo,9750,4875.0,6,6,1168,4523,4390,4524,1818,0,50,188,153,64,24,0,1818,24,1842,921.0,0.1865,0.1889,30414,0.9697,3954.0,Deserto funcional,True
3503950,350395,Aspásia - SP,SP,São Paulo,251,125.5,0,0,0,0,0,0,0,0,0,0,0,0,0,0,0,0,0,0.0,0.0,0.0,0,,125.5,Deserto absoluto,False
3504008,350400,Assis - SP,SP,São Paulo,13116,6558.0,7,7,1538,1320,1863,4099,4246,4631,304,223,199,302,422,399,8877,821,9698,4849.0,0.6768,0.7394,35483,0.8633,1709.0,Adequado,True
3504107,350410,Atibaia - SP,SP,São Paulo,18957,9478.5,7,7,7820,8486,8587,8218,8896,7617,98,99,69,69,69,174,16513,243,16756,8378.0,0.8711,0.8839,35483,0.7639,1100.5,Adequado,True
3504206,350420,Auriflama - SP,SP,São Paulo,1838,919.0,0,0,0,0,0,0,0,0,0,0,0,0,0,0,0,0,0,0.0,0.0,0.0,0,,919.0,Deserto absoluto,False
3504305,350430,Avaí - SP,SP,São Paulo,544,272.0,0,0,0,0,0,0,0,0,0,0,0,0,0,0,0,0,0,0.0,0.0,0.0,0,,272.0,Deserto absoluto,False
3504404,350440,Avanhandava - SP,SP,São Paulo,1138,569.0,0,0,0,0,0,0,0,0,0,0,0,0,0,0,0,0,0,0.0,0.0,0.0,0,,569.0,Deserto absoluto,False
3504503,350450,Avaré - SP,SP,São Paulo,10670,5335.0,4,4,1235,1382,1642,1871,1687,1581,49,34,48,20,63,92,3268,155,3423,1711.5,0.3063,0.3208,20276,0.9156,3623.5,Intermediario,True
3504602,350460,Bady Bassitt - SP,SP,São Paulo,2742,1371.0,0,0,0,0,0,0,0,0,0,0,0,0,0,0,0,0,0,0.0,0.0,0.0,0,,1371.0,Deserto absoluto,False
3504701,350470,Balbinos - SP,SP,São Paulo,191,95.5,0,0,0,0,0,0,0,0,0,0,0,0,0,0,0,0,0,0.0,0.0,0.0,0,,95.5,Deserto absoluto,False
3504800,350480,Bálsamo - SP,SP,São Paulo,1266,633.0,0,0,0,0,0,0,0,0,0,0,0,0,0,0,0,0,0,0.0,0.0,0.0,0,,633.0,Deserto absoluto,False
3504909,350490,Bananal - SP,SP,São Paulo,1290,645.0,0,0,0,0,0,0,0,0,0,0,0,0,0,0,0,0,0,0.0,0.0,0.0,0,,645.0,Deserto absoluto,False
3505005,350500,Barão de Antonina - SP,SP,São Paulo,411,205.5,0,0,0,0,0,0,0,0,0,0,0,0,0,0,0,0,0,0.0,0.0,0.0,0,,205.5,Deserto absoluto,False
3505104,350510,Barbosa - SP,SP,São Paulo,696,348.0,0,0,0,0,0,0,0,0,0,0,0,0,0,0,0,0,0,0.0,0.0,0.0,0,,348.0,Deserto absoluto,False
3505203,350520,Bariri - SP,SP,São Paulo,3940,1970.0,1,1,0,0,0,0,0,0,0,0,0,0,0,0,0,0,0,0.0,0.0,0.0,5069,1.0,1970.0,Deserto funcional,True
3505302,350530,Barra Bonita - SP,SP,São Paulo,4811,2405.5,1,1,20,231,350,446,346,369,2,0,3,37,58,28,715,86,801,400.5,0.1486,0.1665,5069,0.921,2005.0,Deserto funcional,True
3505351,350535,Barra do Chapéu - SP,SP,São Paulo,494,247.0,0,0,0,0,0,0,0,0,0,0,0,0,0,0,0,0,0,0.0,0.0,0.0,0,,247.0,Deserto absoluto,False
3505401,350540,Barra do Turvo - SP,SP,São Paulo,818,409.0,0,0,0,0,0,0,0,0,0,0,0,0,0,0,0,0,0,0.0,0.0,0.0,0,,409.0,Deserto absoluto,False
3505500,350550,Barretos - SP,SP,São Paulo,14912,7456.0,9,9,14285,28258,66377,60074,54726,54200,12182,12683,16400,15462,16736,17138,108926,33874,142800,71400.0,7.3046,9.5762,45621,-0.5651,-63944.0,Adequado,False
3505609,350560,Barrinha - SP,SP,São Paulo,3109,1554.5,1,1,0,0,0,0,0,0,0,0,0,0,0,0,0,0,0,0.0,0.0,0.0,5069,1.0,1554.5,Deserto funcional,True
3505708,350570,Barueri - SP,SP,São Paulo,31548,15774.0,12,12,14951,12196,13661,13154,11552,21251,579,341,171,86,73,101,32803,174,32977,16488.5,1.0398,1.0453,60828,0.7289,-714.5,Adequado,False
3505807,350580,Bastos - SP,SP,São Paulo,2769,1384.5,0,0,0,0,0,0,0,0,0,0,0,0,0,0,0,0,0,0.0,0.0,0.0,0,,1384.5,Deserto absoluto,False
3505906,350590,Batatais - SP,SP,São Paulo,7263,3631.5,2,2,2016,3281,3576,4141,3723,3486,49,69,29,45,30,43,7209,73,7282,3641.0,0.9926,1.0026,10138,0.6409,-9.5,Adequado,False
3506003,350600,Bauru - SP,SP,São Paulo,45899,22949.5,15,15,6767,9573,8339,6167,7746,10217,658,787,818,690,1115,855,17963,1970,19933,9966.5,0.3914,0.4343,76035,0.8689,12983.0,Intermediario,True
3506102,350610,Bebedouro - SP,SP,São Paulo,9486,4743.0,4,4,0,0,0,0,0,0,0,0,0,0,0,0,0,0,0,0.0,0.0,0.0,20276,1.0,4743.0,Deserto funcional,True
3506201,350620,Bento de Abreu - SP,SP,São Paulo,314,157.0,0,0,0,0,0,0,0,0,0,0,0,0,0,0,0,0,0,0.0,0.0,0.0,0,,157.0,Deserto absoluto,False
3506300,350630,Bernardino de Campos - SP,SP,São Paulo,1354,677.0,0,0,0,0,0,0,0,0,0,0,0,0,0,0,0,0,0,0.0,0.0,0.0,0,,677.0,Deserto absoluto,False
3506359,350635,Bertioga - SP,SP,São Paulo,6432,3216.0,2,2,779,1254,1187,1547,1127,1178,23,23,24,19,13,32,2305,45,2350,1175.0,0.3584,0.3654,10138,0.8841,2041.0,Intermediario,True
3506409,350640,Bilac - SP,SP,São Paulo,975,487.5,0,0,0,0,0,0,0,0,0,0,0,0,0,0,0,0,0,0.0,0.0,0.0,0,,487.5,Deserto absoluto,False
3506508,350650,Birigui - SP,SP,São Paulo,15211,7605.5,5,5,1658,1938,2887,3596,3094,3521,10,10,10,9,8,9,6615,17,6632,3316.0,0.4349,0.436,25345,0.8692,4289.5,Intermediario,True
3506607,350660,Biritiba Mirim - SP,SP,São Paulo,3390,1695.0,0,0,0,0,0,0,0,0,0,0,0,0,0,0,0,0,0,0.0,0.0,0.0,0,,1695.0,Deserto absoluto,False
3506706,350670,Boa Esperança do Sul - SP,SP,São Paulo,1478,739.0,0,0,0,0,0,0,0,0,0,0,0,0,0,0,0,0,0,0.0,0.0,0.0,0,,739.0,Deserto absoluto,False
3506805,350680,Bocaina - SP,SP,São Paulo,1284,642.0,0,0,0,0,0,0,0,0,0,0,0,0,0,0,0,0,0,0.0,0.0,0.0,0,,642.0,Deserto absoluto,False
3506904,350690,Bofete - SP,SP,São Paulo,1351,675.5,0,0,0,0,0,0,0,0,0,0,0,0,0,0,0,0,0,0.0,0.0,0.0,0,,675.5,Deserto absoluto,False
3507001,350700,Boituva - SP,SP,São Paulo,6649,3324.5,3,3,221,188,343,303,47,91,9,4,1,0,0,0,138,0,138,69.0,0.0208,0.0208,15207,0.9955,3255.5,Deserto funcional,True
3507100,350710,Bom Jesus dos Perdões - SP,SP,São Paulo,2387,1193.5,0,0,0,0,0,0,0,0,0,0,0,0,0,0,0,0,0,0.0,0.0,0.0,0,,1193.5,Deserto absoluto,False
3507159,350715,Bom Sucesso de Itararé - SP,SP,São Paulo,303,151.5,0,0,0,0,0,0,0,0,0,0,0,0,0,0,0,0,0,0.0,0.0,0.0,0,,151.5,Deserto absoluto,False
3507209,350720,Borá - SP,SP,São Paulo,117,58.5,0,0,0,0,0,0,0,0,0,0,0,0,0,0,0,0,0,0.0,0.0,0.0,0,,58.5,Deserto absoluto,False
3507308,350730,Boracéia - SP,SP,São Paulo,518,259.0,0,0,0,0,0,0,0,0,0,0,0,0,0,0,0,0,0,0.0,0.0,0.0,0,,259.0,Deserto absoluto,False
3507407,350740,Borborema - SP,SP,São Paulo,1911,955.5,0,0,0,0,0,0,0,0,0,0,0,0,0,0,0,0,0,0.0,0.0,0.0,0,,955.5,Deserto absoluto,False
3507456,350745,Borebi - SP,SP,São Paulo,292,146.0,0,0,0,0,0,0,0,0,0,0,0,0,0,0,0,0,0,0.0,0.0,0.0,0,,146.0,Deserto absoluto,False
3507506,350750,Botucatu - SP,SP,São Paulo,16974,8487.0,8,8,7702,7011,8944,7933,13331,11687,1789,708,370,248,1777,1504,25018,3281,28299,14149.5,1.4739,1.6672,40552,0.6511,-5662.5,Adequado,False
3507605,350760,Bragança Paulista - SP,SP,São Paulo,20627,10313.5,14,14,4225,4929,4452,2710,2676,3014,235,208,215,196,168,201,5690,369,6059,3029.5,0.2759,0.2937,70966,0.9573,7284.0,Deserto funcional,True
3507704,350770,Braúna - SP,SP,São Paulo,615,307.5,0,0,0,0,0,0,0,0,0,0,0,0,0,0,0,0,0,0.0,0.0,0.0,0,,307.5,Deserto absoluto,False
3507753,350775,Brejo Alegre - SP,SP,São Paulo,328,164.0,0,0,0,0,0,0,0,0,0,0,0,0,0,0,0,0,0,0.0,0.0,0.0,0,,164.0,Deserto absoluto,False
3507803,350780,Brodowski - SP,SP,São Paulo,2904,1452.0,2,2,0,0,0,0,0,0,0,0,0,0,0,0,0,0,0,0.0,0.0,0.0,10138,1.0,1452.0,Deserto funcional,True
3507902,350790,Brotas - SP,SP,São Paulo,2875,1437.5,0,0,0,0,0,0,0,0,0,0,0,0,0,0,0,0,0,0.0,0.0,0.0,0,,1437.5,Deserto absoluto,False
3508009,350800,Buri - SP,SP,São Paulo,1975,987.5,0,0,0,0,0,0,0,0,0,0,0,0,0,0,0,0,0,0.0,0.0,0.0,0,,987.5,Deserto absoluto,False
3508108,350810,Buritama - SP,SP,São Paulo,2441,1220.5,0,0,0,0,0,0,0,0,0,0,0,0,0,0,0,0,0,0.0,0.0,0.0,0,,1220.5,Deserto absoluto,False
3508207,350820,Buritizal - SP,SP,São Paulo,529,264.5,0,0,0,0,0,0,0,0,0,0,0,0,0,0,0,0,0,0.0,0.0,0.0,0,,264.5,Deserto absoluto,False
3508306,350830,Cabrália Paulista - SP,SP,São Paulo,486,243.0,0,0,0,0,0,0,0,0,0,0,0,0,0,0,0,0,0,0.0,0.0,0.0,0,,243.0,Deserto absoluto,False
3508405,350840,Cabreúva - SP,SP,São Paulo,4696,2348.0,1,1,0,0,0,0,0,0,0,0,0,0,0,0,0,0,0,0.0,0.0,0.0,5069,1.0,2348.0,Deserto funcional,True
3508504,350850,Caçapava - SP,SP,São Paulo,11356,5678.0,3,3,1650,2288,2416,2385,1102,461,24,21,8,14,5,12,1563,17,1580,790.0,0.1376,0.1391,15207,0.9481,4888.0,Deserto funcional,True
3508603,350860,Cachoeira Paulista - SP,SP,São Paulo,3907,1953.5,0,0,0,0,0,0,0,0,0,0,0,0,0,0,0,0,0,0.0,0.0,0.0,0,,1953.5,Deserto absoluto,False
3508702,350870,Caconde - SP,SP,São Paulo,2129,1064.5,0,0,0,0,0,0,0,0,0,0,0,0,0,0,0,0,0,0.0,0.0,0.0,0,,1064.5,Deserto absoluto,False
3508801,350880,Cafelândia - SP,SP,São Paulo,2104,1052.0,0,0,0,0,0,0,0,0,0,0,0,0,0,0,0,0,0,0.0,0.0,0.0,0,,1052.0,Deserto absoluto,False
3508900,350890,Caiabu - SP,SP,São Paulo,511,255.5,0,0,0,0,0,0,0,0,0,0,0,0,0,0,0,0,0,0.0,0.0,0.0,0,,255.5,Deserto absoluto,False
3509007,350900,Caieiras - SP,SP,São Paulo,11124,5562.0,5,5,762,1547,3308,3008,3510,3232,8,8,34,32,17,11,6742,28,6770,3385.0,0.6061,0.6086,25345,0.8664,2177.0,Intermediario,True
3509106,350910,Caiuá - SP,SP,São Paulo,653,326.5,0,0,0,0,0,0,0,0,0,0,0,0,0,0,0,0,0,0.0,0.0,0.0,0,,326.5,Deserto absoluto,False
3509205,350920,Cajamar - SP,SP,São Paulo,8351,4175.5,2,2,1138,2416,3056,3302,3481,1859,26,36,31,23,38,3,5340,41,5381,2690.5,0.6394,0.6444,10138,0.7346,1485.0,Intermediario,True
3509254,350925,Cajati - SP,SP,São Paulo,2827,1413.5,0,0,0,0,0,0,0,0,0,0,0,0,0,0,0,0,0,0.0,0.0,0.0,0,,1413.5,Deserto absoluto,False
3509304,350930,Cajobi - SP,SP,São Paulo,1169,584.5,0,0,0,0,0,0,0,0,0,0,0,0,0,0,0,0,0,0.0,0.0,0.0,0,,584.5,Deserto absoluto,False
3509403,350940,Cajuru - SP,SP,São Paulo,2712,1356.0,0,0,531,650,0,0,0,0,16,15,0,0,0,0,0,0,0,0.0,0.0,0.0,0,,1356.0,Deserto absoluto,False
3509452,350945,Campina do Monte Alegre - SP,SP,São Paulo,691,345.5,0,0,0,0,0,0,0,0,0,0,0,0,0,0,0,0,0,0.0,0.0,0.0,0,,345.5,Deserto absoluto,False
3509502,350950,Campinas - SP,SP,São Paulo,141242,70621.0,50,49,11928,20568,27706,24959,26001,18469,7662,8211,8022,8603,10857,10598,44470,21455,65925,32962.5,0.3148,0.4668,248381,0.8673,37658.5,Intermediario,True
3509601,350960,Campo Limpo Paulista - SP,SP,São Paulo,9065,4532.5,2,0,0,0,0,0,0,0,0,0,0,0,0,0,0,0,0,0.0,0.0,0.0,0,,4532.5,Deserto funcional,False
3509700,350970,Campos do Jordão - SP,SP,São Paulo,5552,2776.0,5,5,1583,1737,1735,1733,1774,1881,3,3,4,5,31,18,3655,49,3704,1852.0,0.6583,0.6671,25345,0.9269,924.0,Intermediario,True
3509809,350980,Campos Novos Paulista - SP,SP,São Paulo,556,278.0,0,0,0,0,0,0,0,0,0,0,0,0,0,0,0,0,0,0.0,0.0,0.0,0,,278.0,Deserto absoluto,False
3509908,350990,Cananéia - SP,SP,São Paulo,1440,720.0,0,0,0,0,0,0,0,0,0,0,0,0,0,0,0,0,0,0.0,0.0,0.0,0,,720.0,Deserto absoluto,False
3509957,350995,Canas - SP,SP,São Paulo,508,254.0,0,0,0,0,0,0,0,0,0,0,0,0,0,0,0,0,0,0.0,0.0,0.0,0,,254.0,Deserto absoluto,False
3510005,351000,Cândido Mota - SP,SP,São Paulo,3933,1966.5,1,1,0,0,0,0,0,0,0,0,0,0,0,0,0,0,0,0.0,0.0,0.0,5069,1.0,1966.5,Deserto funcional,True
3510104,351010,Cândido Rodrigues - SP,SP,São Paulo,379,189.5,0,0,0,0,0,0,0,0,0,0,0,0,0,0,0,0,0,0.0,0.0,0.0,0,,189.5,Deserto absoluto,False
3510153,351015,Canitar - SP,SP,São Paulo,516,258.0,0,0,0,0,0,0,0,0,0,0,0,0,0,0,0,0,0,0.0,0.0,0.0,0,,258.0,Deserto absoluto,False
3510203,351020,Capão Bonito - SP,SP,São Paulo,4985,2492.5,2,2,1093,1406,911,1648,1514,1193,40,25,11,70,60,54,2707,114,2821,1410.5,0.543,0.5659,10138,0.8609,1082.0,Intermediario,True
3510302,351030,Capela do Alto - SP,SP,São Paulo,2190,1095.0,0,0,0,0,0,0,0,0,0,0,0,0,0,0,0,0,0,0.0,0.0,0.0,0,,1095.0,Deserto absoluto,False
3510401,351040,Capivari - SP,SP,São Paulo,5718,2859.0,4,4,0,0,0,1298,1629,1142,0,0,0,6,23,5,2771,28,2799,1399.5,0.4846,0.4895,20276,0.931,1459.5,Intermediario,True
3510500,351050,Caraguatatuba - SP,SP,São Paulo,15358,7679.0,6,6,5653,6193,9903,10771,8942,8404,562,658,729,467,237,263,17346,500,17846,8923.0,1.1294,1.162,30414,0.7066,-1244.0,Adequado,False
3510609,351060,Carapicuíba - SP,SP,São Paulo,42526,21263.0,4,4,2835,3493,6554,4971,3461,3281,56,46,99,118,60,67,6742,127,6869,3434.5,0.1585,0.1615,20276,0.8306,17828.5,Deserto funcional,True
3510708,351070,Cardoso - SP,SP,São Paulo,1640,820.0,0,0,0,0,0,0,0,0,0,0,0,0,0,0,0,0,0,0.0,0.0,0.0,0,,820.0,Deserto absoluto,False
3510807,351080,Casa Branca - SP,SP,São Paulo,3321,1660.5,3,3,4157,4327,4507,4120,4356,3662,241,798,593,731,695,579,8018,1274,9292,4646.0,2.4143,2.798,15207,0.6945,-2985.5,Adequado,False
3510906,351090,Cássia dos Coqueiros - SP,SP,São Paulo,382,191.0,0,0,0,0,0,0,0,0,0,0,0,0,0,0,0,0,0,0.0,0.0,0.0,0,,191.0,Deserto absoluto,False
3511003,351100,Castilho - SP,SP,São Paulo,2520,1260.0,0,0,0,0,0,0,0,0,0,0,0,0,0,0,0,0,0,0.0,0.0,0.0,0,,1260.0,Deserto absoluto,False
3511102,351110,Catanduva - SP,SP,São Paulo,15145,7572.5,12,12,5624,5603,6745,6768,7224,8111,91,93,98,172,198,503,15335,701,16036,8018.0,1.0125,1.0588,60828,0.8682,-445.5,Adequado,False
3511201,351120,Catiguá - SP,SP,São Paulo,839,419.5,0,0,0,0,0,0,0,0,0,0,0,0,0,0,0,0,0,0.0,0.0,0.0,0,,419.5,Deserto absoluto,False
3511300,351130,Cedral - SP,SP,São Paulo,1392,696.0,0,0,0,0,0,0,0,0,0,0,0,0,0,0,0,0,0,0.0,0.0,0.0,0,,696.0,Deserto absoluto,False
3511409,351140,Cerqueira César - SP,SP,São Paulo,2220,1110.0,1,1,0,0,0,11,34,325,0,0,0,0,0,4,359,4,363,181.5,0.1617,0.1635,5069,0.9642,928.5,Deserto funcional,True
3511508,351150,Cerquilho - SP,SP,São Paulo,5279,2639.5,2,2,0,0,0,0,0,0,0,0,0,0,0,0,0,0,0,0.0,0.0,0.0,10138,1.0,2639.5,Deserto funcional,True
3511607,351160,Cesário Lange - SP,SP,São Paulo,1939,969.5,0,0,0,0,0,0,0,0,0,0,0,0,0,0,0,0,0,0.0,0.0,0.0,0,,969.5,Deserto absoluto,False
3511706,351170,Charqueada - SP,SP,São Paulo,1737,868.5,0,0,0,0,0,0,0,0,0,0,0,0,0,0,0,0,0,0.0,0.0,0.0,0,,868.5,Deserto absoluto,False
3511904,351190,Clementina - SP,SP,São Paulo,773,386.5,0,0,0,0,0,0,0,0,0,0,0,0,0,0,0,0,0,0.0,0.0,0.0,0,,386.5,Deserto absoluto,False
3512001,351200,Colina - SP,SP,São Paulo,2276,1138.0,0,0,0,0,0,0,0,0,0,0,0,0,0,0,0,0,0,0.0,0.0,0.0,0,,1138.0,Deserto absoluto,False
3512100,351210,Colômbia - SP,SP,São Paulo,736,368.0,0,0,0,0,0,0,0,0,0,0,0,0,0,0,0,0,0,0.0,0.0,0.0,0,,368.0,Deserto absoluto,False
3512209,351220,Conchal - SP,SP,São Paulo,2830,1415.0,1,1,381,863,827,1056,1141,1225,3,6,3,7,6,10,2366,16,2382,1191.0,0.836,0.8417,5069,0.765,224.0,Adequado,True
3512308,351230,Conchas - SP,SP,São Paulo,1972,986.0,1,1,0,0,0,0,0,0,0,0,0,0,0,0,0,0,0,0.0,0.0,0.0,5069,1.0,986.0,Deserto funcional,True
3512407,351240,Cordeirópolis - SP,SP,São Paulo,2583,1291.5,0,0,0,0,0,0,0,0,0,0,0,0,0,0,0,0,0,0.0,0.0,0.0,0,,1291.5,Deserto absoluto,False
3512506,351250,Coroados - SP,SP,São Paulo,675,337.5,0,0,0,0,0,0,0,0,0,0,0,0,0,0,0,0,0,0.0,0.0,0.0,0,,337.5,Deserto absoluto,False
3512605,351260,Coronel Macedo - SP,SP,São Paulo,536,268.0,0,0,0,0,0,0,0,0,0,0,0,0,0,0,0,0,0,0.0,0.0,0.0,0,,268.0,Deserto absoluto,False
3512704,351270,Corumbataí - SP,SP,São Paulo,461,230.5,0,0,0,0,0,0,0,0,0,0,0,0,0,0,0,0,0,0.0,0.0,0.0,0,,230.5,Deserto absoluto,False
3512803,351280,Cosmópolis - SP,SP,São Paulo,6810,3405.0,2,2,0,0,1626,1264,824,660,0,0,40,20,23,45,1484,68,1552,776.0,0.2179,0.2279,10138,0.9235,2629.0,Deserto funcional,True
3512902,351290,Cosmorama - SP,SP,São Paulo,1066,533.0,1,1,0,0,0,0,0,0,0,0,0,0,0,0,0,0,0,0.0,0.0,0.0,5069,1.0,533.0,Deserto funcional,True
3513009,351300,Cotia - SP,SP,São Paulo,28324,14162.0,8,7,2744,2661,5527,3426,4648,3071,109,258,301,172,96,33,7719,129,7848,3924.0,0.2725,0.2771,35483,0.8894,10238.0,Deserto funcional,True
3513108,351310,Cravinhos - SP,SP,São Paulo,4030,2015.0,3,3,275,289,0,255,157,184,0,0,0,34,50,64,341,114,455,227.5,0.0846,0.1129,15207,0.985,1787.5,Deserto funcional,True
3513207,351320,Cristais Paulista - SP,SP,São Paulo,1061,530.5,0,0,0,0,0,0,0,0,0,0,0,0,0,0,0,0,0,0.0,0.0,0.0,0,,530.5,Deserto absoluto,False
3513306,351330,Cruzália - SP,SP,São Paulo,321,160.5,0,0,0,0,0,0,0,0,0,0,0,0,0,0,0,0,0,0.0,0.0,0.0,0,,160.5,Deserto absoluto,False
3513405,351340,Cruzeiro - SP,SP,São Paulo,9717,4858.5,7,7,0,0,0,320,2107,2488,0,0,0,38,40,0,4595,40,4635,2317.5,0.4729,0.477,35483,0.9347,2541.0,Intermediario,True
3513504,351350,Cubatão - SP,SP,São Paulo,12644,6322.0,3,3,957,2750,3137,2670,3410,1951,28,62,43,30,57,37,5361,94,5455,2727.5,0.424,0.4314,15207,0.8206,3594.5,Intermediario,True
3513603,351360,Cunha - SP,SP,São Paulo,2860,1430.0,0,0,0,0,0,0,0,0,0,0,0,0,0,0,0,0,0,0.0,0.0,0.0,0,,1430.0,Deserto absoluto,False
3513702,351370,Descalvado - SP,SP,São Paulo,4013,2006.5,0,0,0,0,0,0,0,0,0,0,0,0,0,0,0,0,0,0.0,0.0,0.0,0,,2006.5,Deserto absoluto,False
3513801,351380,Diadema - SP,SP,São Paulo,45749,22874.5,2,2,0,1324,3387,7023,5432,5389,0,3,15,40,41,177,10821,218,11039,5519.5,0.2365,0.2413,10138,0.4556,17355.0,Deserto funcional,False
3513850,351385,Dirce Reis - SP,SP,São Paulo,229,114.5,0,0,0,0,0,0,0,0,0,0,0,0,0,0,0,0,0,0.0,0.0,0.0,0,,114.5,Deserto absoluto,False
3513900,351390,Divinolândia - SP,SP,São Paulo,1540,770.0,0,0,0,0,0,0,0,0,0,0,0,0,0,0,0,0,0,0.0,0.0,0.0,0,,770.0,Deserto absoluto,False
3514007,351400,Dobrada - SP,SP,São Paulo,850,425.0,0,0,0,0,0,0,0,0,0,0,0,0,0,0,0,0,0,0.0,0.0,0.0,0,,425.0,Deserto absoluto,False
3514106,351410,Dois Córregos - SP,SP,São Paulo,2841,1420.5,1,0,0,0,0,0,0,0,0,0,0,0,0,0,0,0,0,0.0,0.0,0.0,0,,1420.5,Deserto funcional,False
3514205,351420,Dolcinópolis - SP,SP,São Paulo,304,152.0,0,0,0,0,0,0,0,0,0,0,0,0,0,0,0,0,0,0.0,0.0,0.0,0,,152.0,Deserto absoluto,False
3514304,351430,Dourado - SP,SP,São Paulo,1074,537.0,0,0,0,0,0,0,0,0,0,0,0,0,0,0,0,0,0,0.0,0.0,0.0,0,,537.0,Deserto absoluto,False
3514403,351440,Dracena - SP,SP,São Paulo,6186,3093.0,4,4,4277,5938,3971,5500,3054,2264,103,142,49,75,100,223,5318,323,5641,2820.5,0.8597,0.9119,20276,0.8609,272.5,Adequado,True
3514502,351450,Duartina - SP,SP,São Paulo,1693,846.5,0,0,0,0,0,0,0,0,0,0,0,0,0,0,0,0,0,0.0,0.0,0.0,0,,846.5,Deserto absoluto,False
3514601,351460,Dumont - SP,SP,São Paulo,970,485.0,0,0,0,0,0,0,0,0,0,0,0,0,0,0,0,0,0,0.0,0.0,0.0,0,,485.0,Deserto absoluto,False
3514700,351470,Echaporã - SP,SP,São Paulo,784,392.0,0,0,0,0,0,0,0,0,0,0,0,0,0,0,0,0,0,0.0,0.0,0.0,0,,392.0,Deserto absoluto,False
3514809,351480,Eldorado - SP,SP,São Paulo,1345,672.5,0,0,0,0,0,0,0,0,0,0,0,0,0,0,0,0,0,0.0,0.0,0.0,0,,672.5,Deserto absoluto,False
3514908,351490,Elias Fausto - SP,SP,São Paulo,1962,981.0,0,0,0,0,0,0,0,0,0,0,0,0,0,0,0,0,0,0.0,0.0,0.0,0,,981.0,Deserto absoluto,False
3514924,351492,Elisiário - SP,SP,São Paulo,375,187.5,0,0,0,0,0,0,0,0,0,0,0,0,0,0,0,0,0,0.0,0.0,0.0,0,,187.5,Deserto absoluto,False
3514957,351495,Embaúba - SP,SP,São Paulo,316,158.0,0,0,0,0,0,0,0,0,0,0,0,0,0,0,0,0,0,0.0,0.0,0.0,0,,158.0,Deserto absoluto,False
3515004,351500,Embu das Artes - SP,SP,São Paulo,26308,13154.0,3,3,2170,4264,4205,1710,4052,1063,7,22,4,0,1,33,5115,34,5149,2574.5,0.1944,0.1957,15207,0.8307,10579.5,Deserto funcional,True
3515103,351510,Embu-Guaçu - SP,SP,São Paulo,7337,3668.5,1,1,0,0,0,0,0,0,0,0,0,0,0,0,0,0,0,0.0,0.0,0.0,5069,1.0,3668.5,Deserto funcional,True
3515129,351512,Emilianópolis - SP,SP,São Paulo,413,206.5,0,0,0,0,0,0,0,0,0,0,0,0,0,0,0,0,0,0.0,0.0,0.0,0,,206.5,Deserto absoluto,False
3515152,351515,Engenheiro Coelho - SP,SP,São Paulo,1704,852.0,0,0,0,0,0,0,0,0,0,0,0,0,0,0,0,0,0,0.0,0.0,0.0,0,,852.0,Deserto absoluto,False
3515186,351518,Espírito Santo do Pinhal - SP,SP,São Paulo,5461,2730.5,2,2,0,0,0,14,400,0,0,0,0,0,358,0,400,358,758,379.0,0.0732,0.1388,10138,0.9626,2351.5,Deserto funcional,True
3515194,351519,Espírito Santo do Turvo - SP,SP,São Paulo,415,207.5,0,0,0,0,0,0,0,0,0,0,0,0,0,0,0,0,0,0.0,0.0,0.0,0,,207.5,Deserto absoluto,False
3515202,351520,Estrela d'Oeste - SP,SP,São Paulo,1153,576.5,0,0,0,0,0,0,0,0,0,0,0,0,0,0,0,0,0,0.0,0.0,0.0,0,,576.5,Deserto absoluto,False
3515301,351530,Estrela do Norte - SP,SP,São Paulo,349,174.5,0,0,0,0,0,0,0,0,0,0,0,0,0,0,0,0,0,0.0,0.0,0.0,0,,174.5,Deserto absoluto,False
3515350,351535,Euclides da Cunha Paulista - SP,SP,São Paulo,1035,517.5,0,0,0,0,0,0,0,0,0,0,0,0,0,0,0,0,0,0.0,0.0,0.0,0,,517.5,Deserto absoluto,False
3515400,351540,Fartura - SP,SP,São Paulo,2056,1028.0,1,1,1392,1504,1568,1618,1430,1631,25,44,55,75,58,220,3061,278,3339,1669.5,1.4888,1.624,5069,0.6706,-641.5,Adequado,False
3515509,351550,Fernandópolis - SP,SP,São Paulo,9306,4653.0,4,4,6518,15718,20147,16165,13406,7906,2052,4312,4778,5252,5621,4144,21312,9765,31077,15538.5,2.2901,3.3395,20276,0.2337,-10885.5,Adequado,False
3515608,351560,Fernando Prestes - SP,SP,São Paulo,748,374.0,0,0,0,0,0,0,0,0,0,0,0,0,0,0,0,0,0,0.0,0.0,0.0,0,,374.0,Deserto absoluto,False
3515657,351565,Fernão - SP,SP,São Paulo,183,91.5,0,0,0,0,0,0,0,0,0,0,0,0,0,0,0,0,0,0.0,0.0,0.0,0,,91.5,Deserto absoluto,False
3515707,351570,Ferraz de Vasconcelos - SP,SP,São Paulo,19190,9595.0,4,4,668,1032,2491,1382,1925,2076,39,54,137,91,143,120,4001,263,4264,2132.0,0.2085,0.2222,20276,0.8949,7463.0,Deserto funcional,True
3515806,351580,Flora Rica - SP,SP,São Paulo,231,115.5,0,0,0,0,0,0,0,0,0,0,0,0,0,0,0,0,0,0.0,0.0,0.0,0,,115.5,Deserto absoluto,False
3515905,351590,Floreal - SP,SP,São Paulo,442,221.0,0,0,0,0,0,0,0,0,0,0,0,0,0,0,0,0,0,0.0,0.0,0.0,0,,221.0,Deserto absoluto,False
3516002,351600,Flórida Paulista - SP,SP,São Paulo,1507,753.5,0,0,0,0,0,0,0,0,0,0,0,0,0,0,0,0,0,0.0,0.0,0.0,0,,753.5,Deserto absoluto,False
3516101,351610,Florínea - SP,SP,São Paulo,376,188.0,0,0,0,0,0,0,0,0,0,0,0,0,0,0,0,0,0,0.0,0.0,0.0,0,,188.0,Deserto absoluto,False
3516200,351620,Franca - SP,SP,São Paulo,42101,21050.5,9,9,8371,8941,14275,13077,12816,13095,1221,1124,1336,1256,1453,1637,25911,3090,29001,14500.5,0.6154,0.6888,45621,0.6822,6550.0,Intermediario,True
3516309,351630,Francisco Morato - SP,SP,São Paulo,16665,8332.5,3,3,1870,3701,3628,3212,3544,3187,10,10,18,7,51,47,6731,98,6829,3414.5,0.4039,0.4098,15207,0.7755,4918.0,Intermediario,True
3516408,351640,Franco da Rocha - SP,SP,São Paulo,14313,7156.5,9,9,227,758,824,1990,2103,2538,10,7,7,10,267,277,4641,544,5185,2592.5,0.3243,0.3623,45621,0.9432,4564.0,Intermediario,True
3516507,351650,Gabriel Monteiro - SP,SP,São Paulo,392,196.0,0,0,0,0,0,0,0,0,0,0,0,0,0,0,0,0,0,0.0,0.0,0.0,0,,196.0,Deserto absoluto,False
3516606,351660,Gália - SP,SP,São Paulo,835,417.5,0,0,0,0,0,0,0,0,0,0,0,0,0,0,0,0,0,0.0,0.0,0.0,0,,417.5,Deserto absoluto,False
3516705,351670,Garça - SP,SP,São Paulo,5459,2729.5,3,3,458,406,550,862,713,959,125,110,145,209,192,250,1672,442,2114,1057.0,0.3063,0.3873,15207,0.9305,1672.5,Intermediario,True
3516804,351680,Gastão Vidigal - SP,SP,São Paulo,419,209.5,0,0,0,0,0,0,0,0,0,0,0,0,0,0,0,0,0,0.0,0.0,0.0,0,,209.5,Deserto absoluto,False
3516853,351685,Gavião Peixoto - SP,SP,São Paulo,494,247.0,0,0,0,0,0,0,0,0,0,0,0,0,0,0,0,0,0,0.0,0.0,0.0,0,,247.0,Deserto absoluto,False
3516903,351690,General Salgado - SP,SP,São Paulo,1480,740.0,0,0,0,0,0,0,0,0,0,0,0,0,0,0,0,0,0,0.0,0.0,0.0,0,,740.0,Deserto absoluto,False
3517000,351700,Getulina - SP,SP,São Paulo,1158,579.0,0,0,0,0,0,0,0,0,0,0,0,0,0,0,0,0,0,0.0,0.0,0.0,0,,579.0,Deserto absoluto,False
3517109,351710,Glicério - SP,SP,São Paulo,578,289.0,0,0,0,0,0,0,0,0,0,0,0,0,0,0,0,0,0,0.0,0.0,0.0,0,,289.0,Deserto absoluto,False
3517208,351720,Guaiçara - SP,SP,São Paulo,1323,661.5,0,0,0,0,0,0,0,0,0,0,0,0,0,0,0,0,0,0.0,0.0,0.0,0,,661.5,Deserto absoluto,False
3517307,351730,Guaimbê - SP,SP,São Paulo,691,345.5,0,0,0,0,0,0,0,0,0,0,0,0,0,0,0,0,0,0.0,0.0,0.0,0,,345.5,Deserto absoluto,False
3517406,351740,Guaíra - SP,SP,São Paulo,4769,2384.5,0,0,52,0,0,0,0,0,0,0,0,0,0,0,0,0,0,0.0,0.0,0.0,0,,2384.5,Deserto absoluto,False
3517505,351750,Guapiaçu - SP,SP,São Paulo,2325,1162.5,0,0,0,0,0,0,0,0,0,0,0,0,0,0,0,0,0,0.0,0.0,0.0,0,,1162.5,Deserto absoluto,False
3517604,351760,Guapiara - SP,SP,São Paulo,1987,993.5,0,0,0,0,0,0,0,0,0,0,0,0,0,0,0,0,0,0.0,0.0,0.0,0,,993.5,Deserto absoluto,False
3517703,351770,Guará - SP,SP,São Paulo,2097,1048.5,0,0,0,0,0,0,0,0,0,0,0,0,0,0,0,0,0,0.0,0.0,0.0,0,,1048.5,Deserto absoluto,False
3517802,351780,Guaraçaí - SP,SP,São Paulo,1086,543.0,0,0,0,0,0,0,0,0,0,0,0,0,0,0,0,0,0,0.0,0.0,0.0,0,,543.0,Deserto absoluto,False
3517901,351790,Guaraci - SP,SP,São Paulo,1216,608.0,0,0,0,0,0,0,0,0,0,0,0,0,0,0,0,0,0,0.0,0.0,0.0,0,,608.0,Deserto absoluto,False
3518008,351800,Guarani d'Oeste - SP,SP,São Paulo,291,145.5,0,0,0,0,0,0,0,0,0,0,0,0,0,0,0,0,0,0.0,0.0,0.0,0,,145.5,Deserto absoluto,False
3518107,351810,Guarantã - SP,SP,São Paulo,721,360.5,0,0,0,0,0,0,0,0,0,0,0,0,0,0,0,0,0,0.0,0.0,0.0,0,,360.5,Deserto absoluto,False
3518206,351820,Guararapes - SP,SP,São Paulo,4099,2049.5,1,1,527,1058,1416,1423,1791,1514,31,37,16,13,23,46,3305,69,3374,1687.0,0.8063,0.8231,5069,0.6672,362.5,Adequado,True
3518305,351830,Guararema - SP,SP,São Paulo,3735,1867.5,0,0,188,662,687,838,1157,1889,2,17,37,22,23,32,3046,55,3101,1550.5,0.8155,0.8303,0,,317.0,Deserto absoluto,False
3518404,351840,Guaratinguetá - SP,SP,São Paulo,15481,7740.5,8,5,1137,2254,2097,982,1814,2809,131,367,277,151,177,377,4623,554,5177,2588.5,0.2986,0.3344,25345,0.8979,5152.0,Intermediario,True
3518503,351850,Guareí - SP,SP,São Paulo,1362,681.0,0,0,0,0,0,0,0,0,0,0,0,0,0,0,0,0,0,0.0,0.0,0.0,0,,681.0,Deserto absoluto,False
3518602,351860,Guariba - SP,SP,São Paulo,4091,2045.5,1,1,570,139,0,0,0,689,10,0,0,0,0,3,689,3,692,346.0,0.1684,0.1692,5069,0.9317,1699.5,Deserto funcional,True
3518701,351870,Guarujá - SP,SP,São Paulo,33503,16751.5,9,9,5749,9081,8865,8489,8312,6475,19,103,160,264,175,3129,14787,3304,18091,9045.5,0.4414,0.54,45621,0.8017,7706.0,Intermediario,True
3518800,351880,Guarulhos - SP,SP,São Paulo,144094,72047.0,24,24,14950,18940,25271,26368,29290,35203,319,486,1058,1041,1043,1050,64493,2093,66586,33293.0,0.4476,0.4621,121656,0.7263,38754.0,Intermediario,True
3518859,351885,Guatapará - SP,SP,São Paulo,824,412.0,0,0,0,0,0,0,0,0,0,0,0,0,0,0,0,0,0,0.0,0.0,0.0,0,,412.0,Deserto absoluto,False
3518909,351890,Guzolândia - SP,SP,São Paulo,531,265.5,0,0,0,0,0,0,0,0,0,0,0,0,0,0,0,0,0,0.0,0.0,0.0,0,,265.5,Deserto absoluto,False
3519006,351900,Herculândia - SP,SP,São Paulo,1089,544.5,0,0,0,0,0,0,0,0,0,0,0,0,0,0,0,0,0,0.0,0.0,0.0,0,,544.5,Deserto absoluto,False
3519055,351905,Holambra - SP,SP,São Paulo,1622,811.0,0,0,0,0,0,0,0,0,0,0,0,0,0,0,0,0,0,0.0,0.0,0.0,0,,811.0,Deserto absoluto,False
3519071,351907,Hortolândia - SP,SP,São Paulo,24584,12292.0,141,141,2656,3484,5160,4917,5411,5472,173,117,115,114,106,155,10883,261,11144,5572.0,0.4427,0.4533,714729,0.9922,6720.0,Intermediario,True
3519105,351910,Iacanga - SP,SP,São Paulo,1224,612.0,0,0,0,0,0,0,0,0,0,0,0,0,0,0,0,0,0,0.0,0.0,0.0,0,,612.0,Deserto absoluto,False
3519204,351920,Iacri - SP,SP,São Paulo,825,412.5,0,0,0,0,0,0,0,0,0,0,0,0,0,0,0,0,0,0.0,0.0,0.0,0,,412.5,Deserto absoluto,False
3519253,351925,Iaras - SP,SP,São Paulo,545,272.5,0,0,0,0,0,0,0,0,0,0,0,0,0,0,0,0,0,0.0,0.0,0.0,0,,272.5,Deserto absoluto,False
3519303,351930,Ibaté - SP,SP,São Paulo,3378,1689.0,0,0,0,0,0,0,0,0,0,0,0,0,0,0,0,0,0,0.0,0.0,0.0,0,,1689.0,Deserto absoluto,False
3519402,351940,Ibirá - SP,SP,São Paulo,1491,745.5,0,0,0,0,0,0,0,0,0,0,0,0,0,0,0,0,0,0.0,0.0,0.0,0,,745.5,Deserto absoluto,False
3519501,351950,Ibirarema - SP,SP,São Paulo,800,400.0,0,0,0,0,0,0,0,0,0,0,0,0,0,0,0,0,0,0.0,0.0,0.0,0,,400.0,Deserto absoluto,False
3519600,351960,Ibitinga - SP,SP,São Paulo,7041,3520.5,2,2,1544,1842,1937,1910,2557,2374,41,35,22,15,37,20,4931,57,4988,2494.0,0.7003,0.7084,10138,0.754,1026.5,Adequado,True
3519709,351970,Ibiúna - SP,SP,São Paulo,8592,4296.0,1,1,0,0,0,0,0,0,0,0,0,0,0,0,0,0,0,0.0,0.0,0.0,5069,1.0,4296.0,Deserto funcional,True
3519808,351980,Icém - SP,SP,São Paulo,881,440.5,0,0,0,0,0,0,0,0,0,0,0,0,0,0,0,0,0,0.0,0.0,0.0,0,,440.5,Deserto absoluto,False
3519907,351990,Iepê - SP,SP,São Paulo,1033,516.5,0,0,0,0,0,0,0,0,0,0,0,0,0,0,0,0,0,0.0,0.0,0.0,0,,516.5,Deserto absoluto,False
3520004,352000,Igaraçu do Tietê - SP,SP,São Paulo,2900,1450.0,0,0,0,0,0,0,0,0,0,0,0,0,0,0,0,0,0,0.0,0.0,0.0,0,,1450.0,Deserto absoluto,False
3520103,352010,Igarapava - SP,SP,São Paulo,3289,1644.5,3,3,0,0,0,0,0,0,0,0,0,0,0,0,0,0,0,0.0,0.0,0.0,15207,1.0,1644.5,Deserto funcional,True
3520202,352020,Igaratá - SP,SP,São Paulo,1255,627.5,0,0,0,0,0,0,0,0,0,0,0,0,0,0,0,0,0,0.0,0.0,0.0,0,,627.5,Deserto absoluto,False
3520301,352030,Iguape - SP,SP,São Paulo,3666,1833.0,0,0,0,0,0,0,0,0,0,0,0,0,0,0,0,0,0,0.0,0.0,0.0,0,,1833.0,Deserto absoluto,False
3520400,352040,Ilhabela - SP,SP,São Paulo,3417,1708.5,1,1,0,0,974,980,1187,156,0,0,31,29,28,6,1343,34,1377,688.5,0.393,0.403,5069,0.8642,1020.0,Intermediario,True
3520426,352042,Ilha Comprida - SP,SP,São Paulo,2144,1072.0,0,0,0,0,0,0,0,0,0,0,0,0,0,0,0,0,0,0.0,0.0,0.0,0,,1072.0,Deserto absoluto,False
3520442,352044,Ilha Solteira - SP,SP,São Paulo,3706,1853.0,1,1,451,753,228,355,9,0,53,42,38,40,4,0,9,4,13,6.5,0.0024,0.0035,5069,0.9987,1846.5,Deserto funcional,True
3520509,352050,Indaiatuba - SP,SP,São Paulo,28965,14482.5,14,14,4166,4466,5728,8173,5671,9685,189,246,298,333,404,627,15356,1031,16387,8193.5,0.5302,0.5658,70966,0.8845,6289.0,Intermediario,True
3520608,352060,Indiana - SP,SP,São Paulo,678,339.0,0,0,0,0,0,0,0,0,0,0,0,0,0,0,0,0,0,0.0,0.0,0.0,0,,339.0,Deserto absoluto,False
3520707,352070,Indiaporã - SP,SP,São Paulo,595,297.5,1,0,0,0,0,0,0,0,0,0,0,0,0,0,0,0,0,0.0,0.0,0.0,0,,297.5,Deserto funcional,False
3520806,352080,Inúbia Paulista - SP,SP,São Paulo,464,232.0,0,0,0,0,0,0,0,0,0,0,0,0,0,0,0,0,0,0.0,0.0,0.0,0,,232.0,Deserto absoluto,False
3520905,352090,Ipaussu - SP,SP,São Paulo,1601,800.5,0,0,0,0,0,0,0,0,0,0,0,0,0,0,0,0,0,0.0,0.0,0.0,0,,800.5,Deserto absoluto,False
3521002,352100,Iperó - SP,SP,São Paulo,3476,1738.0,0,0,0,0,0,0,0,0,0,0,0,0,0,0,0,0,0,0.0,0.0,0.0,0,,1738.0,Deserto absoluto,False
3521101,352110,Ipeúna - SP,SP,São Paulo,739,369.5,0,0,0,0,0,0,0,0,0,0,0,0,0,0,0,0,0,0.0,0.0,0.0,0,,369.5,Deserto absoluto,False
3521150,352115,Ipiguá - SP,SP,São Paulo,828,414.0,0,0,0,0,0,0,0,0,0,0,0,0,0,0,0,0,0,0.0,0.0,0.0,0,,414.0,Deserto absoluto,False
3521200,352120,Iporanga - SP,SP,São Paulo,427,213.5,0,0,0,0,0,0,0,0,0,0,0,0,0,0,0,0,0,0.0,0.0,0.0,0,,213.5,Deserto absoluto,False
3521309,352130,Ipuã - SP,SP,São Paulo,1558,779.0,0,0,0,0,0,0,0,0,0,0,0,0,0,0,0,0,0,0.0,0.0,0.0,0,,779.0,Deserto absoluto,False
3521408,352140,Iracemápolis - SP,SP,São Paulo,2491,1245.5,0,0,0,0,0,0,0,0,0,0,0,0,0,0,0,0,0,0.0,0.0,0.0,0,,1245.5,Deserto absoluto,False
3521507,352150,Irapuã - SP,SP,São Paulo,838,419.0,0,0,0,0,0,0,0,0,0,0,0,0,0,0,0,0,0,0.0,0.0,0.0,0,,419.0,Deserto absoluto,False
3521606,352160,Irapuru - SP,SP,São Paulo,851,425.5,0,0,0,0,0,0,0,0,0,0,0,0,0,0,0,0,0,0.0,0.0,0.0,0,,425.5,Deserto absoluto,False
3521705,352170,Itaberá - SP,SP,São Paulo,1977,988.5,0,0,0,0,0,0,0,0,0,0,0,0,0,0,0,0,0,0.0,0.0,0.0,0,,988.5,Deserto absoluto,False
3521804,352180,Itaí - SP,SP,São Paulo,2632,1316.0,1,1,0,0,0,0,0,0,0,0,0,0,0,0,0,0,0,0.0,0.0,0.0,5069,1.0,1316.0,Deserto funcional,True
3521903,352190,Itajobi - SP,SP,São Paulo,2058,1029.0,0,0,0,0,0,0,0,0,0,0,0,0,0,0,0,0,0,0.0,0.0,0.0,0,,1029.0,Deserto absoluto,False
3522000,352200,Itaju - SP,SP,São Paulo,420,210.0,0,0,0,0,0,0,0,0,0,0,0,0,0,0,0,0,0,0.0,0.0,0.0,0,,210.0,Deserto absoluto,False
3522109,352210,Itanhaém - SP,SP,São Paulo,15450,7725.0,4,3,0,0,0,0,0,0,0,0,0,0,0,0,0,0,0,0.0,0.0,0.0,15207,1.0,7725.0,Deserto funcional,True
3522158,352215,Itaoca - SP,SP,São Paulo,380,190.0,0,0,0,0,0,0,0,0,0,0,0,0,0,0,0,0,0,0.0,0.0,0.0,0,,190.0,Deserto absoluto,False
3522208,352220,Itapecerica da Serra - SP,SP,São Paulo,16883,8441.5,5,4,1476,2931,3834,3344,3344,2649,137,245,250,163,259,1300,5993,1559,7552,3776.0,0.355,0.4473,20276,0.8138,4665.5,Intermediario,True
3522307,352230,Itapetininga - SP,SP,São Paulo,17256,8628.0,5,5,5824,7311,6820,7639,7180,7476,58,138,44,44,86,154,14656,240,14896,7448.0,0.8493,0.8632,25345,0.7061,1180.0,Adequado,True
3522406,352240,Itapeva - SP,SP,São Paulo,9897,4948.5,2,2,2020,2147,3530,3403,3670,3798,572,569,834,883,940,1132,7468,2072,9540,4770.0,0.7546,0.9639,10138,0.5295,178.5,Adequado,True
3522505,352250,Itapevi - SP,SP,São Paulo,22271,11135.5,3,3,7735,8718,7869,9305,8641,7192,130,493,170,212,147,124,15833,271,16104,8052.0,0.7109,0.7231,15207,0.4705,3083.5,Adequado,False
3522604,352260,Itapira - SP,SP,São Paulo,9205,4602.5,4,4,1750,1473,1489,1599,1617,1243,3,1158,1627,719,571,1716,2860,2287,5147,2573.5,0.3107,0.5592,20276,0.8731,2029.0,Intermediario,True
3522653,352265,Itapirapuã Paulista - SP,SP,São Paulo,348,174.0,0,0,0,0,0,0,0,0,0,0,0,0,0,0,0,0,0,0.0,0.0,0.0,0,,174.0,Deserto absoluto,False
3522703,352270,Itápolis - SP,SP,São Paulo,5036,2518.0,2,2,6,0,636,674,515,546,0,0,1,10,9,3,1061,12,1073,536.5,0.2107,0.2131,10138,0.9471,1981.5,Deserto funcional,True
3522802,352280,Itaporanga - SP,SP,São Paulo,1739,869.5,0,0,0,0,0,0,0,0,0,0,0,0,0,0,0,0,0,0.0,0.0,0.0,0,,869.5,Deserto absoluto,False
3522901,352290,Itapuí - SP,SP,São Paulo,1463,731.5,0,0,0,0,0,0,0,0,0,0,0,0,0,0,0,0,0,0.0,0.0,0.0,0,,731.5,Deserto absoluto,False
3523008,352300,Itapura - SP,SP,São Paulo,543,271.5,0,0,0,0,0,0,0,0,0,0,0,0,0,0,0,0,0,0.0,0.0,0.0,0,,271.5,Deserto absoluto,False
3523107,352310,Itaquaquecetuba - SP,SP,São Paulo,37233,18616.5,4,4,0,0,0,3648,3682,3637,0,0,0,377,246,322,7319,568,7887,3943.5,0.1966,0.2118,20276,0.8055,14673.0,Deserto funcional,True
3523206,352320,Itararé - SP,SP,São Paulo,5198,2599.0,1,1,361,0,723,923,91,1040,47,0,22,107,13,105,1131,118,1249,624.5,0.2176,0.2403,5069,0.8768,1974.5,Deserto funcional,True
3523305,352330,Itariri - SP,SP,São Paulo,1703,851.5,0,0,0,0,0,0,0,0,0,0,0,0,0,0,0,0,0,0.0,0.0,0.0,0,,851.5,Deserto absoluto,False
3523404,352340,Itatiba - SP,SP,São Paulo,14341,7170.5,3,3,4918,5022,4279,5075,4164,2449,161,133,90,126,106,216,6613,322,6935,3467.5,0.4611,0.4836,15207,0.772,3703.0,Intermediario,True
3523503,352350,Itatinga - SP,SP,São Paulo,1811,905.5,0,0,0,0,0,0,0,0,0,0,0,0,0,0,0,0,0,0.0,0.0,0.0,0,,905.5,Deserto absoluto,False
3523602,352360,Itirapina - SP,SP,São Paulo,1549,774.5,0,0,0,0,0,0,0,0,0,0,0,0,0,0,0,0,0,0.0,0.0,0.0,0,,774.5,Deserto absoluto,False
3523701,352370,Itirapuã - SP,SP,São Paulo,613,306.5,0,0,0,0,0,0,0,0,0,0,0,0,0,0,0,0,0,0.0,0.0,0.0,0,,306.5,Deserto absoluto,False
3523800,352380,Itobi - SP,SP,São Paulo,894,447.0,0,0,0,0,0,0,0,0,0,0,0,0,0,0,0,0,0,0.0,0.0,0.0,0,,447.0,Deserto absoluto,False
3523909,352390,Itu - SP,SP,São Paulo,19618,9809.0,10,10,3684,4762,4786,1509,4147,6806,318,311,292,77,252,248,10953,500,11453,5726.5,0.5583,0.5838,50690,0.887,4082.5,Intermediario,True
3524006,352400,Itupeva - SP,SP,São Paulo,6487,3243.5,1,1,296,960,1197,1323,1446,791,5,11,3,7,5,151,2237,156,2393,1196.5,0.3448,0.3689,5069,0.764,2047.0,Intermediario,True
3524105,352410,Ituverava - SP,SP,São Paulo,4812,2406.0,6,6,2420,1635,2799,2610,3203,3251,53,40,47,43,49,313,6454,362,6816,3408.0,1.3412,1.4165,30414,0.8879,-1002.0,Adequado,False
3524204,352420,Jaborandi - SP,SP,São Paulo,770,385.0,0,0,0,0,0,0,0,0,0,0,0,0,0,0,0,0,0,0.0,0.0,0.0,0,,385.0,Deserto absoluto,False
3524303,352430,Jaboticabal - SP,SP,São Paulo,9143,4571.5,5,5,409,994,802,1829,2027,1870,0,11,1,7,18,6,3897,24,3921,1960.5,0.4262,0.4289,25345,0.9226,2611.0,Intermediario,True
3524402,352440,Jacareí - SP,SP,São Paulo,28663,14331.5,7,7,6803,10636,8144,9661,7316,12119,675,792,783,703,671,1264,19435,1935,21370,10685.0,0.6781,0.7456,35483,0.6989,3646.5,Adequado,True
3524501,352450,Jaci - SP,SP,São Paulo,757,378.5,0,0,0,0,0,0,0,0,0,0,0,0,0,0,0,0,0,0.0,0.0,0.0,0,,378.5,Deserto absoluto,False
3524600,352460,Jacupiranga - SP,SP,São Paulo,1826,913.0,0,0,0,0,0,0,0,0,0,0,0,0,0,0,0,0,0,0.0,0.0,0.0,0,,913.0,Deserto absoluto,False
3524709,352470,Jaguariúna - SP,SP,São Paulo,6453,3226.5,2,2,1694,3248,3463,3710,2594,2016,14,21,7,6,4,2,4610,6,4616,2308.0,0.7144,0.7153,10138,0.7723,918.5,Adequado,True
3524808,352480,Jales - SP,SP,São Paulo,6777,3388.5,4,3,945,757,1415,3266,2353,1840,8,9,15,31,60,64,4193,124,4317,2158.5,0.6187,0.637,15207,0.8581,1230.0,Intermediario,True
3524907,352490,Jambeiro - SP,SP,São Paulo,736,368.0,0,0,0,0,0,0,0,0,0,0,0,0,0,0,0,0,0,0.0,0.0,0.0,0,,368.0,Deserto absoluto,False
3525003,352500,Jandira - SP,SP,São Paulo,12767,6383.5,1,1,203,638,891,1169,1958,1466,0,2,0,3,11,2,3424,13,3437,1718.5,0.2682,0.2692,5069,0.661,4665.0,Deserto funcional,True
3525102,352510,Jardinópolis - SP,SP,São Paulo,4683,2341.5,0,0,0,0,0,0,0,0,0,0,0,0,0,0,0,0,0,0.0,0.0,0.0,0,,2341.5,Deserto absoluto,False
3525201,352520,Jarinu - SP,SP,São Paulo,3819,1909.5,1,1,0,0,0,0,0,0,0,0,0,0,0,0,0,0,0,0.0,0.0,0.0,5069,1.0,1909.5,Deserto funcional,True
3525300,352530,Jaú - SP,SP,São Paulo,17130,8565.0,10,10,2811,4413,4396,6435,6023,6189,2395,2980,2660,3623,4042,3604,12212,7646,19858,9929.0,0.7129,1.1593,50690,0.8041,-1364.0,Adequado,False
3525409,352540,Jeriquara - SP,SP,São Paulo,346,173.0,0,0,0,0,0,0,0,0,0,0,0,0,0,0,0,0,0,0.0,0.0,0.0,0,,173.0,Deserto absoluto,False
3525508,352550,Joanópolis - SP,SP,São Paulo,1575,787.5,0,0,0,0,0,0,0,0,0,0,0,0,0,0,0,0,0,0.0,0.0,0.0,0,,787.5,Deserto absoluto,False
3525607,352560,João Ramalho - SP,SP,São Paulo,516,258.0,0,0,0,0,0,0,0,0,0,0,0,0,0,0,0,0,0,0.0,0.0,0.0,0,,258.0,Deserto absoluto,False
3525706,352570,José Bonifácio - SP,SP,São Paulo,4323,2161.5,2,1,869,880,1006,963,1040,851,0,3,6,0,2,2,1891,4,1895,947.5,0.4374,0.4384,5069,0.8131,1214.0,Intermediario,True
3525805,352580,Júlio Mesquita - SP,SP,São Paulo,512,256.0,0,0,0,0,0,0,0,0,0,0,0,0,0,0,0,0,0,0.0,0.0,0.0,0,,256.0,Deserto absoluto,False
3525854,352585,Jumirim - SP,SP,São Paulo,329,164.5,0,0,0,0,0,0,0,0,0,0,0,0,0,0,0,0,0,0.0,0.0,0.0,0,,164.5,Deserto absoluto,False
3525904,352590,Jundiaí - SP,SP,São Paulo,52783,26391.5,21,19,17147,24048,23196,23119,23946,23317,1327,1548,1361,1513,1423,1674,47263,3097,50360,25180.0,0.8954,0.9541,96311,0.7386,1211.5,Adequado,True
3526001,352600,Junqueirópolis - SP,SP,São Paulo,2520,1260.0,0,0,0,0,0,0,0,0,0,0,0,0,0,0,0,0,0,0.0,0.0,0.0,0,,1260.0,Deserto absoluto,False
3526100,352610,Juquiá - SP,SP,São Paulo,2134,1067.0,0,0,0,0,0,0,0,0,0,0,0,0,0,0,0,0,0,0.0,0.0,0.0,0,,1067.0,Deserto absoluto,False
3526209,352620,Juquitiba - SP,SP,São Paulo,3128,1564.0,0,0,0,0,0,0,0,0,0,0,0,0,0,0,0,0,0,0.0,0.0,0.0,0,,1564.0,Deserto absoluto,False
3526308,352630,Lagoinha - SP,SP,São Paulo,717,358.5,0,0,0,0,0,0,0,0,0,0,0,0,0,0,0,0,0,0.0,0.0,0.0,0,,358.5,Deserto absoluto,False
3526407,352640,Laranjal Paulista - SP,SP,São Paulo,3053,1526.5,2,2,0,0,0,0,0,0,0,0,0,0,0,0,0,0,0,0.0,0.0,0.0,10138,1.0,1526.5,Deserto funcional,True
3526506,352650,Lavínia - SP,SP,São Paulo,660,330.0,0,0,0,0,0,0,0,0,0,0,0,0,0,0,0,0,0,0.0,0.0,0.0,0,,330.0,Deserto absoluto,False
3526605,352660,Lavrinhas - SP,SP,São Paulo,757,378.5,1,1,0,0,0,0,0,0,0,0,0,0,0,0,0,0,0,0.0,0.0,0.0,5069,1.0,378.5,Deserto funcional,True
3526704,352670,Leme - SP,SP,São Paulo,11126,5563.0,3,3,2263,3264,3423,2866,3243,3072,79,75,96,109,102,139,6315,241,6556,3278.0,0.5676,0.5893,15207,0.7844,2285.0,Intermediario,True
3526803,352680,Lençóis Paulista - SP,SP,São Paulo,7535,3767.5,3,3,635,1165,1979,1696,1789,2082,1,70,31,26,25,8,3871,33,3904,1952.0,0.5137,0.5181,15207,0.8716,1815.5,Intermediario,True
3526902,352690,Limeira - SP,SP,São Paulo,36481,18240.5,6,6,6003,8374,6996,9188,8304,8500,492,555,296,571,840,1331,16804,2171,18975,9487.5,0.4606,0.5201,30414,0.6881,8753.0,Intermediario,True
3527009,352700,Lindóia - SP,SP,São Paulo,948,474.0,0,0,0,0,0,0,0,0,0,0,0,0,0,0,0,0,0,0.0,0.0,0.0,0,,474.0,Deserto absoluto,False
3527108,352710,Lins - SP,SP,São Paulo,9664,4832.0,3,3,534,953,1171,1497,987,382,16,24,30,62,46,9,1369,55,1424,712.0,0.1417,0.1474,15207,0.9532,4120.0,Deserto funcional,True
3527207,352720,Lorena - SP,SP,São Paulo,10495,5247.5,5,5,4672,4424,6841,6205,6150,3528,1289,941,568,467,383,177,9678,560,10238,5119.0,0.9222,0.9755,25345,0.798,128.5,Adequado,True
3527256,352725,Lourdes - SP,SP,São Paulo,262,131.0,0,0,0,0,0,0,0,0,0,0,0,0,0,0,0,0,0,0.0,0.0,0.0,0,,131.0,Deserto absoluto,False
3527306,352730,Louveira - SP,SP,São Paulo,4642,2321.0,1,1,443,1841,715,1956,2269,1570,0,115,40,28,38,18,3839,56,3895,1947.5,0.827,0.8391,5069,0.6158,373.5,Adequado,True
3527405,352740,Lucélia - SP,SP,São Paulo,2366,1183.0,0,0,0,0,0,0,0,0,0,0,0,0,0,0,0,0,0,0.0,0.0,0.0,0,,1183.0,Deserto absoluto,False
3527504,352750,Lucianópolis - SP,SP,São Paulo,263,131.5,0,0,0,0,0,0,0,0,0,0,0,0,0,0,0,0,0,0.0,0.0,0.0,0,,131.5,Deserto absoluto,False
3527603,352760,Luís Antônio - SP,SP,São Paulo,1250,625.0,0,0,0,0,0,0,0,0,0,0,0,0,0,0,0,0,0,0.0,0.0,0.0,0,,625.0,Deserto absoluto,False
3527702,352770,Luiziânia - SP,SP,São Paulo,578,289.0,0,0,0,0,0,0,0,0,0,0,0,0,0,0,0,0,0,0.0,0.0,0.0,0,,289.0,Deserto absoluto,False
3527801,352780,Lupércio - SP,SP,São Paulo,512,256.0,0,0,0,0,0,0,0,0,0,0,0,0,0,0,0,0,0,0.0,0.0,0.0,0,,256.0,Deserto absoluto,False
3527900,352790,Lutécia - SP,SP,São Paulo,353,176.5,0,0,0,0,0,0,0,0,0,0,0,0,0,0,0,0,0,0.0,0.0,0.0,0,,176.5,Deserto absoluto,False
3528007,352800,Macatuba - SP,SP,São Paulo,1949,974.5,0,0,0,0,0,0,0,0,0,0,0,0,0,0,0,0,0,0.0,0.0,0.0,0,,974.5,Deserto absoluto,False
3528106,352810,Macaubal - SP,SP,São Paulo,1028,514.0,0,0,0,0,0,0,0,0,0,0,0,0,0,0,0,0,0,0.0,0.0,0.0,0,,514.0,Deserto absoluto,False
3528205,352820,Macedônia - SP,SP,São Paulo,569,284.5,0,0,0,0,0,0,0,0,0,0,0,0,0,0,0,0,0,0.0,0.0,0.0,0,,284.5,Deserto absoluto,False
3528304,352830,Magda - SP,SP,São Paulo,439,219.5,0,0,0,0,0,0,0,0,0,0,0,0,0,0,0,0,0,0.0,0.0,0.0,0,,219.5,Deserto absoluto,False
3528403,352840,Mairinque - SP,SP,São Paulo,5743,2871.5,0,0,0,0,0,0,0,0,0,0,0,0,0,0,0,0,0,0.0,0.0,0.0,0,,2871.5,Deserto absoluto,False
3528502,352850,Mairiporã - SP,SP,São Paulo,10808,5404.0,2,2,1959,3470,3326,3168,2948,2601,69,94,18,8,9,7,5549,16,5565,2782.5,0.5134,0.5149,10138,0.7255,2621.5,Intermediario,True
3528601,352860,Manduri - SP,SP,São Paulo,1198,599.0,0,0,0,0,0,0,0,0,0,0,0,0,0,0,0,0,0,0.0,0.0,0.0,0,,599.0,Deserto absoluto,False
3528700,352870,Marabá Paulista - SP,SP,São Paulo,510,255.0,0,0,0,0,0,0,0,0,0,0,0,0,0,0,0,0,0,0.0,0.0,0.0,0,,255.0,Deserto absoluto,False
3528809,352880,Maracaí - SP,SP,São Paulo,1569,784.5,0,0,0,0,0,0,0,0,0,0,0,0,0,0,0,0,0,0.0,0.0,0.0,0,,784.5,Deserto absoluto,False
3528858,352885,Marapoama - SP,SP,São Paulo,390,195.0,0,0,0,0,0,0,0,0,0,0,0,0,0,0,0,0,0,0.0,0.0,0.0,0,,195.0,Deserto absoluto,False
3528908,352890,Mariápolis - SP,SP,São Paulo,490,245.0,0,0,0,0,0,0,0,0,0,0,0,0,0,0,0,0,0,0.0,0.0,0.0,0,,245.0,Deserto absoluto,False
3529005,352900,Marília - SP,SP,São Paulo,29569,14784.5,6,6,5240,6623,9889,10483,10867,10541,576,477,314,320,221,246,21408,467,21875,10937.5,0.724,0.7398,30414,0.6404,3847.0,Adequado,True
3529104,352910,Marinópolis - SP,SP,São Paulo,297,148.5,0,0,0,0,0,0,0,0,0,0,0,0,0,0,0,0,0,0.0,0.0,0.0,0,,148.5,Deserto absoluto,False
3529203,352920,Martinópolis - SP,SP,São Paulo,3140,1570.0,0,0,0,0,0,0,0,0,0,0,0,0,0,0,0,0,0,0.0,0.0,0.0,0,,1570.0,Deserto absoluto,False
3529302,352930,Matão - SP,SP,São Paulo,10049,5024.5,3,3,1451,1679,1975,1803,1736,1757,0,1,2,4,12,8,3493,20,3513,1756.5,0.3476,0.3496,15207,0.8845,3268.0,Intermediario,True
3529401,352940,Mauá - SP,SP,São Paulo,48020,24010.0,14,14,0,0,7664,7215,7655,7709,0,0,37,70,39,19,15364,58,15422,7711.0,0.32,0.3212,70966,0.8913,16299.0,Intermediario,True
3529500,352950,Mendonça - SP,SP,São Paulo,716,358.0,0,0,0,0,0,0,0,0,0,0,0,0,0,0,0,0,0,0.0,0.0,0.0,0,,358.0,Deserto absoluto,False
3529609,352960,Meridiano - SP,SP,São Paulo,576,288.0,0,0,0,0,0,0,0,0,0,0,0,0,0,0,0,0,0,0.0,0.0,0.0,0,,288.0,Deserto absoluto,False
3529658,352965,Mesópolis - SP,SP,São Paulo,224,112.0,0,0,0,0,0,0,0,0,0,0,0,0,0,0,0,0,0,0.0,0.0,0.0,0,,112.0,Deserto absoluto,False
3529708,352970,Miguelópolis - SP,SP,São Paulo,2298,1149.0,0,0,0,0,0,0,0,0,0,0,0,0,0,0,0,0,0,0.0,0.0,0.0,0,,1149.0,Deserto absoluto,False
3529807,352980,Mineiros do Tietê - SP,SP,São Paulo,1377,688.5,0,0,0,0,0,0,0,0,0,0,0,0,0,0,0,0,0,0.0,0.0,0.0,0,,688.5,Deserto absoluto,False
3529906,352990,Miracatu - SP,SP,São Paulo,2181,1090.5,0,0,0,0,0,0,0,0,0,0,0,0,0,0,0,0,0,0.0,0.0,0.0,0,,1090.5,Deserto absoluto,False
3530003,353000,Mira Estrela - SP,SP,São Paulo,482,241.0,0,0,0,0,0,0,0,0,0,0,0,0,0,0,0,0,0,0.0,0.0,0.0,0,,241.0,Deserto absoluto,False
3530102,353010,Mirandópolis - SP,SP,São Paulo,3312,1656.0,1,1,1680,2274,1975,2020,1953,1848,39,62,50,24,34,32,3801,66,3867,1933.5,1.1476,1.1676,5069,0.6186,-277.5,Adequado,False
3530201,353020,Mirante do Paranapanema - SP,SP,São Paulo,2229,1114.5,1,1,0,362,1122,1044,1279,885,0,1,4,10,160,138,2164,298,2462,1231.0,0.9708,1.1045,5069,0.7572,-116.5,Adequado,False
3530300,353030,Mirassol - SP,SP,São Paulo,7829,3914.5,2,2,270,445,584,369,443,392,6,1,5,2,1,4,835,5,840,420.0,0.1067,0.1073,10138,0.9586,3494.5,Deserto funcional,True
3530409,353040,Mirassolândia - SP,SP,São Paulo,534,267.0,0,0,0,0,0,0,0,0,0,0,0,0,0,0,0,0,0,0.0,0.0,0.0,0,,267.0,Deserto absoluto,False
3530508,353050,Mococa - SP,SP,São Paulo,8702,4351.0,2,2,625,1644,1730,2053,2026,2442,129,441,425,463,414,348,4468,762,5230,2615.0,0.5134,0.601,10138,0.7421,1736.0,Intermediario,True
3530607,353060,Mogi das Cruzes - SP,SP,São Paulo,51802,25901.0,12,11,13365,18386,17638,15033,17896,19217,1022,1476,1743,769,624,573,37113,1197,38310,19155.0,0.7164,0.7395,55759,0.6565,6746.0,Adequado,True
3530706,353070,Mogi Guaçu - SP,SP,São Paulo,18571,9285.5,7,7,5206,5655,6415,7664,7544,6735,327,266,160,370,382,253,14279,635,14914,7457.0,0.7689,0.8031,35483,0.7898,1828.5,Adequado,True
3530805,353080,Mogi Mirim - SP,SP,São Paulo,12004,6002.0,5,5,841,1423,1069,1278,1862,3130,22,31,39,56,68,94,4992,162,5154,2577.0,0.4159,0.4294,25345,0.8983,3425.0,Intermediario,True
3530904,353090,Mombuca - SP,SP,São Paulo,414,207.0,0,0,0,0,0,0,0,0,0,0,0,0,0,0,0,0,0,0.0,0.0,0.0,0,,207.0,Deserto absoluto,False
3531001,353100,Monções - SP,SP,São Paulo,300,150.0,0,0,0,0,0,0,0,0,0,0,0,0,0,0,0,0,0,0.0,0.0,0.0,0,,150.0,Deserto absoluto,False
3531100,353110,Mongaguá - SP,SP,São Paulo,8509,4254.5,2,2,0,575,784,447,590,759,0,221,0,0,0,0,1349,0,1349,674.5,0.1585,0.1585,10138,0.9335,3580.0,Deserto funcional,True
3531209,353120,Monte Alegre do Sul - SP,SP,São Paulo,1181,590.5,0,0,0,0,0,0,0,0,0,0,0,0,0,0,0,0,0,0.0,0.0,0.0,0,,590.5,Deserto absoluto,False
3531308,353130,Monte Alto - SP,SP,São Paulo,6326,3163.0,3,3,636,850,1201,1262,1432,1153,16,16,36,46,38,24,2585,62,2647,1323.5,0.4086,0.4184,15207,0.913,1839.5,Intermediario,True
3531407,353140,Monte Aprazível - SP,SP,São Paulo,2872,1436.0,2,2,673,736,938,1112,1352,1323,2,7,4,2,7,5,2675,12,2687,1343.5,0.9314,0.9356,10138,0.8675,92.5,Adequado,True
3531506,353150,Monte Azul Paulista - SP,SP,São Paulo,2319,1159.5,1,1,0,0,0,0,0,0,0,0,0,0,0,0,0,0,0,0.0,0.0,0.0,5069,1.0,1159.5,Deserto funcional,True
3531605,353160,Monte Castelo - SP,SP,São Paulo,556,278.0,0,0,0,0,0,0,0,0,0,0,0,0,0,0,0,0,0,0.0,0.0,0.0,0,,278.0,Deserto absoluto,False
3531704,353170,Monteiro Lobato - SP,SP,São Paulo,540,270.0,0,0,0,0,0,0,0,0,0,0,0,0,0,0,0,0,0,0.0,0.0,0.0,0,,270.0,Deserto absoluto,False
3531803,353180,Monte Mor - SP,SP,São Paulo,6473,3236.5,1,1,903,295,960,643,287,1363,39,12,31,291,12,46,1650,58,1708,854.0,0.2549,0.2639,5069,0.8315,2382.5,Deserto funcional,True
3531902,353190,Morro Agudo - SP,SP,São Paulo,3019,1509.5,1,1,116,0,0,922,751,855,4,0,0,0,0,0,1606,0,1606,803.0,0.532,0.532,5069,0.8416,706.5,Intermediario,True
3532009,353200,Morungaba - SP,SP,São Paulo,1527,763.5,0,0,0,0,0,0,0,0,0,0,0,0,0,0,0,0,0,0.0,0.0,0.0,0,,763.5,Deserto absoluto,False
3532058,353205,Motuca - SP,SP,São Paulo,481,240.5,0,0,0,0,0,0,0,0,0,0,0,0,0,0,0,0,0,0.0,0.0,0.0,0,,240.5,Deserto absoluto,False
3532108,353210,Murutinga do Sul - SP,SP,São Paulo,561,280.5,0,0,0,0,0,0,0,0,0,0,0,0,0,0,0,0,0,0.0,0.0,0.0,0,,280.5,Deserto absoluto,False
3532157,353215,Nantes - SP,SP,São Paulo,302,151.0,0,0,0,0,0,0,0,0,0,0,0,0,0,0,0,0,0,0.0,0.0,0.0,0,,151.0,Deserto absoluto,False
3532207,353220,Narandiba - SP,SP,São Paulo,573,286.5,0,0,0,0,0,0,0,0,0,0,0,0,0,0,0,0,0,0.0,0.0,0.0,0,,286.5,Deserto absoluto,False
3532306,353230,Natividade da Serra - SP,SP,São Paulo,877,438.5,0,0,0,0,0,0,0,0,0,0,0,0,0,0,0,0,0,0.0,0.0,0.0,0,,438.5,Deserto absoluto,False
3532405,353240,Nazaré Paulista - SP,SP,São Paulo,2145,1072.5,1,1,0,0,0,0,0,0,0,0,0,0,0,0,0,0,0,0.0,0.0,0.0,5069,1.0,1072.5,Deserto funcional,True
3532504,353250,Neves Paulista - SP,SP,São Paulo,1294,647.0,0,0,0,0,0,0,0,0,0,0,0,0,0,0,0,0,0,0.0,0.0,0.0,0,,647.0,Deserto absoluto,False
3532603,353260,Nhandeara - SP,SP,São Paulo,1463,731.5,0,0,0,0,0,0,0,0,0,0,0,0,0,0,0,0,0,0.0,0.0,0.0,0,,731.5,Deserto absoluto,False
3532702,353270,Nipoã - SP,SP,São Paulo,477,238.5,0,0,0,0,0,0,0,0,0,0,0,0,0,0,0,0,0,0.0,0.0,0.0,0,,238.5,Deserto absoluto,False
3532801,353280,Nova Aliança - SP,SP,São Paulo,835,417.5,0,0,0,0,0,0,0,0,0,0,0,0,0,0,0,0,0,0.0,0.0,0.0,0,,417.5,Deserto absoluto,False
3532827,353282,Nova Campina - SP,SP,São Paulo,798,399.0,0,0,0,0,0,0,0,0,0,0,0,0,0,0,0,0,0,0.0,0.0,0.0,0,,399.0,Deserto absoluto,False
3532843,353284,Nova Canaã Paulista - SP,SP,São Paulo,293,146.5,0,0,0,0,0,0,0,0,0,0,0,0,0,0,0,0,0,0.0,0.0,0.0,0,,146.5,Deserto absoluto,False
3532868,353286,Nova Castilho - SP,SP,São Paulo,129,64.5,0,0,0,0,0,0,0,0,0,0,0,0,0,0,0,0,0,0.0,0.0,0.0,0,,64.5,Deserto absoluto,False
3532900,353290,Nova Europa - SP,SP,São Paulo,1012,506.0,0,0,0,0,0,0,0,0,0,0,0,0,0,0,0,0,0,0.0,0.0,0.0,0,,506.0,Deserto absoluto,False
3533007,353300,Nova Granada - SP,SP,São Paulo,2309,1154.5,0,0,458,336,0,0,0,0,2,1,0,0,0,0,0,0,0,0.0,0.0,0.0,0,,1154.5,Deserto absoluto,False
3533106,353310,Nova Guataporanga - SP,SP,São Paulo,295,147.5,0,0,0,0,0,0,0,0,0,0,0,0,0,0,0,0,0,0.0,0.0,0.0,0,,147.5,Deserto absoluto,False
3533205,353320,Nova Independência - SP,SP,São Paulo,436,218.0,0,0,0,0,0,0,0,0,0,0,0,0,0,0,0,0,0,0.0,0.0,0.0,0,,218.0,Deserto absoluto,False
3533254,353325,Novais - SP,SP,São Paulo,395,197.5,0,0,0,0,0,0,0,0,0,0,0,0,0,0,0,0,0,0.0,0.0,0.0,0,,197.5,Deserto absoluto,False
3533304,353330,Nova Luzitânia - SP,SP,São Paulo,364,182.0,0,0,0,0,0,0,0,0,0,0,0,0,0,0,0,0,0,0.0,0.0,0.0,0,,182.0,Deserto absoluto,False
3533403,353340,Nova Odessa - SP,SP,São Paulo,7452,3726.0,1,1,0,740,1686,1037,1459,624,0,28,18,3,5,8,2083,13,2096,1048.0,0.2795,0.2813,5069,0.7933,2678.0,Deserto funcional,True
3533502,353350,Novo Horizonte - SP,SP,São Paulo,4800,2400.0,2,2,872,1382,1513,1861,1891,1786,0,5,9,4,5,9,3677,14,3691,1845.5,0.766,0.769,10138,0.818,554.5,Adequado,True
3533601,353360,Nuporanga - SP,SP,São Paulo,938,469.0,0,0,0,0,0,0,0,0,0,0,0,0,0,0,0,0,0,0.0,0.0,0.0,0,,469.0,Deserto absoluto,False
3533700,353370,Ocauçu - SP,SP,São Paulo,521,260.5,0,0,0,0,0,0,0,0,0,0,0,0,0,0,0,0,0,0.0,0.0,0.0,0,,260.5,Deserto absoluto,False
3533809,353380,Óleo - SP,SP,São Paulo,338,169.0,0,0,0,0,0,0,0,0,0,0,0,0,0,0,0,0,0,0.0,0.0,0.0,0,,169.0,Deserto absoluto,False
3533908,353390,Olímpia - SP,SP,São Paulo,6364,3182.0,1,1,0,0,0,0,0,0,0,0,0,0,0,0,0,0,0,0.0,0.0,0.0,5069,1.0,3182.0,Deserto funcional,True
3534005,353400,Onda Verde - SP,SP,São Paulo,532,266.0,0,0,0,0,0,0,0,0,0,0,0,0,0,0,0,0,0,0.0,0.0,0.0,0,,266.0,Deserto absoluto,False
3534104,353410,Oriente - SP,SP,São Paulo,861,430.5,0,0,0,0,0,0,0,0,0,0,0,0,0,0,0,0,0,0.0,0.0,0.0,0,,430.5,Deserto absoluto,False
3534203,353420,Orindiúva - SP,SP,São Paulo,599,299.5,0,0,0,0,0,0,0,0,0,0,0,0,0,0,0,0,0,0.0,0.0,0.0,0,,299.5,Deserto absoluto,False
3534302,353430,Orlândia - SP,SP,São Paulo,5002,2501.0,4,4,949,1231,1466,1289,1441,1305,14,28,22,18,30,16,2746,46,2792,1396.0,0.549,0.5582,20276,0.9312,1105.0,Intermediario,True
3534401,353440,Osasco - SP,SP,São Paulo,85520,42760.0,29,29,10215,10310,21234,23522,23524,22186,1101,347,158,79,85,80,45710,165,45875,22937.5,0.5345,0.5364,147001,0.844,19822.5,Intermediario,True
3534500,353450,Oscar Bressane - SP,SP,São Paulo,370,185.0,0,0,0,0,0,0,0,0,0,0,0,0,0,0,0,0,0,0.0,0.0,0.0,0,,185.0,Deserto absoluto,False
3534609,353460,Osvaldo Cruz - SP,SP,São Paulo,4314,2157.0,1,1,0,0,0,0,0,0,0,0,0,0,0,0,0,0,0,0.0,0.0,0.0,5069,1.0,2157.0,Deserto funcional,True
3534708,353470,Ourinhos - SP,SP,São Paulo,13442,6721.0,6,5,1944,2429,3097,2304,4851,2746,352,458,416,406,539,801,7597,1340,8937,4468.5,0.5652,0.6649,25345,0.8237,2252.5,Intermediario,True
3534757,353475,Ouroeste - SP,SP,São Paulo,1261,630.5,0,0,0,0,0,0,0,0,0,0,0,0,0,0,0,0,0,0.0,0.0,0.0,0,,630.5,Deserto absoluto,False
3534807,353480,Ouro Verde - SP,SP,São Paulo,934,467.0,0,0,0,0,0,0,0,0,0,0,0,0,0,0,0,0,0,0.0,0.0,0.0,0,,467.0,Deserto absoluto,False
3534906,353490,Pacaembu - SP,SP,São Paulo,1484,742.0,0,0,0,0,0,0,0,0,0,0,0,0,0,0,0,0,0,0.0,0.0,0.0,0,,742.0,Deserto absoluto,False
3535002,353500,Palestina - SP,SP,São Paulo,1359,679.5,0,0,0,0,0,0,0,0,0,0,0,0,0,0,0,0,0,0.0,0.0,0.0,0,,679.5,Deserto absoluto,False
3535101,353510,Palmares Paulista - SP,SP,São Paulo,962,481.0,0,0,0,0,0,0,0,0,0,0,0,0,0,0,0,0,0,0.0,0.0,0.0,0,,481.0,Deserto absoluto,False
3535200,353520,Palmeira d'Oeste - SP,SP,São Paulo,1306,653.0,0,0,0,0,0,0,0,0,0,0,0,0,0,0,0,0,0,0.0,0.0,0.0,0,,653.0,Deserto absoluto,False
3535309,353530,Palmital - SP,SP,São Paulo,2637,1318.5,1,0,0,205,530,80,0,0,0,11,7,0,0,0,0,0,0,0.0,0.0,0.0,0,,1318.5,Deserto funcional,False
3535408,353540,Panorama - SP,SP,São Paulo,1695,847.5,0,0,0,0,0,0,0,0,0,0,0,0,0,0,0,0,0,0.0,0.0,0.0,0,,847.5,Deserto absoluto,False
3535507,353550,Paraguaçu Paulista - SP,SP,São Paulo,5027,2513.5,3,3,694,823,1027,1195,1360,1052,69,56,46,47,41,11,2412,52,2464,1232.0,0.4798,0.4902,15207,0.919,1281.5,Intermediario,True
3535606,353560,Paraibuna - SP,SP,São Paulo,2255,1127.5,0,0,0,0,0,0,0,0,0,0,0,0,0,0,0,0,0,0.0,0.0,0.0,0,,1127.5,Deserto absoluto,False
3535705,353570,Paraíso - SP,SP,São Paulo,752,376.0,0,0,0,0,0,0,0,0,0,0,0,0,0,0,0,0,0,0.0,0.0,0.0,0,,376.0,Deserto absoluto,False
3535804,353580,Paranapanema - SP,SP,São Paulo,2060,1030.0,0,0,0,0,0,0,0,0,0,0,0,0,0,0,0,0,0,0.0,0.0,0.0,0,,1030.0,Deserto absoluto,False
3535903,353590,Paranapuã - SP,SP,São Paulo,486,243.0,0,0,0,0,0,0,0,0,0,0,0,0,0,0,0,0,0,0.0,0.0,0.0,0,,243.0,Deserto absoluto,False
3536000,353600,Parapuã - SP,SP,São Paulo,1457,728.5,0,0,0,0,0,0,0,0,0,0,0,0,0,0,0,0,0,0.0,0.0,0.0,0,,728.5,Deserto absoluto,False
3536109,353610,Pardinho - SP,SP,São Paulo,766,383.0,0,0,0,0,0,0,0,0,0,0,0,0,0,0,0,0,0,0.0,0.0,0.0,0,,383.0,Deserto absoluto,False
3536208,353620,Pariquera-Açu - SP,SP,São Paulo,2092,1046.0,1,1,3327,4444,5547,5301,6337,5823,1240,1070,596,542,1023,1486,12160,2509,14669,7334.5,5.8126,7.012,5069,-0.4469,-6288.5,Adequado,False
3536257,353625,Parisi - SP,SP,São Paulo,370,185.0,0,0,0,0,0,0,0,0,0,0,0,0,0,0,0,0,0,0.0,0.0,0.0,0,,185.0,Deserto absoluto,False
3536307,353630,Patrocínio Paulista - SP,SP,São Paulo,1592,796.0,0,0,0,0,0,0,0,0,0,0,0,0,0,0,0,0,0,0.0,0.0,0.0,0,,796.0,Deserto absoluto,False
3536406,353640,Paulicéia - SP,SP,São Paulo,942,471.0,0,0,0,0,0,0,0,0,0,0,0,0,0,0,0,0,0,0.0,0.0,0.0,0,,471.0,Deserto absoluto,False
3536505,353650,Paulínia - SP,SP,São Paulo,12023,6011.5,3,2,1648,2753,4819,3834,5390,5049,296,268,436,353,429,301,10439,730,11169,5584.5,0.8683,0.929,10138,0.4492,427.0,Adequado,False
3536570,353657,Paulistânia - SP,SP,São Paulo,228,114.0,0,0,0,0,0,0,0,0,0,0,0,0,0,0,0,0,0,0.0,0.0,0.0,0,,114.0,Deserto absoluto,False
3536604,353660,Paulo de Faria - SP,SP,São Paulo,970,485.0,0,0,0,0,0,0,0,0,0,0,0,0,0,0,0,0,0,0.0,0.0,0.0,0,,485.0,Deserto absoluto,False
3536703,353670,Pederneiras - SP,SP,São Paulo,5109,2554.5,2,2,564,762,760,723,789,902,19,28,25,61,54,38,1691,92,1783,891.5,0.331,0.349,10138,0.9121,1663.0,Intermediario,True
3536802,353680,Pedra Bela - SP,SP,São Paulo,821,410.5,0,0,0,0,0,0,0,0,0,0,0,0,0,0,0,0,0,0.0,0.0,0.0,0,,410.5,Deserto absoluto,False
3536901,353690,Pedranópolis - SP,SP,São Paulo,418,209.0,0,0,0,0,0,0,0,0,0,0,0,0,0,0,0,0,0,0.0,0.0,0.0,0,,209.0,Deserto absoluto,False
3537008,353700,Pedregulho - SP,SP,São Paulo,1806,903.0,0,0,0,0,0,0,0,0,0,0,0,0,0,0,0,0,0,0.0,0.0,0.0,0,,903.0,Deserto absoluto,False
3537107,353710,Pedreira - SP,SP,São Paulo,5404,2702.0,1,1,0,0,0,0,0,0,0,0,0,0,0,0,0,0,0,0.0,0.0,0.0,5069,1.0,2702.0,Deserto funcional,True
3537156,353715,Pedrinhas Paulista - SP,SP,São Paulo,413,206.5,0,0,0,0,0,0,0,0,0,0,0,0,0,0,0,0,0,0.0,0.0,0.0,0,,206.5,Deserto absoluto,False
3537206,353720,Pedro de Toledo - SP,SP,São Paulo,1423,711.5,0,0,0,0,0,0,0,0,0,0,0,0,0,0,0,0,0,0.0,0.0,0.0,0,,711.5,Deserto absoluto,False
3537305,353730,Penápolis - SP,SP,São Paulo,8027,4013.5,3,3,0,0,0,0,0,0,0,0,0,0,0,0,0,0,0,0.0,0.0,0.0,15207,1.0,4013.5,Deserto funcional,True
3537404,353740,Pereira Barreto - SP,SP,São Paulo,3339,1669.5,0,0,0,0,0,0,0,0,0,0,0,0,0,0,0,0,0,0.0,0.0,0.0,0,,1669.5,Deserto absoluto,False
3537503,353750,Pereiras - SP,SP,São Paulo,1054,527.0,0,0,0,0,0,0,0,0,0,0,0,0,0,0,0,0,0,0.0,0.0,0.0,0,,527.0,Deserto absoluto,False
3537602,353760,Peruíbe - SP,SP,São Paulo,9175,4587.5,3,3,0,328,1912,2911,2404,3365,0,61,109,95,56,39,5769,95,5864,2932.0,0.6288,0.6391,15207,0.8072,1655.5,Intermediario,True
3537701,353770,Piacatu - SP,SP,São Paulo,715,357.5,0,0,0,0,0,0,0,0,0,0,0,0,0,0,0,0,0,0.0,0.0,0.0,0,,357.5,Deserto absoluto,False
3537800,353780,Piedade - SP,SP,São Paulo,6409,3204.5,2,2,0,0,0,0,0,0,0,0,0,0,0,0,0,0,0,0.0,0.0,0.0,10138,1.0,3204.5,Deserto funcional,True
3537909,353790,Pilar do Sul - SP,SP,São Paulo,3141,1570.5,0,0,0,0,0,0,0,0,0,0,0,0,0,0,0,0,0,0.0,0.0,0.0,0,,1570.5,Deserto absoluto,False
3538006,353800,Pindamonhangaba - SP,SP,São Paulo,19254,9627.0,4,4,3363,5119,3442,4428,4497,3910,61,10,3,0,1,1,8407,2,8409,4204.5,0.4366,0.4367,20276,0.7926,5422.5,Intermediario,True
3538105,353810,Pindorama - SP,SP,São Paulo,1850,925.0,0,0,0,0,0,0,0,0,0,0,0,0,0,0,0,0,0,0.0,0.0,0.0,0,,925.0,Deserto absoluto,False
3538204,353820,Pinhalzinho - SP,SP,São Paulo,2013,1006.5,0,0,0,0,0,0,0,0,0,0,0,0,0,0,0,0,0,0.0,0.0,0.0,0,,1006.5,Deserto absoluto,False
3538303,353830,Piquerobi - SP,SP,São Paulo,477,238.5,0,0,0,0,0,0,0,0,0,0,0,0,0,0,0,0,0,0.0,0.0,0.0,0,,238.5,Deserto absoluto,False
3538501,353850,Piquete - SP,SP,São Paulo,1869,934.5,0,0,0,0,0,0,0,0,0,0,0,0,0,0,0,0,0,0.0,0.0,0.0,0,,934.5,Deserto absoluto,False
3538600,353860,Piracaia - SP,SP,São Paulo,3370,1685.0,0,0,0,0,0,0,0,0,0,0,0,0,0,0,0,0,0,0.0,0.0,0.0,0,,1685.0,Deserto absoluto,False
3538709,353870,Piracicaba - SP,SP,São Paulo,49260,24630.0,21,20,8284,11064,7379,7660,7619,14097,700,1093,1340,1279,1012,808,21716,1820,23536,11768.0,0.4408,0.4778,101380,0.8839,12862.0,Intermediario,True
3538808,353880,Piraju - SP,SP,São Paulo,3852,1926.0,3,3,836,1208,723,857,297,915,0,0,2,0,0,22,1212,22,1234,617.0,0.3146,0.3204,15207,0.9594,1309.0,Intermediario,True
3538907,353890,Pirajuí - SP,SP,São Paulo,2604,1302.0,0,0,0,0,0,0,0,0,0,0,0,0,0,0,0,0,0,0.0,0.0,0.0,0,,1302.0,Deserto absoluto,False
3539004,353900,Pirangi - SP,SP,São Paulo,1414,707.0,0,0,0,0,0,0,0,0,0,0,0,0,0,0,0,0,0,0.0,0.0,0.0,0,,707.0,Deserto absoluto,False
3539103,353910,Pirapora do Bom Jesus - SP,SP,São Paulo,1700,850.0,0,0,0,0,0,0,0,0,0,0,0,0,0,0,0,0,0,0.0,0.0,0.0,0,,850.0,Deserto absoluto,False
3539202,353920,Pirapozinho - SP,SP,São Paulo,3283,1641.5,0,0,0,0,0,0,0,0,0,0,0,0,0,0,0,0,0,0.0,0.0,0.0,0,,1641.5,Deserto absoluto,False
3539301,353930,Pirassununga - SP,SP,São Paulo,9341,4670.5,5,5,0,0,0,0,0,0,0,0,0,0,0,0,0,0,0,0.0,0.0,0.0,25345,1.0,4670.5,Deserto funcional,True
3539400,353940,Piratininga - SP,SP,São Paulo,1780,890.0,1,1,0,0,0,0,0,0,0,0,0,0,0,0,0,0,0,0.0,0.0,0.0,5069,1.0,890.0,Deserto funcional,True
3539509,353950,Pitangueiras - SP,SP,São Paulo,3528,1764.0,1,1,666,862,903,0,1020,1460,11,8,17,0,15,2,2480,17,2497,1248.5,0.7029,0.7078,5069,0.7537,515.5,Adequado,True
3539608,353960,Planalto - SP,SP,São Paulo,527,263.5,0,0,0,0,0,0,0,0,0,0,0,0,0,0,0,0,0,0.0,0.0,0.0,0,,263.5,Deserto absoluto,False
3539707,353970,Platina - SP,SP,São Paulo,348,174.0,0,0,0,0,0,0,0,0,0,0,0,0,0,0,0,0,0,0.0,0.0,0.0,0,,174.0,Deserto absoluto,False
3539806,353980,Poá - SP,SP,São Paulo,12487,6243.5,2,2,1660,429,433,442,253,977,7,2,2,2,2,11,1230,13,1243,621.5,0.0985,0.0995,10138,0.9387,5622.0,Deserto funcional,True
3539905,353990,Poloni - SP,SP,São Paulo,682,341.0,0,0,0,0,0,0,0,0,0,0,0,0,0,0,0,0,0,0.0,0.0,0.0,0,,341.0,Deserto absoluto,False
3540002,354000,Pompéia - SP,SP,São Paulo,2578,1289.0,2,2,0,0,0,0,485,620,0,0,0,0,19,19,1105,38,1143,571.5,0.4286,0.4434,10138,0.9436,717.5,Intermediario,True
3540101,354010,Pongaí - SP,SP,São Paulo,474,237.0,0,0,0,0,0,0,0,0,0,0,0,0,0,0,0,0,0,0.0,0.0,0.0,0,,237.0,Deserto absoluto,False
3540200,354020,Pontal - SP,SP,São Paulo,3648,1824.0,0,0,0,0,0,0,0,0,0,0,0,0,0,0,0,0,0,0.0,0.0,0.0,0,,1824.0,Deserto absoluto,False
3540259,354025,Pontalinda - SP,SP,São Paulo,452,226.0,0,0,0,0,0,0,0,0,0,0,0,0,0,0,0,0,0,0.0,0.0,0.0,0,,226.0,Deserto absoluto,False
3540309,354030,Pontes Gestal - SP,SP,São Paulo,316,158.0,0,0,0,0,0,0,0,0,0,0,0,0,0,0,0,0,0,0.0,0.0,0.0,0,,158.0,Deserto absoluto,False
3540408,354040,Populina - SP,SP,São Paulo,578,289.0,0,0,0,0,0,0,0,0,0,0,0,0,0,0,0,0,0,0.0,0.0,0.0,0,,289.0,Deserto absoluto,False
3540507,354050,Porangaba - SP,SP,São Paulo,1460,730.0,0,0,0,0,0,0,0,0,0,0,0,0,0,0,0,0,0,0.0,0.0,0.0,0,,730.0,Deserto absoluto,False
3540606,354060,Porto Feliz - SP,SP,São Paulo,6503,3251.5,1,1,0,0,0,0,0,0,0,0,0,0,0,0,0,0,0,0.0,0.0,0.0,5069,1.0,3251.5,Deserto funcional,True
3540705,354070,Porto Ferreira - SP,SP,São Paulo,6451,3225.5,2,2,0,0,0,0,0,0,0,0,0,0,0,0,0,0,0,0.0,0.0,0.0,10138,1.0,3225.5,Deserto funcional,True
3540754,354075,Potim - SP,SP,São Paulo,1855,927.5,0,0,0,0,0,0,0,0,0,0,0,0,0,0,0,0,0,0.0,0.0,0.0,0,,927.5,Deserto absoluto,False
3540804,354080,Potirendaba - SP,SP,São Paulo,2228,1114.0,0,0,0,0,0,0,0,0,0,0,0,0,0,0,0,0,0,0.0,0.0,0.0,0,,1114.0,Deserto absoluto,False
3540853,354085,Pracinha - SP,SP,São Paulo,175,87.5,0,0,0,0,0,0,0,0,0,0,0,0,0,0,0,0,0,0.0,0.0,0.0,0,,87.5,Deserto absoluto,False
3540903,354090,Pradópolis - SP,SP,São Paulo,1950,975.0,0,0,0,0,0,0,0,0,0,0,0,0,0,0,0,0,0,0.0,0.0,0.0,0,,975.0,Deserto absoluto,False
3541000,354100,Praia Grande - SP,SP,São Paulo,43480,21740.0,13,12,8688,12150,15198,15273,11985,11351,191,319,799,890,420,408,23336,828,24164,12082.0,0.5367,0.5557,60828,0.8014,9658.0,Intermediario,True
3541059,354105,Pratânia - SP,SP,São Paulo,499,249.5,0,0,0,0,0,0,0,0,0,0,0,0,0,0,0,0,0,0.0,0.0,0.0,0,,249.5,Deserto absoluto,False
3541109,354110,Presidente Alves - SP,SP,São Paulo,496,248.0,0,0,0,0,0,0,0,0,0,0,0,0,0,0,0,0,0,0.0,0.0,0.0,0,,248.0,Deserto absoluto,False
3541208,354120,Presidente Bernardes - SP,SP,São Paulo,1842,921.0,0,0,0,0,0,0,0,0,0,0,0,0,0,0,0,0,0,0.0,0.0,0.0,0,,921.0,Deserto absoluto,False
3541307,354130,Presidente Epitácio - SP,SP,São Paulo,5337,2668.5,2,2,52,0,0,0,0,0,0,0,0,0,0,0,0,0,0,0.0,0.0,0.0,10138,1.0,2668.5,Deserto funcional,True
3541406,354140,Presidente Prudente - SP,SP,São Paulo,29918,14959.0,17,17,9564,8486,9512,9023,11688,13844,648,712,746,743,1086,1383,25532,2469,28001,14000.5,0.8534,0.9359,86173,0.8375,958.5,Adequado,True
3541505,354150,Presidente Venceslau - SP,SP,São Paulo,5134,2567.0,2,2,0,0,0,0,0,0,0,0,0,0,0,0,0,0,0,0.0,0.0,0.0,10138,1.0,2567.0,Deserto funcional,True
3541604,354160,Promissão - SP,SP,São Paulo,4281,2140.5,2,2,1059,2410,3848,3298,3317,3319,497,923,1048,936,988,336,6636,1324,7960,3980.0,1.5501,1.8594,10138,0.6074,-1839.5,Adequado,False
3541653,354165,Quadra - SP,SP,São Paulo,423,211.5,0,0,0,0,0,0,0,0,0,0,0,0,0,0,0,0,0,0.0,0.0,0.0,0,,211.5,Deserto absoluto,False
3541703,354170,Quatá - SP,SP,São Paulo,1556,778.0,0,0,0,0,0,0,0,0,0,0,0,0,0,0,0,0,0,0.0,0.0,0.0,0,,778.0,Deserto absoluto,False
3541802,354180,Queiroz - SP,SP,São Paulo,329,164.5,0,0,0,0,0,0,0,0,0,0,0,0,0,0,0,0,0,0.0,0.0,0.0,0,,164.5,Deserto absoluto,False
3541901,354190,Queluz - SP,SP,São Paulo,1057,528.5,0,0,0,0,0,0,0,0,0,0,0,0,0,0,0,0,0,0.0,0.0,0.0,0,,528.5,Deserto absoluto,False
3542008,354200,Quintana - SP,SP,São Paulo,793,396.5,0,0,0,0,0,0,0,0,0,0,0,0,0,0,0,0,0,0.0,0.0,0.0,0,,396.5,Deserto absoluto,False
3542107,354210,Rafard - SP,SP,São Paulo,1010,505.0,0,0,0,0,0,0,0,0,0,0,0,0,0,0,0,0,0,0.0,0.0,0.0,0,,505.0,Deserto absoluto,False
3542206,354220,Rancharia - SP,SP,São Paulo,3859,1929.5,2,2,2931,5158,5535,5128,5962,5136,45,74,33,52,67,68,11098,135,11233,5616.5,2.8759,2.9109,10138,0.446,-3687.0,Adequado,False
3542305,354230,Redenção da Serra - SP,SP,São Paulo,609,304.5,0,0,0,0,0,0,0,0,0,0,0,0,0,0,0,0,0,0.0,0.0,0.0,0,,304.5,Deserto absoluto,False
3542404,354240,Regente Feijó - SP,SP,São Paulo,2616,1308.0,0,0,0,0,0,0,0,0,0,0,0,0,0,0,0,0,0,0.0,0.0,0.0,0,,1308.0,Deserto absoluto,False
3542503,354250,Reginópolis - SP,SP,São Paulo,698,349.0,0,0,0,0,0,0,0,0,0,0,0,0,0,0,0,0,0,0.0,0.0,0.0,0,,349.0,Deserto absoluto,False
3542602,354260,Registro - SP,SP,São Paulo,6695,3347.5,5,5,0,0,0,0,0,0,0,0,0,0,0,0,0,0,0,0.0,0.0,0.0,25345,1.0,3347.5,Deserto funcional,True
3542701,354270,Restinga - SP,SP,São Paulo,701,350.5,0,0,0,0,0,0,0,0,0,0,0,0,0,0,0,0,0,0.0,0.0,0.0,0,,350.5,Deserto absoluto,False
3542800,354280,Ribeira - SP,SP,São Paulo,365,182.5,0,0,0,0,0,0,0,0,0,0,0,0,0,0,0,0,0,0.0,0.0,0.0,0,,182.5,Deserto absoluto,False
3542909,354290,Ribeirão Bonito - SP,SP,São Paulo,1283,641.5,0,0,0,0,0,0,0,0,0,0,0,0,0,0,0,0,0,0.0,0.0,0.0,0,,641.5,Deserto absoluto,False
3543006,354300,Ribeirão Branco - SP,SP,São Paulo,1733,866.5,0,0,0,0,0,0,0,0,0,0,0,0,0,0,0,0,0,0.0,0.0,0.0,0,,866.5,Deserto absoluto,False
3543105,354310,Ribeirão Corrente - SP,SP,São Paulo,478,239.0,0,0,0,0,0,0,0,0,0,0,0,0,0,0,0,0,0,0.0,0.0,0.0,0,,239.0,Deserto absoluto,False
3543204,354320,Ribeirão do Sul - SP,SP,São Paulo,583,291.5,0,0,0,0,0,0,0,0,0,0,0,0,0,0,0,0,0,0.0,0.0,0.0,0,,291.5,Deserto absoluto,False
3543238,354323,Ribeirão dos Índios - SP,SP,São Paulo,308,154.0,0,0,0,0,0,0,0,0,0,0,0,0,0,0,0,0,0,0.0,0.0,0.0,0,,154.0,Deserto absoluto,False
3543253,354325,Ribeirão Grande - SP,SP,São Paulo,848,424.0,0,0,0,0,0,0,0,0,0,0,0,0,0,0,0,0,0,0.0,0.0,0.0,0,,424.0,Deserto absoluto,False
3543303,354330,Ribeirão Pires - SP,SP,São Paulo,15009,7504.5,4,4,0,39,3092,2925,3027,2682,0,0,18,10,14,8,5709,22,5731,2865.5,0.3804,0.3818,20276,0.8587,4639.0,Intermediario,True
3543402,354340,Ribeirão Preto - SP,SP,São Paulo,81737,40868.5,19,19,10368,12425,17014,18481,17035,19492,2516,3060,3570,3776,3687,4848,36527,8535,45062,22531.0,0.4469,0.5513,96311,0.7661,18337.5,Intermediario,True
3543501,354350,Riversul - SP,SP,São Paulo,711,355.5,0,0,0,0,0,0,0,0,0,0,0,0,0,0,0,0,0,0.0,0.0,0.0,0,,355.5,Deserto absoluto,False
3543600,354360,Rifaina - SP,SP,São Paulo,487,243.5,0,0,0,0,0,0,0,0,0,0,0,0,0,0,0,0,0,0.0,0.0,0.0,0,,243.5,Deserto absoluto,False
3543709,354370,Rincão - SP,SP,São Paulo,1136,568.0,0,0,0,0,0,0,0,0,0,0,0,0,0,0,0,0,0,0.0,0.0,0.0,0,,568.0,Deserto absoluto,False
3543808,354380,Rinópolis - SP,SP,São Paulo,1214,607.0,0,0,0,0,0,0,0,0,0,0,0,0,0,0,0,0,0,0.0,0.0,0.0,0,,607.0,Deserto absoluto,False
3543907,354390,Rio Claro - SP,SP,São Paulo,24332,12166.0,11,11,3893,5641,6839,8072,9312,5815,1284,1261,1408,1306,1092,1022,15127,2114,17241,8620.5,0.6217,0.7086,55759,0.8454,3545.5,Adequado,True
3544004,354400,Rio das Pedras - SP,SP,São Paulo,3271,1635.5,3,2,172,0,0,0,0,0,23,0,0,0,0,0,0,0,0,0.0,0.0,0.0,10138,1.0,1635.5,Deserto funcional,True
3544103,354410,Rio Grande da Serra - SP,SP,São Paulo,4936,2468.0,1,1,0,0,0,0,0,0,0,0,0,0,0,0,0,0,0,0.0,0.0,0.0,5069,1.0,2468.0,Deserto funcional,True
3544202,354420,Riolândia - SP,SP,São Paulo,873,436.5,0,0,0,0,0,0,0,0,0,0,0,0,0,0,0,0,0,0.0,0.0,0.0,0,,436.5,Deserto absoluto,False
3544251,354425,Rosana - SP,SP,São Paulo,2429,1214.5,1,1,1288,1838,1780,1936,1653,993,26,37,27,34,21,6,2646,27,2673,1336.5,1.0893,1.1005,5069,0.7363,-122.0,Adequado,False
3544301,354430,Roseira - SP,SP,São Paulo,1254,627.0,0,0,0,0,0,0,0,0,0,0,0,0,0,0,0,0,0,0.0,0.0,0.0,0,,627.0,Deserto absoluto,False
3544400,354440,Rubiácea - SP,SP,São Paulo,323,161.5,0,0,0,0,0,0,0,0,0,0,0,0,0,0,0,0,0,0.0,0.0,0.0,0,,161.5,Deserto absoluto,False
3544509,354450,Rubinéia - SP,SP,São Paulo,618,309.0,0,0,0,0,0,0,0,0,0,0,0,0,0,0,0,0,0,0.0,0.0,0.0,0,,309.0,Deserto absoluto,False
3544608,354460,Sabino - SP,SP,São Paulo,741,370.5,0,0,0,0,0,0,0,0,0,0,0,0,0,0,0,0,0,0.0,0.0,0.0,0,,370.5,Deserto absoluto,False
3544707,354470,Sagres - SP,SP,São Paulo,308,154.0,0,0,0,0,0,0,0,0,0,0,0,0,0,0,0,0,0,0.0,0.0,0.0,0,,154.0,Deserto absoluto,False
3544806,354480,Sales - SP,SP,São Paulo,951,475.5,0,0,0,0,0,0,0,0,0,0,0,0,0,0,0,0,0,0.0,0.0,0.0,0,,475.5,Deserto absoluto,False
3544905,354490,Sales Oliveira - SP,SP,São Paulo,1362,681.0,1,0,0,0,0,0,0,0,0,0,0,0,0,0,0,0,0,0.0,0.0,0.0,0,,681.0,Deserto funcional,False
3545001,354500,Salesópolis - SP,SP,São Paulo,1837,918.5,0,0,0,0,0,0,0,0,0,0,0,0,0,0,0,0,0,0.0,0.0,0.0,0,,918.5,Deserto absoluto,False
3545100,354510,Salmourão - SP,SP,São Paulo,557,278.5,0,0,0,0,0,0,0,0,0,0,0,0,0,0,0,0,0,0.0,0.0,0.0,0,,278.5,Deserto absoluto,False
3545159,354515,Saltinho - SP,SP,São Paulo,1021,510.5,0,0,0,0,0,0,0,0,0,0,0,0,0,0,0,0,0,0.0,0.0,0.0,0,,510.5,Deserto absoluto,False
3545209,354520,Salto - SP,SP,São Paulo,15292,7646.0,1,1,1118,1836,1791,3302,4108,3728,49,41,41,64,149,119,7836,268,8104,4052.0,0.5124,0.53,5069,0.2006,3594.0,Intermediario,False
3545308,354530,Salto de Pirapora - SP,SP,São Paulo,5122,2561.0,0,0,0,0,0,0,0,0,0,0,0,0,0,0,0,0,0,0.0,0.0,0.0,0,,2561.0,Deserto absoluto,False
3545407,354540,Salto Grande - SP,SP,São Paulo,1139,569.5,0,0,3961,3690,2484,3410,0,0,65,45,14,21,0,0,0,0,0,0.0,0.0,0.0,0,,569.5,Deserto absoluto,False
3545506,354550,Sandovalina - SP,SP,São Paulo,426,213.0,0,0,0,0,0,0,0,0,0,0,0,0,0,0,0,0,0,0.0,0.0,0.0,0,,213.0,Deserto absoluto,False
3545605,354560,Santa Adélia - SP,SP,São Paulo,1687,843.5,0,0,0,0,0,0,0,0,0,0,0,0,0,0,0,0,0,0.0,0.0,0.0,0,,843.5,Deserto absoluto,False
3545704,354570,Santa Albertina - SP,SP,São Paulo,863,431.5,0,0,0,0,0,0,0,0,0,0,0,0,0,0,0,0,0,0.0,0.0,0.0,0,,431.5,Deserto absoluto,False
3545803,354580,Santa Bárbara d'Oeste - SP,SP,São Paulo,24029,12014.5,7,6,1381,3461,4800,2184,908,2158,250,395,425,125,22,134,3066,156,3222,1611.0,0.1276,0.1341,30414,0.947,10403.5,Deserto funcional,True
3546009,354600,Santa Branca - SP,SP,São Paulo,1890,945.0,0,0,0,0,0,0,0,0,0,0,0,0,0,0,0,0,0,0.0,0.0,0.0,0,,945.0,Deserto absoluto,False
3546108,354610,Santa Clara d'Oeste - SP,SP,São Paulo,327,163.5,0,0,0,0,0,0,0,0,0,0,0,0,0,0,0,0,0,0.0,0.0,0.0,0,,163.5,Deserto absoluto,False
3546207,354620,Santa Cruz da Conceição - SP,SP,São Paulo,625,312.5,0,0,0,0,0,0,0,0,0,0,0,0,0,0,0,0,0,0.0,0.0,0.0,0,,312.5,Deserto absoluto,False
3546256,354625,Santa Cruz da Esperança - SP,SP,São Paulo,263,131.5,0,0,0,0,0,0,0,0,0,0,0,0,0,0,0,0,0,0.0,0.0,0.0,0,,131.5,Deserto absoluto,False
3546306,354630,Santa Cruz das Palmeiras - SP,SP,São Paulo,3354,1677.0,1,1,0,0,0,0,0,0,0,0,0,0,0,0,0,0,0,0.0,0.0,0.0,5069,1.0,1677.0,Deserto funcional,True
3546405,354640,Santa Cruz do Rio Pardo - SP,SP,São Paulo,5645,2822.5,3,3,1661,1510,2256,2539,2350,2618,7,5,11,11,12,20,4968,32,5000,2500.0,0.8801,0.8857,15207,0.8356,322.5,Adequado,True
3546504,354650,Santa Ernestina - SP,SP,São Paulo,663,331.5,0,0,0,0,0,0,0,0,0,0,0,0,0,0,0,0,0,0.0,0.0,0.0,0,,331.5,Deserto absoluto,False
3546603,354660,Santa Fé do Sul - SP,SP,São Paulo,4532,2266.0,1,1,0,0,89,743,1362,1847,0,0,0,6,13,13,3209,26,3235,1617.5,0.7081,0.7138,5069,0.6809,648.5,Adequado,True
3546702,354670,Santa Gertrudes - SP,SP,São Paulo,2169,1084.5,0,0,0,0,0,0,0,0,0,0,0,0,0,0,0,0,0,0.0,0.0,0.0,0,,1084.5,Deserto absoluto,False
3546801,354680,Santa Isabel - SP,SP,São Paulo,6355,3177.5,2,2,555,641,2106,1584,1286,1162,2,3,0,13,8,18,2448,26,2474,1237.0,0.3852,0.3893,10138,0.878,1940.5,Intermediario,True
3546900,354690,Santa Lúcia - SP,SP,São Paulo,888,444.0,0,0,0,0,0,0,0,0,0,0,0,0,0,0,0,0,0,0.0,0.0,0.0,0,,444.0,Deserto absoluto,False
3547007,354700,Santa Maria da Serra - SP,SP,São Paulo,599,299.5,0,0,0,0,0,0,0,0,0,0,0,0,0,0,0,0,0,0.0,0.0,0.0,0,,299.5,Deserto absoluto,False
3547106,354710,Santa Mercedes - SP,SP,São Paulo,368,184.0,0,0,0,0,0,0,0,0,0,0,0,0,0,0,0,0,0,0.0,0.0,0.0,0,,184.0,Deserto absoluto,False
3547205,354720,Santana da Ponte Pensa - SP,SP,São Paulo,277,138.5,0,0,0,0,0,0,0,0,0,0,0,0,0,0,0,0,0,0.0,0.0,0.0,0,,138.5,Deserto absoluto,False
3547304,354730,Santana de Parnaíba - SP,SP,São Paulo,16276,8138.0,2,2,5201,7016,7999,7758,7522,8975,38,65,59,85,42,132,16497,174,16671,8335.5,1.0136,1.0243,10138,0.1778,-197.5,Adequado,False
3547403,354740,Santa Rita d'Oeste - SP,SP,São Paulo,414,207.0,0,0,0,0,0,0,0,0,0,0,0,0,0,0,0,0,0,0.0,0.0,0.0,0,,207.0,Deserto absoluto,False
3547502,354750,Santa Rita do Passa Quatro - SP,SP,São Paulo,3561,1780.5,2,2,0,0,0,0,0,0,0,0,0,0,0,0,0,0,0,0.0,0.0,0.0,10138,1.0,1780.5,Deserto funcional,True
3547601,354760,Santa Rosa de Viterbo - SP,SP,São Paulo,3056,1528.0,0,0,0,0,0,0,0,0,0,0,0,0,0,0,0,0,0,0.0,0.0,0.0,0,,1528.0,Deserto absoluto,False
3547650,354765,Santa Salete - SP,SP,São Paulo,228,114.0,0,0,0,0,0,0,0,0,0,0,0,0,0,0,0,0,0,0.0,0.0,0.0,0,,114.0,Deserto absoluto,False
3547700,354770,Santo Anastácio - SP,SP,São Paulo,2601,1300.5,0,0,0,0,0,0,0,0,0,0,0,0,0,0,0,0,0,0.0,0.0,0.0,0,,1300.5,Deserto absoluto,False
3547809,354780,Santo André - SP,SP,São Paulo,96350,48175.0,25,22,15856,12698,18491,17744,22872,25306,1016,669,715,625,1454,1272,48178,2726,50904,25452.0,0.5,0.5283,111518,0.7718,22723.0,Intermediario,True
3547908,354790,Santo Antônio da Alegria - SP,SP,São Paulo,841,420.5,0,0,0,0,0,0,0,0,0,0,0,0,0,0,0,0,0,0.0,0.0,0.0,0,,420.5,Deserto absoluto,False
3548005,354800,Santo Antônio de Posse - SP,SP,São Paulo,2565,1282.5,0,0,0,0,0,0,0,0,0,0,0,0,0,0,0,0,0,0.0,0.0,0.0,0,,1282.5,Deserto absoluto,False
3548054,354805,Santo Antônio do Aracanguá - SP,SP,São Paulo,1137,568.5,0,0,0,0,0,0,0,0,0,0,0,0,0,0,0,0,0,0.0,0.0,0.0,0,,568.5,Deserto absoluto,False
3548104,354810,Santo Antônio do Jardim - SP,SP,São Paulo,758,379.0,0,0,0,0,0,0,0,0,0,0,0,0,0,0,0,0,0,0.0,0.0,0.0,0,,379.0,Deserto absoluto,False
3548203,354820,Santo Antônio do Pinhal - SP,SP,São Paulo,906,453.0,0,0,0,0,0,0,0,0,0,0,0,0,0,0,0,0,0,0.0,0.0,0.0,0,,453.0,Deserto absoluto,False
3548302,354830,Santo Expedito - SP,SP,São Paulo,421,210.5,0,0,0,0,0,0,0,0,0,0,0,0,0,0,0,0,0,0.0,0.0,0.0,0,,210.5,Deserto absoluto,False
3548401,354840,Santópolis do Aguapeí - SP,SP,São Paulo,476,238.0,0,0,0,0,0,0,0,0,0,0,0,0,0,0,0,0,0,0.0,0.0,0.0,0,,238.0,Deserto absoluto,False
3548500,354850,Santos - SP,SP,São Paulo,62159,31079.5,42,40,10084,16876,14290,15189,16979,13307,837,1779,1759,2248,2061,1955,30286,4016,34302,17151.0,0.4872,0.5518,202760,0.9154,13928.5,Intermediario,True
3548609,354860,São Bento do Sapucaí - SP,SP,São Paulo,1543,771.5,0,0,0,0,0,0,0,0,0,0,0,0,0,0,0,0,0,0.0,0.0,0.0,0,,771.5,Deserto absoluto,False
3548708,354870,São Bernardo do Campo - SP,SP,São Paulo,102315,51157.5,20,18,18267,26396,26215,25706,20988,27823,1186,1270,1173,1272,1228,1393,48811,2621,51432,25716.0,0.4771,0.5027,91242,0.7182,25441.5,Intermediario,True
3548807,354880,São Caetano do Sul - SP,SP,São Paulo,23625,11812.5,7,7,4882,7951,1491,9702,8080,6098,202,115,5,263,504,566,14178,1070,15248,7624.0,0.6001,0.6454,35483,0.7851,4188.5,Intermediario,True
3548906,354890,São Carlos - SP,SP,São Paulo,30564,15282.0,9,7,6074,6657,8882,11947,9428,9566,233,351,392,524,564,710,18994,1274,20268,10134.0,0.6215,0.6631,35483,0.7144,5148.0,Intermediario,True
3549003,354900,São Francisco - SP,SP,São Paulo,389,194.5,0,0,0,0,0,0,0,0,0,0,0,0,0,0,0,0,0,0.0,0.0,0.0,0,,194.5,Deserto absoluto,False
3549102,354910,São João da Boa Vista - SP,SP,São Paulo,12348,6174.0,6,5,4990,4691,5675,5489,5913,6329,221,238,291,285,257,332,12242,589,12831,6415.5,0.9914,1.0391,25345,0.7469,-241.5,Adequado,False
3549201,354920,São João das Duas Pontes - SP,SP,São Paulo,341,170.5,0,0,0,0,0,0,0,0,0,0,0,0,0,0,0,0,0,0.0,0.0,0.0,0,,170.5,Deserto absoluto,False
3549250,354925,São João de Iracema - SP,SP,São Paulo,223,111.5,0,0,0,0,0,0,0,0,0,0,0,0,0,0,0,0,0,0.0,0.0,0.0,0,,111.5,Deserto absoluto,False
3549300,354930,São João do Pau d'Alho - SP,SP,São Paulo,331,165.5,0,0,0,0,0,0,0,0,0,0,0,0,0,0,0,0,0,0.0,0.0,0.0,0,,165.5,Deserto absoluto,False
3549409,354940,São Joaquim da Barra - SP,SP,São Paulo,5807,2903.5,4,4,1875,2828,2992,2964,2441,2384,23,25,30,31,16,13,4825,29,4854,2427.0,0.8309,0.8359,20276,0.8803,476.5,Adequado,True
3549508,354950,São José da Bela Vista - SP,SP,São Paulo,794,397.0,0,0,0,0,0,0,0,0,0,0,0,0,0,0,0,0,0,0.0,0.0,0.0,0,,397.0,Deserto absoluto,False
3549607,354960,São José do Barreiro - SP,SP,São Paulo,495,247.5,0,0,0,0,0,0,0,0,0,0,0,0,0,0,0,0,0,0.0,0.0,0.0,0,,247.5,Deserto absoluto,False
3549706,354970,São José do Rio Pardo - SP,SP,São Paulo,6940,3470.0,3,3,0,0,0,0,0,0,0,0,0,0,0,0,0,0,0,0.0,0.0,0.0,15207,1.0,3470.0,Deserto funcional,True
3549805,354980,São José do Rio Preto - SP,SP,São Paulo,60032,30016.0,16,16,12651,15358,22693,27824,27238,27208,1275,1614,1515,2257,2648,3153,54446,5801,60247,30123.5,0.9069,1.0036,81104,0.6286,-107.5,Adequado,False
3549904,354990,São José dos Campos - SP,SP,São Paulo,82918,41459.0,15,15,26618,31804,38251,35409,34320,32502,6077,8267,2831,3941,4153,3715,66822,7868,74690,37345.0,0.8059,0.9008,76035,0.5088,4114.0,Adequado,True
3549953,354995,São Lourenço da Serra - SP,SP,São Paulo,1838,919.0,0,0,0,0,0,0,0,0,0,0,0,0,0,0,0,0,0,0.0,0.0,0.0,0,,919.0,Deserto absoluto,False
3550001,355000,São Luiz do Paraitinga - SP,SP,São Paulo,1465,732.5,0,0,0,0,0,0,0,0,0,0,0,0,0,0,0,0,0,0.0,0.0,0.0,0,,732.5,Deserto absoluto,False
3550100,355010,São Manuel - SP,SP,São Paulo,4475,2237.5,1,1,0,0,0,0,0,0,0,0,0,0,0,0,0,0,0,0.0,0.0,0.0,5069,1.0,2237.5,Deserto funcional,True
3550209,355020,São Miguel Arcanjo - SP,SP,São Paulo,3647,1823.5,1,1,0,0,0,0,0,0,0,0,0,0,0,0,0,0,0,0.0,0.0,0.0,5069,1.0,1823.5,Deserto funcional,True
3550308,355030,São Paulo - SP,SP,São Paulo,1413934,706967.0,432,423,200760,244641,341996,318673,337393,366633,44367,58528,75037,69432,57439,60020,704026,117459,821485,410742.5,0.4979,0.581,2144187,0.8084,296224.5,Intermediario,True
3550407,355040,São Pedro - SP,SP,São Paulo,4975,2487.5,2,2,306,1649,1638,2297,2033,1173,0,4,1,2,1,322,3206,323,3529,1764.5,0.6444,0.7093,10138,0.826,723.0,Adequado,True
3550506,355050,São Pedro do Turvo - SP,SP,São Paulo,826,413.0,0,0,0,0,0,0,0,0,0,0,0,0,0,0,0,0,0,0.0,0.0,0.0,0,,413.0,Deserto absoluto,False
3550605,355060,São Roque - SP,SP,São Paulo,9839,4919.5,4,4,1158,1429,2399,2007,1854,2792,19,10,21,49,27,27,4646,54,4700,2350.0,0.4722,0.4777,20276,0.8841,2569.5,Intermediario,True
3550704,355070,São Sebastião - SP,SP,São Paulo,8471,4235.5,4,4,0,0,0,0,0,0,0,0,0,0,0,0,0,0,0,0.0,0.0,0.0,20276,1.0,4235.5,Deserto funcional,True
3550803,355080,São Sebastião da Grama - SP,SP,São Paulo,1322,661.0,0,0,0,0,0,0,0,0,0,0,0,0,0,0,0,0,0,0.0,0.0,0.0,0,,661.0,Deserto absoluto,False
3550902,355090,São Simão - SP,SP,São Paulo,1743,871.5,0,0,0,0,0,0,0,0,0,0,0,0,0,0,0,0,0,0.0,0.0,0.0,0,,871.5,Deserto absoluto,False
3551009,355100,São Vicente - SP,SP,São Paulo,40635,20317.5,8,8,5673,7346,7444,8803,8691,6682,402,631,920,779,1054,948,15373,2002,17375,8687.5,0.3783,0.4276,40552,0.7858,11630.0,Intermediario,True
3551108,355110,Sarapuí - SP,SP,São Paulo,1182,591.0,0,0,0,0,0,0,0,0,0,0,0,0,0,0,0,0,0,0.0,0.0,0.0,0,,591.0,Deserto absoluto,False
3551207,355120,Sarutaiá - SP,SP,São Paulo,459,229.5,0,0,0,0,0,0,0,0,0,0,0,0,0,0,0,0,0,0.0,0.0,0.0,0,,229.5,Deserto absoluto,False
3551306,355130,Sebastianópolis do Sul - SP,SP,São Paulo,441,220.5,0,0,0,0,0,0,0,0,0,0,0,0,0,0,0,0,0,0.0,0.0,0.0,0,,220.5,Deserto absoluto,False
3551405,355140,Serra Azul - SP,SP,São Paulo,1008,504.0,0,0,0,0,0,0,0,0,0,0,0,0,0,0,0,0,0,0.0,0.0,0.0,0,,504.0,Deserto absoluto,False
3551504,355150,Serrana - SP,SP,São Paulo,4362,2181.0,1,1,0,0,0,0,0,0,0,0,0,0,0,0,0,0,0,0.0,0.0,0.0,5069,1.0,2181.0,Deserto funcional,True
3551603,355160,Serra Negra - SP,SP,São Paulo,4029,2014.5,0,0,0,0,0,0,0,0,0,0,0,0,0,0,0,0,0,0.0,0.0,0.0,0,,2014.5,Deserto absoluto,False
3551702,355170,Sertãozinho - SP,SP,São Paulo,13894,6947.0,7,7,0,2791,4610,4235,3942,4304,0,69,83,86,52,27,8246,79,8325,4162.5,0.5935,0.5992,35483,0.8827,2784.5,Intermediario,True
3551801,355180,Sete Barras - SP,SP,São Paulo,1437,718.5,0,0,0,0,0,0,0,0,0,0,0,0,0,0,0,0,0,0.0,0.0,0.0,0,,718.5,Deserto absoluto,False
3551900,355190,Severínia - SP,SP,São Paulo,1590,795.0,0,0,0,0,0,0,0,0,0,0,0,0,0,0,0,0,0,0.0,0.0,0.0,0,,795.0,Deserto absoluto,False
3552007,355200,Silveiras - SP,SP,São Paulo,704,352.0,0,0,0,0,0,0,0,0,0,0,0,0,0,0,0,0,0,0.0,0.0,0.0,0,,352.0,Deserto absoluto,False
3552106,355210,Socorro - SP,SP,São Paulo,5394,2697.0,2,2,0,0,0,0,0,0,0,0,0,0,0,0,0,0,0,0.0,0.0,0.0,10138,1.0,2697.0,Deserto funcional,True
3552205,355220,Sorocaba - SP,SP,São Paulo,82852,41426.0,26,25,13567,15588,22684,19391,28211,15745,1087,1466,2183,1023,968,2416,43956,3384,47340,23670.0,0.5305,0.5714,126725,0.8132,17756.0,Intermediario,True
3552304,355230,Sud Mennucci - SP,SP,São Paulo,908,454.0,0,0,0,0,0,0,0,0,0,0,0,0,0,0,0,0,0,0.0,0.0,0.0,0,,454.0,Deserto absoluto,False
3552403,355240,Sumaré - SP,SP,São Paulo,30143,15071.5,10,9,4134,5028,5017,6745,5632,5249,229,266,222,243,272,262,10881,534,11415,5707.5,0.361,0.3787,45621,0.8749,9364.0,Intermediario,True
3552502,355250,Suzano - SP,SP,São Paulo,33106,16553.0,11,11,1021,1367,7368,6901,8205,8418,2,2,56,71,94,84,16623,178,16801,8400.5,0.5021,0.5075,55759,0.8493,8152.5,Intermediario,True
3552551,355255,Suzanápolis - SP,SP,São Paulo,437,218.5,0,0,0,0,0,0,0,0,0,0,0,0,0,0,0,0,0,0.0,0.0,0.0,0,,218.5,Deserto absoluto,False
3552601,355260,Tabapuã - SP,SP,São Paulo,1461,730.5,0,0,0,0,0,0,0,0,0,0,0,0,0,0,0,0,0,0.0,0.0,0.0,0,,730.5,Deserto absoluto,False
3552700,355270,Tabatinga - SP,SP,São Paulo,1669,834.5,1,1,0,0,0,0,0,0,0,0,0,0,0,0,0,0,0,0.0,0.0,0.0,5069,1.0,834.5,Deserto funcional,True
3552809,355280,Taboão da Serra - SP,SP,São Paulo,30664,15332.0,10,10,9395,6512,13320,10368,11854,9559,78,96,495,463,290,744,21413,1034,22447,11223.5,0.6983,0.732,50690,0.7786,4108.5,Adequado,True
3552908,355290,Taciba - SP,SP,São Paulo,737,368.5,0,0,0,0,0,0,0,0,0,0,0,0,0,0,0,0,0,0.0,0.0,0.0,0,,368.5,Deserto absoluto,False
3553005,355300,Taguaí - SP,SP,São Paulo,1312,656.0,0,0,0,0,0,0,0,0,0,0,0,0,0,0,0,0,0,0.0,0.0,0.0,0,,656.0,Deserto absoluto,False
3553104,355310,Taiaçu - SP,SP,São Paulo,682,341.0,0,0,0,0,0,0,0,0,0,0,0,0,0,0,0,0,0,0.0,0.0,0.0,0,,341.0,Deserto absoluto,False
3553203,355320,Taiúva - SP,SP,São Paulo,712,356.0,0,0,0,0,0,0,0,0,0,0,0,0,0,0,0,0,0,0.0,0.0,0.0,0,,356.0,Deserto absoluto,False
3553302,355330,Tambaú - SP,SP,São Paulo,2646,1323.0,1,1,0,0,0,0,0,0,0,0,0,0,0,0,0,0,0,0.0,0.0,0.0,5069,1.0,1323.0,Deserto funcional,True
3553401,355340,Tanabi - SP,SP,São Paulo,3258,1629.0,2,2,608,945,1370,1202,1231,1152,4,4,4,3,4,2,2383,6,2389,1194.5,0.7314,0.7333,10138,0.8822,434.5,Adequado,True
3553500,355350,Tapiraí - SP,SP,São Paulo,848,424.0,0,0,0,0,0,0,0,0,0,0,0,0,0,0,0,0,0,0.0,0.0,0.0,0,,424.0,Deserto absoluto,False
3553609,355360,Tapiratiba - SP,SP,São Paulo,1646,823.0,0,0,0,0,0,0,0,0,0,0,0,0,0,0,0,0,0,0.0,0.0,0.0,0,,823.0,Deserto absoluto,False
3553658,355365,Taquaral - SP,SP,São Paulo,322,161.0,0,0,0,0,0,0,0,0,0,0,0,0,0,0,0,0,0,0.0,0.0,0.0,0,,161.0,Deserto absoluto,False
3553708,355370,Taquaritinga - SP,SP,São Paulo,6622,3311.0,2,2,1391,1469,2203,1657,1338,1442,18,33,31,44,42,16,2780,58,2838,1419.0,0.4198,0.4286,10138,0.86,1892.0,Intermediario,True
3553807,355380,Taquarituba - SP,SP,São Paulo,2777,1388.5,2,2,0,0,0,0,0,0,0,0,0,0,0,0,0,0,0,0.0,0.0,0.0,10138,1.0,1388.5,Deserto funcional,True
3553856,355385,Taquarivaí - SP,SP,São Paulo,657,328.5,0,0,0,0,0,0,0,0,0,0,0,0,0,0,0,0,0,0.0,0.0,0.0,0,,328.5,Deserto absoluto,False
3553906,355390,Tarabai - SP,SP,São Paulo,797,398.5,0,0,0,0,0,0,0,0,0,0,0,0,0,0,0,0,0,0.0,0.0,0.0,0,,398.5,Deserto absoluto,False
3553955,355395,Tarumã - SP,SP,São Paulo,1636,818.0,0,0,0,0,0,0,0,0,0,0,0,0,0,0,0,0,0,0.0,0.0,0.0,0,,818.0,Deserto absoluto,False
3554003,355400,Tatuí - SP,SP,São Paulo,13771,6885.5,4,4,1911,2769,1712,2943,3282,1491,51,102,36,6,15,14,4773,29,4802,2401.0,0.3466,0.3487,20276,0.8816,4484.5,Intermediario,True
3554102,355410,Taubaté - SP,SP,São Paulo,37884,18942.0,9,9,11465,11679,10339,11170,14561,15790,714,803,723,395,395,403,30351,798,31149,15574.5,0.8012,0.8222,45621,0.6586,3367.5,Adequado,True
3554201,355420,Tejupá - SP,SP,São Paulo,424,212.0,0,0,0,0,0,0,0,0,0,0,0,0,0,0,0,0,0,0.0,0.0,0.0,0,,212.0,Deserto absoluto,False
3554300,355430,Teodoro Sampaio - SP,SP,São Paulo,2512,1256.0,1,1,0,0,0,0,0,324,0,0,0,0,0,16,324,16,340,170.0,0.129,0.1354,5069,0.9665,1086.0,Deserto funcional,True
3554409,355440,Terra Roxa - SP,SP,São Paulo,985,492.5,0,0,0,0,0,0,0,0,0,0,0,0,0,0,0,0,0,0.0,0.0,0.0,0,,492.5,Deserto absoluto,False
3554508,355450,Tietê - SP,SP,São Paulo,4420,2210.0,3,3,263,672,693,173,959,749,7,25,17,2,15,15,1708,30,1738,869.0,0.3864,0.3932,15207,0.9429,1341.0,Intermediario,True
3554607,355460,Timburi - SP,SP,São Paulo,339,169.5,0,0,0,0,0,0,0,0,0,0,0,0,0,0,0,0,0,0.0,0.0,0.0,0,,169.5,Deserto absoluto,False
3554656,355465,Torre de Pedra - SP,SP,São Paulo,289,144.5,0,0,0,0,0,0,0,0,0,0,0,0,0,0,0,0,0,0.0,0.0,0.0,0,,144.5,Deserto absoluto,False
3554706,355470,Torrinha - SP,SP,São Paulo,1193,596.5,0,0,0,0,0,0,0,0,0,0,0,0,0,0,0,0,0,0.0,0.0,0.0,0,,596.5,Deserto absoluto,False
3554755,355475,Trabiju - SP,SP,São Paulo,176,88.0,0,0,0,0,0,0,0,0,0,0,0,0,0,0,0,0,0,0.0,0.0,0.0,0,,88.0,Deserto absoluto,False
3554805,355480,Tremembé - SP,SP,São Paulo,5377,2688.5,0,0,0,0,0,0,0,0,0,0,0,0,0,0,0,0,0,0.0,0.0,0.0,0,,2688.5,Deserto absoluto,False
3554904,355490,Três Fronteiras - SP,SP,São Paulo,861,430.5,0,0,0,0,0,0,0,0,0,0,0,0,0,0,0,0,0,0.0,0.0,0.0,0,,430.5,Deserto absoluto,False
3554953,355495,Tuiuti - SP,SP,São Paulo,894,447.0,0,0,0,0,0,0,0,0,0,0,0,0,0,0,0,0,0,0.0,0.0,0.0,0,,447.0,Deserto absoluto,False
3555000,355500,Tupã - SP,SP,São Paulo,8583,4291.5,4,4,6696,6509,8555,9055,9019,8739,239,176,84,145,92,126,17758,218,17976,8988.0,2.069,2.0944,20276,0.5567,-4696.5,Adequado,False
3555109,355510,Tupi Paulista - SP,SP,São Paulo,2126,1063.0,0,0,0,0,0,0,0,0,0,0,0,0,0,0,0,0,0,0.0,0.0,0.0,0,,1063.0,Deserto absoluto,False
3555208,355520,Turiúba - SP,SP,São Paulo,260,130.0,0,0,0,0,0,0,0,0,0,0,0,0,0,0,0,0,0,0.0,0.0,0.0,0,,130.0,Deserto absoluto,False
3555307,355530,Turmalina - SP,SP,São Paulo,309,154.5,0,0,0,0,0,0,0,0,0,0,0,0,0,0,0,0,0,0.0,0.0,0.0,0,,154.5,Deserto absoluto,False
3555356,355535,Ubarana - SP,SP,São Paulo,562,281.0,0,0,0,0,0,0,0,0,0,0,0,0,0,0,0,0,0,0.0,0.0,0.0,0,,281.0,Deserto absoluto,False
3555406,355540,Ubatuba - SP,SP,São Paulo,10084,5042.0,3,3,0,0,0,0,0,0,0,0,0,0,0,0,0,0,0,0.0,0.0,0.0,15207,1.0,5042.0,Deserto funcional,True
3555505,355550,Ubirajara - SP,SP,São Paulo,523,261.5,0,0,0,0,0,0,0,0,0,0,0,0,0,0,0,0,0,0.0,0.0,0.0,0,,261.5,Deserto absoluto,False
3555604,355560,Uchoa - SP,SP,São Paulo,1299,649.5,0,0,0,0,0,0,0,0,0,0,0,0,0,0,0,0,0,0.0,0.0,0.0,0,,649.5,Deserto absoluto,False
3555703,355570,União Paulista - SP,SP,São Paulo,156,78.0,0,0,0,0,0,0,0,0,0,0,0,0,0,0,0,0,0,0.0,0.0,0.0,0,,78.0,Deserto absoluto,False
3555802,355580,Urânia - SP,SP,São Paulo,1243,621.5,0,0,0,0,0,0,0,0,0,0,0,0,0,0,0,0,0,0.0,0.0,0.0,0,,621.5,Deserto absoluto,False
3555901,355590,Uru - SP,SP,São Paulo,209,104.5,0,0,0,0,0,0,0,0,0,0,0,0,0,0,0,0,0,0.0,0.0,0.0,0,,104.5,Deserto absoluto,False
3556008,355600,Urupês - SP,SP,São Paulo,1805,902.5,0,0,0,0,0,0,0,0,0,0,0,0,0,0,0,0,0,0.0,0.0,0.0,0,,902.5,Deserto absoluto,False
3556107,355610,Valentim Gentil - SP,SP,São Paulo,1556,778.0,0,0,0,0,0,0,0,0,0,0,0,0,0,0,0,0,0,0.0,0.0,0.0,0,,778.0,Deserto absoluto,False
3556206,355620,Valinhos - SP,SP,São Paulo,16334,8167.0,6,6,694,606,0,0,0,0,24,20,0,0,0,0,0,0,0,0.0,0.0,0.0,30414,1.0,8167.0,Deserto funcional,True
3556305,355630,Valparaíso - SP,SP,São Paulo,2370,1185.0,0,0,0,0,0,0,0,0,0,0,0,0,0,0,0,0,0,0.0,0.0,0.0,0,,1185.0,Deserto absoluto,False
3556354,355635,Vargem - SP,SP,São Paulo,1139,569.5,0,0,0,0,0,0,0,0,0,0,0,0,0,0,0,0,0,0.0,0.0,0.0,0,,569.5,Deserto absoluto,False
3556404,355640,Vargem Grande do Sul - SP,SP,São Paulo,4941,2470.5,1,1,0,0,0,0,0,0,0,0,0,0,0,0,0,0,0,0.0,0.0,0.0,5069,1.0,2470.5,Deserto funcional,True
3556453,355645,Vargem Grande Paulista - SP,SP,São Paulo,5587,2793.5,0,0,0,0,0,0,0,0,0,0,0,0,0,0,0,0,0,0.0,0.0,0.0,0,,2793.5,Deserto absoluto,False
3556503,355650,Várzea Paulista - SP,SP,São Paulo,12722,6361.0,3,3,0,0,0,0,0,0,0,0,0,0,0,0,0,0,0,0.0,0.0,0.0,15207,1.0,6361.0,Deserto funcional,True
3556602,355660,Vera Cruz - SP,SP,São Paulo,1363,681.5,0,0,0,0,0,0,0,0,0,0,0,0,0,0,0,0,0,0.0,0.0,0.0,0,,681.5,Deserto absoluto,False
3556701,355670,Vinhedo - SP,SP,São Paulo,9049,4524.5,3,3,0,1785,2562,2689,3334,3025,0,16,8,10,16,4,6359,20,6379,3189.5,0.7027,0.7049,15207,0.7903,1335.0,Adequado,True
3556800,355680,Viradouro - SP,SP,São Paulo,1927,963.5,0,0,0,0,0,0,0,0,0,0,0,0,0,0,0,0,0,0.0,0.0,0.0,0,,963.5,Deserto absoluto,False
3556909,355690,Vista Alegre do Alto - SP,SP,São Paulo,753,376.5,0,0,0,0,0,0,0,0,0,0,0,0,0,0,0,0,0,0.0,0.0,0.0,0,,376.5,Deserto absoluto,False
3556958,355695,Vitória Brasil - SP,SP,São Paulo,223,111.5,0,0,0,0,0,0,0,0,0,0,0,0,0,0,0,0,0,0.0,0.0,0.0,0,,111.5,Deserto absoluto,False
3557006,355700,Votorantim - SP,SP,São Paulo,14037,7018.5,3,3,1730,1947,3120,2828,2354,2719,3,0,7,26,17,19,5073,36,5109,2554.5,0.3614,0.364,15207,0.832,4464.0,Intermediario,True
3557105,355710,Votuporanga - SP,SP,São Paulo,12242,6121.0,4,4,6358,5628,5552,5450,5691,4533,538,481,504,588,692,488,10224,1180,11404,5702.0,0.8352,0.9315,20276,0.7188,419.0,Adequado,True
3557154,355715,Zacarias - SP,SP,São Paulo,358,179.0,0,0,0,0,0,0,0,0,0,0,0,0,0,0,0,0,0,0.0,0.0,0.0,0,,179.0,Deserto absoluto,False
3557204,355720,Chavantes - SP,SP,São Paulo,1506,753.0,1,1,0,0,0,0,0,0,0,0,0,0,0,0,0,0,0,0.0,0.0,0.0,5069,1.0,753.0,Deserto funcional,True
3557303,355730,Estiva Gerbi - SP,SP,São Paulo,1304,652.0,0,0,0,0,0,0,0,0,0,0,0,0,0,0,0,0,0,0.0,0.0,0.0,0,,652.0,Deserto absoluto,False
4100103,410010,Abatiá - PR,PR,Paraná,968,484.0,0,0,0,0,0,0,0,0,0,0,0,0,0,0,0,0,0,0.0,0.0,0.0,0,,484.0,Deserto absoluto,False
4100202,410020,Adrianópolis - PR,PR,Paraná,708,354.0,0,0,0,0,0,0,0,0,0,0,0,0,0,0,0,0,0,0.0,0.0,0.0,0,,354.0,Deserto absoluto,False
4100301,410030,Agudos do Sul - PR,PR,Paraná,1135,567.5,0,0,0,0,0,0,0,0,0,0,0,0,0,0,0,0,0,0.0,0.0,0.0,0,,567.5,Deserto absoluto,False
4100400,410040,Almirante Tamandaré - PR,PR,Paraná,11392,5696.0,3,3,0,0,0,0,0,0,0,0,0,0,0,0,0,0,0,0.0,0.0,0.0,15207,1.0,5696.0,Deserto funcional,True
4100459,410045,Altamira do Paraná - PR,PR,Paraná,451,225.5,0,0,0,0,0,0,0,0,0,0,0,0,0,0,0,0,0,0.0,0.0,0.0,0,,225.5,Deserto absoluto,False
4100509,410050,Altônia - PR,PR,Paraná,2577,1288.5,0,0,0,0,0,0,0,0,0,0,0,0,0,0,0,0,0,0.0,0.0,0.0,0,,1288.5,Deserto absoluto,False
4100608,410060,Alto Paraná - PR,PR,Paraná,1677,838.5,0,0,0,0,0,0,0,0,0,0,0,0,0,0,0,0,0,0.0,0.0,0.0,0,,838.5,Deserto absoluto,False
4100707,410070,Alto Piquiri - PR,PR,Paraná,1232,616.0,0,0,0,0,0,0,0,0,0,0,0,0,0,0,0,0,0,0.0,0.0,0.0,0,,616.0,Deserto absoluto,False
4100806,410080,Alvorada do Sul - PR,PR,Paraná,1489,744.5,0,0,0,0,0,0,0,0,0,0,0,0,0,0,0,0,0,0.0,0.0,0.0,0,,744.5,Deserto absoluto,False
4100905,410090,Amaporã - PR,PR,Paraná,565,282.5,0,0,0,0,0,0,0,0,0,0,0,0,0,0,0,0,0,0.0,0.0,0.0,0,,282.5,Deserto absoluto,False
4101002,410100,Ampére - PR,PR,Paraná,2241,1120.5,0,0,0,0,0,0,0,0,0,0,0,0,0,0,0,0,0,0.0,0.0,0.0,0,,1120.5,Deserto absoluto,False
4101051,410105,Anahy - PR,PR,Paraná,372,186.0,0,0,0,0,0,0,0,0,0,0,0,0,0,0,0,0,0,0.0,0.0,0.0,0,,186.0,Deserto absoluto,False
4101101,410110,Andirá - PR,PR,Paraná,2666,1333.0,1,1,0,0,0,0,0,0,0,0,0,0,0,0,0,0,0,0.0,0.0,0.0,5069,1.0,1333.0,Deserto funcional,True
4101150,410115,Ângulo - PR,PR,Paraná,402,201.0,0,0,0,0,0,0,0,0,0,0,0,0,0,0,0,0,0,0.0,0.0,0.0,0,,201.0,Deserto absoluto,False
4101200,410120,Antonina - PR,PR,Paraná,2349,1174.5,0,0,0,0,0,0,0,0,0,0,0,0,0,0,0,0,0,0.0,0.0,0.0,0,,1174.5,Deserto absoluto,False
4101309,410130,Antônio Olinto - PR,PR,Paraná,883,441.5,0,0,0,0,0,0,0,0,0,0,0,0,0,0,0,0,0,0.0,0.0,0.0,0,,441.5,Deserto absoluto,False
4101408,410140,Apucarana - PR,PR,Paraná,16018,8009.0,6,6,3397,4629,6300,6295,5624,4361,835,52,61,51,52,60,9985,112,10097,5048.5,0.6234,0.6304,30414,0.834,2960.5,Intermediario,True
4101507,410150,Arapongas - PR,PR,Paraná,13978,6989.0,6,6,4639,6111,6137,6549,6258,9111,175,197,179,196,207,191,15369,398,15767,7883.5,1.0995,1.128,30414,0.7408,-894.5,Adequado,False
4101606,410160,Arapoti - PR,PR,Paraná,2663,1331.5,0,0,0,0,0,0,0,0,0,0,0,0,0,0,0,0,0,0.0,0.0,0.0,0,,1331.5,Deserto absoluto,False
4101655,410165,Arapuã - PR,PR,Paraná,486,243.0,0,0,0,0,0,0,0,0,0,0,0,0,0,0,0,0,0,0.0,0.0,0.0,0,,243.0,Deserto absoluto,False
4101705,410170,Araruna - PR,PR,Paraná,1806,903.0,0,0,0,0,0,0,0,0,0,0,0,0,0,0,0,0,0,0.0,0.0,0.0,0,,903.0,Deserto absoluto,False
4101804,410180,Araucária - PR,PR,Paraná,15174,7587.0,5,5,1872,817,808,3042,4084,2925,10,2,1,5,3,6,7009,9,7018,3509.0,0.4619,0.4625,25345,0.8616,4078.0,Intermediario,True
4101853,410185,Ariranha do Ivaí - PR,PR,Paraná,305,152.5,0,0,0,0,0,0,0,0,0,0,0,0,0,0,0,0,0,0.0,0.0,0.0,0,,152.5,Deserto absoluto,False
4101903,410190,Assaí - PR,PR,Paraná,1941,970.5,0,0,0,0,0,0,0,0,0,0,0,0,0,0,0,0,0,0.0,0.0,0.0,0,,970.5,Deserto absoluto,False
4102000,410200,Assis Chateaubriand - PR,PR,Paraná,4819,2409.5,1,1,1087,1048,1126,1205,1132,1197,0,0,0,0,0,0,2329,0,2329,1164.5,0.4833,0.4833,5069,0.7703,1245.0,Intermediario,True
4102109,410210,Astorga - PR,PR,Paraná,3432,1716.0,0,0,0,0,0,0,0,0,0,0,0,0,0,0,0,0,0,0.0,0.0,0.0,0,,1716.0,Deserto absoluto,False
4102208,410220,Atalaia - PR,PR,Paraná,540,270.0,0,0,0,0,0,0,0,0,0,0,0,0,0,0,0,0,0,0.0,0.0,0.0,0,,270.0,Deserto absoluto,False
4102307,410230,Balsa Nova - PR,PR,Paraná,1548,774.0,0,0,0,0,0,0,0,0,0,0,0,0,0,0,0,0,0,0.0,0.0,0.0,0,,774.0,Deserto absoluto,False
4102406,410240,Bandeirantes - PR,PR,Paraná,4164,2082.0,2,2,0,0,0,0,0,0,0,0,0,0,0,0,0,0,0,0.0,0.0,0.0,10138,1.0,2082.0,Deserto funcional,True
4102505,410250,Barbosa Ferraz - PR,PR,Paraná,1542,771.0,0,0,0,0,0,0,0,0,0,0,0,0,0,0,0,0,0,0.0,0.0,0.0,0,,771.0,Deserto absoluto,False
4102604,410260,Barracão - PR,PR,Paraná,1120,560.0,0,0,0,0,0,0,0,0,0,0,0,0,0,0,0,0,0,0.0,0.0,0.0,0,,560.0,Deserto absoluto,False
4102703,410270,Barra do Jacaré - PR,PR,Paraná,386,193.0,0,0,0,0,0,0,0,0,0,0,0,0,0,0,0,0,0,0.0,0.0,0.0,0,,193.0,Deserto absoluto,False
4102752,410275,Bela Vista da Caroba - PR,PR,Paraná,560,280.0,0,0,0,0,0,0,0,0,0,0,0,0,0,0,0,0,0,0.0,0.0,0.0,0,,280.0,Deserto absoluto,False
4102802,410280,Bela Vista do Paraíso - PR,PR,Paraná,2010,1005.0,0,0,0,0,0,0,0,0,0,0,0,0,0,0,0,0,0,0.0,0.0,0.0,0,,1005.0,Deserto absoluto,False
4102901,410290,Bituruna - PR,PR,Paraná,1519,759.5,0,0,0,0,0,0,0,0,0,0,0,0,0,0,0,0,0,0.0,0.0,0.0,0,,759.5,Deserto absoluto,False
4103008,410300,Boa Esperança - PR,PR,Paraná,616,308.0,0,0,0,0,0,0,0,0,0,0,0,0,0,0,0,0,0,0.0,0.0,0.0,0,,308.0,Deserto absoluto,False
4103024,410302,Boa Esperança do Iguaçu - PR,PR,Paraná,301,150.5,0,0,0,0,0,0,0,0,0,0,0,0,0,0,0,0,0,0.0,0.0,0.0,0,,150.5,Deserto absoluto,False
4103040,410304,Boa Ventura de São Roque - PR,PR,Paraná,650,325.0,0,0,0,0,0,0,0,0,0,0,0,0,0,0,0,0,0,0.0,0.0,0.0,0,,325.0,Deserto absoluto,False
4103057,410305,Boa Vista da Aparecida - PR,PR,Paraná,954,477.0,0,0,0,0,0,0,0,0,0,0,0,0,0,0,0,0,0,0.0,0.0,0.0,0,,477.0,Deserto absoluto,False
4103107,410310,Bocaiúva do Sul - PR,PR,Paraná,1349,674.5,0,0,0,0,0,0,0,0,0,0,0,0,0,0,0,0,0,0.0,0.0,0.0,0,,674.5,Deserto absoluto,False
4103156,410315,Bom Jesus do Sul - PR,PR,Paraná,467,233.5,0,0,0,0,0,0,0,0,0,0,0,0,0,0,0,0,0,0.0,0.0,0.0,0,,233.5,Deserto absoluto,False
4103206,410320,Bom Sucesso - PR,PR,Paraná,807,403.5,0,0,0,0,0,0,0,0,0,0,0,0,0,0,0,0,0,0.0,0.0,0.0,0,,403.5,Deserto absoluto,False
4103222,410322,Bom Sucesso do Sul - PR,PR,Paraná,409,204.5,0,0,0,0,0,0,0,0,0,0,0,0,0,0,0,0,0,0.0,0.0,0.0,0,,204.5,Deserto absoluto,False
4103305,410330,Borrazópolis - PR,PR,Paraná,1094,547.0,0,0,0,0,0,0,0,0,0,0,0,0,0,0,0,0,0,0.0,0.0,0.0,0,,547.0,Deserto absoluto,False
4103354,410335,Braganey - PR,PR,Paraná,644,322.0,0,0,0,0,0,0,0,0,0,0,0,0,0,0,0,0,0,0.0,0.0,0.0,0,,322.0,Deserto absoluto,False
4103370,410337,Brasilândia do Sul - PR,PR,Paraná,478,239.0,0,0,0,0,0,0,0,0,0,0,0,0,0,0,0,0,0,0.0,0.0,0.0,0,,239.0,Deserto absoluto,False
4103404,410340,Cafeara - PR,PR,Paraná,342,171.0,0,0,0,0,0,0,0,0,0,0,0,0,0,0,0,0,0,0.0,0.0,0.0,0,,171.0,Deserto absoluto,False
4103453,410345,Cafelândia - PR,PR,Paraná,1928,964.0,1,1,0,0,0,0,0,0,0,0,0,0,0,0,0,0,0,0.0,0.0,0.0,5069,1.0,964.0,Deserto funcional,True
4103479,410347,Cafezal do Sul - PR,PR,Paraná,608,304.0,0,0,0,0,0,0,0,0,0,0,0,0,0,0,0,0,0,0.0,0.0,0.0,0,,304.0,Deserto absoluto,False
4103503,410350,Califórnia - PR,PR,Paraná,1088,544.0,0,0,0,0,0,0,0,0,0,0,0,0,0,0,0,0,0,0.0,0.0,0.0,0,,544.0,Deserto absoluto,False
4103602,410360,Cambará - PR,PR,Paraná,2995,1497.5,1,0,0,0,0,0,0,0,0,0,0,0,0,0,0,0,0,0.0,0.0,0.0,0,,1497.5,Deserto funcional,False
4103701,410370,Cambé - PR,PR,Paraná,13140,6570.0,4,4,4892,6400,7637,6978,7293,6090,79,153,67,88,65,77,13383,142,13525,6762.5,1.0185,1.0293,20276,0.6665,-192.5,Adequado,False
4103800,410380,Cambira - PR,PR,Paraná,1147,573.5,0,0,0,0,0,0,0,0,0,0,0,0,0,0,0,0,0,0.0,0.0,0.0,0,,573.5,Deserto absoluto,False
4103909,410390,Campina da Lagoa - PR,PR,Paraná,1983,991.5,0,0,0,0,0,0,0,0,0,0,0,0,0,0,0,0,0,0.0,0.0,0.0,0,,991.5,Deserto absoluto,False
4103958,410395,Campina do Simão - PR,PR,Paraná,423,211.5,0,0,0,0,0,0,0,0,0,0,0,0,0,0,0,0,0,0.0,0.0,0.0,0,,211.5,Deserto absoluto,False
4104006,410400,Campina Grande do Sul - PR,PR,Paraná,4977,2488.5,1,1,1091,920,1416,1932,2064,2602,16,14,10,23,27,52,4666,79,4745,2372.5,0.9375,0.9534,5069,0.532,116.0,Adequado,True
4104055,410405,Campo Bonito - PR,PR,Paraná,514,257.0,0,0,0,0,0,0,0,0,0,0,0,0,0,0,0,0,0,0.0,0.0,0.0,0,,257.0,Deserto absoluto,False
4104105,410410,Campo do Tenente - PR,PR,Paraná,724,362.0,0,0,0,0,0,0,0,0,0,0,0,0,0,0,0,0,0,0.0,0.0,0.0,0,,362.0,Deserto absoluto,False
4104204,410420,Campo Largo - PR,PR,Paraná,15292,7646.0,6,6,1788,730,3457,3541,3338,3812,160,89,139,227,152,57,7150,209,7359,3679.5,0.4676,0.4812,30414,0.879,3966.5,Intermediario,True
4104253,410425,Campo Magro - PR,PR,Paraná,3242,1621.0,0,0,0,0,0,0,0,0,0,0,0,0,0,0,0,0,0,0.0,0.0,0.0,0,,1621.0,Deserto absoluto,False
4104303,410430,Campo Mourão - PR,PR,Paraná,11952,5976.0,4,4,3327,4455,6242,6138,6195,5289,379,435,438,364,297,190,11484,487,11971,5985.5,0.9608,1.0016,20276,0.7048,-9.5,Adequado,False
4104402,410440,Cândido de Abreu - PR,PR,Paraná,1752,876.0,0,0,0,0,0,0,0,0,0,0,0,0,0,0,0,0,0,0.0,0.0,0.0,0,,876.0,Deserto absoluto,False
4104428,410442,Candói - PR,PR,Paraná,1574,787.0,0,0,0,0,0,0,0,0,0,0,0,0,0,0,0,0,0,0.0,0.0,0.0,0,,787.0,Deserto absoluto,False
4104451,410445,Cantagalo - PR,PR,Paraná,1255,627.5,0,0,0,0,0,0,0,0,0,0,0,0,0,0,0,0,0,0.0,0.0,0.0,0,,627.5,Deserto absoluto,False
4104501,410450,Capanema - PR,PR,Paraná,2588,1294.0,0,0,0,0,0,0,0,0,0,0,0,0,0,0,0,0,0,0.0,0.0,0.0,0,,1294.0,Deserto absoluto,False
4104600,410460,Capitão Leônidas Marques - PR,PR,Paraná,1743,871.5,0,0,0,0,0,0,0,0,0,0,0,0,0,0,0,0,0,0.0,0.0,0.0,0,,871.5,Deserto absoluto,False
4104659,410465,Carambeí - PR,PR,Paraná,2128,1064.0,1,1,0,0,0,0,0,0,0,0,0,0,0,0,0,0,0,0.0,0.0,0.0,5069,1.0,1064.0,Deserto funcional,True
4104709,410470,Carlópolis - PR,PR,Paraná,1992,996.0,0,0,0,0,0,0,0,0,0,0,0,0,0,0,0,0,0,0.0,0.0,0.0,0,,996.0,Deserto absoluto,False
4104808,410480,Cascavel - PR,PR,Paraná,38205,19102.5,17,17,15348,23157,34869,37326,24700,33054,2205,2494,2933,4035,5612,5007,57754,10619,68373,34186.5,1.5117,1.7896,86173,0.6033,-15084.0,Adequado,False
4104907,410490,Castro - PR,PR,Paraná,7202,3601.0,2,2,0,0,0,0,0,0,0,0,0,0,0,0,0,0,0,0.0,0.0,0.0,10138,1.0,3601.0,Deserto funcional,True
4105003,410500,Catanduvas - PR,PR,Paraná,1116,558.0,0,0,0,0,0,0,0,0,0,0,0,0,0,0,0,0,0,0.0,0.0,0.0,0,,558.0,Deserto absoluto,False
4105102,410510,Centenário do Sul - PR,PR,Paraná,1492,746.0,0,0,0,0,0,0,0,0,0,0,0,0,0,0,0,0,0,0.0,0.0,0.0,0,,746.0,Deserto absoluto,False
4105201,410520,Cerro Azul - PR,PR,Paraná,1665,832.5,0,0,0,0,0,0,0,0,0,0,0,0,0,0,0,0,0,0.0,0.0,0.0,0,,832.5,Deserto absoluto,False
4105300,410530,Céu Azul - PR,PR,Paraná,1364,682.0,0,0,0,0,0,0,0,0,0,0,0,0,0,0,0,0,0,0.0,0.0,0.0,0,,682.0,Deserto absoluto,False
4105409,410540,Chopinzinho - PR,PR,Paraná,2457,1228.5,1,1,0,0,0,0,0,0,0,0,0,0,0,0,0,0,0,0.0,0.0,0.0,5069,1.0,1228.5,Deserto funcional,True
4105508,410550,Cianorte - PR,PR,Paraná,9762,4881.0,9,8,4012,4974,5272,5171,4834,4652,152,102,96,107,55,68,9486,123,9609,4804.5,0.9717,0.9843,40552,0.8815,76.5,Adequado,True
4105607,410560,Cidade Gaúcha - PR,PR,Paraná,1280,640.0,0,0,0,0,0,0,0,0,0,0,0,0,0,0,0,0,0,0.0,0.0,0.0,0,,640.0,Deserto absoluto,False
4105706,410570,Clevelândia - PR,PR,Paraná,1893,946.5,0,0,0,0,0,0,0,0,0,0,0,0,0,0,0,0,0,0.0,0.0,0.0,0,,946.5,Deserto absoluto,False
4105805,410580,Colombo - PR,PR,Paraná,24072,12036.0,4,2,5625,5569,8392,6225,5920,7500,332,206,203,168,177,82,13420,259,13679,6839.5,0.5575,0.5683,10138,0.3254,5196.5,Intermediario,False
4105904,410590,Colorado - PR,PR,Paraná,3219,1609.5,5,5,0,0,0,0,0,0,0,0,0,0,0,0,0,0,0,0.0,0.0,0.0,25345,1.0,1609.5,Deserto funcional,True
4106001,410600,Congonhinhas - PR,PR,Paraná,1017,508.5,0,0,0,0,0,0,0,0,0,0,0,0,0,0,0,0,0,0.0,0.0,0.0,0,,508.5,Deserto absoluto,False
4106100,410610,Conselheiro Mairinck - PR,PR,Paraná,433,216.5,0,0,0,0,0,0,0,0,0,0,0,0,0,0,0,0,0,0.0,0.0,0.0,0,,216.5,Deserto absoluto,False
4106209,410620,Contenda - PR,PR,Paraná,2075,1037.5,0,0,0,0,0,0,0,0,0,0,0,0,0,0,0,0,0,0.0,0.0,0.0,0,,1037.5,Deserto absoluto,False
4106308,410630,Corbélia - PR,PR,Paraná,2191,1095.5,0,0,0,0,0,0,0,0,0,0,0,0,0,0,0,0,0,0.0,0.0,0.0,0,,1095.5,Deserto absoluto,False
4106407,410640,Cornélio Procópio - PR,PR,Paraná,6264,3132.0,6,6,3615,4534,5234,7503,5363,5628,145,76,187,233,127,190,10991,317,11308,5654.0,1.7546,1.8052,30414,0.8141,-2522.0,Adequado,False
4106456,410645,Coronel Domingos Soares - PR,PR,Paraná,515,257.5,0,0,0,0,0,0,0,0,0,0,0,0,0,0,0,0,0,0.0,0.0,0.0,0,,257.5,Deserto absoluto,False
4106506,410650,Coronel Vivida - PR,PR,Paraná,2845,1422.5,2,2,0,0,0,0,0,0,0,0,0,0,0,0,0,0,0,0.0,0.0,0.0,10138,1.0,1422.5,Deserto funcional,True
4106555,410655,Corumbataí do Sul - PR,PR,Paraná,531,265.5,0,0,0,0,0,0,0,0,0,0,0,0,0,0,0,0,0,0.0,0.0,0.0,0,,265.5,Deserto absoluto,False
4106571,410657,Cruzeiro do Iguaçu - PR,PR,Paraná,544,272.0,0,0,0,0,0,0,0,0,0,0,0,0,0,0,0,0,0,0.0,0.0,0.0,0,,272.0,Deserto absoluto,False
4106605,410660,Cruzeiro do Oeste - PR,PR,Paraná,2867,1433.5,0,0,0,0,0,0,0,0,0,0,0,0,0,0,0,0,0,0.0,0.0,0.0,0,,1433.5,Deserto absoluto,False
4106704,410670,Cruzeiro do Sul - PR,PR,Paraná,593,296.5,0,0,0,0,0,0,0,0,0,0,0,0,0,0,0,0,0,0.0,0.0,0.0,0,,296.5,Deserto absoluto,False
4106803,410680,Cruz Machado - PR,PR,Paraná,1871,935.5,0,0,0,0,0,0,0,0,0,0,0,0,0,0,0,0,0,0.0,0.0,0.0,0,,935.5,Deserto absoluto,False
4106852,410685,Cruzmaltina - PR,PR,Paraná,389,194.5,0,0,0,0,0,0,0,0,0,0,0,0,0,0,0,0,0,0.0,0.0,0.0,0,,194.5,Deserto absoluto,False
4106902,410690,Curitiba - PR,PR,Paraná,228138,114069.0,52,50,28976,32577,58050,61171,58540,62768,3213,2974,3326,3496,2748,3237,121308,5985,127293,63646.5,0.5317,0.558,253450,0.7489,50422.5,Intermediario,True
4107009,410700,Curiúva - PR,PR,Paraná,1535,767.5,0,0,0,0,0,0,0,0,0,0,0,0,0,0,0,0,0,0.0,0.0,0.0,0,,767.5,Deserto absoluto,False
4107108,410710,Diamante do Norte - PR,PR,Paraná,717,358.5,0,0,0,0,0,0,0,0,0,0,0,0,0,0,0,0,0,0.0,0.0,0.0,0,,358.5,Deserto absoluto,False
4107124,410712,Diamante do Sul - PR,PR,Paraná,367,183.5,0,0,0,0,0,0,0,0,0,0,0,0,0,0,0,0,0,0.0,0.0,0.0,0,,183.5,Deserto absoluto,False
4107157,410715,Diamante D'Oeste - PR,PR,Paraná,526,263.0,0,0,0,0,0,0,0,0,0,0,0,0,0,0,0,0,0,0.0,0.0,0.0,0,,263.0,Deserto absoluto,False
4107207,410720,Dois Vizinhos - PR,PR,Paraná,4848,2424.0,1,1,0,0,0,0,0,0,0,0,0,0,0,0,0,0,0,0.0,0.0,0.0,5069,1.0,2424.0,Deserto funcional,True
4107256,410725,Douradina - PR,PR,Paraná,1052,526.0,0,0,0,0,0,0,0,0,0,0,0,0,0,0,0,0,0,0.0,0.0,0.0,0,,526.0,Deserto absoluto,False
4107306,410730,Doutor Camargo - PR,PR,Paraná,916,458.0,0,0,0,0,0,0,0,0,0,0,0,0,0,0,0,0,0,0.0,0.0,0.0,0,,458.0,Deserto absoluto,False
4107405,410740,Enéas Marques - PR,PR,Paraná,826,413.0,0,0,0,0,0,0,0,0,0,0,0,0,0,0,0,0,0,0.0,0.0,0.0,0,,413.0,Deserto absoluto,False
4107504,410750,Engenheiro Beltrão - PR,PR,Paraná,1792,896.0,0,0,0,0,0,0,0,0,0,0,0,0,0,0,0,0,0,0.0,0.0,0.0,0,,896.0,Deserto absoluto,False
4107520,410752,Esperança Nova - PR,PR,Paraná,256,128.0,0,0,0,0,0,0,0,0,0,0,0,0,0,0,0,0,0,0.0,0.0,0.0,0,,128.0,Deserto absoluto,False
4107538,410753,Entre Rios do Oeste - PR,PR,Paraná,535,267.5,0,0,0,0,0,0,0,0,0,0,0,0,0,0,0,0,0,0.0,0.0,0.0,0,,267.5,Deserto absoluto,False
4107546,410754,Espigão Alto do Iguaçu - PR,PR,Paraná,532,266.0,0,0,0,0,0,0,0,0,0,0,0,0,0,0,0,0,0,0.0,0.0,0.0,0,,266.0,Deserto absoluto,False
4107553,410755,Farol - PR,PR,Paraná,411,205.5,0,0,0,0,0,0,0,0,0,0,0,0,0,0,0,0,0,0.0,0.0,0.0,0,,205.5,Deserto absoluto,False
4107603,410760,Faxinal - PR,PR,Paraná,1958,979.0,0,0,0,0,0,0,0,0,0,0,0,0,0,0,0,0,0,0.0,0.0,0.0,0,,979.0,Deserto absoluto,False
4107652,410765,Fazenda Rio Grande - PR,PR,Paraná,12352,6176.0,3,3,0,0,0,0,0,0,0,0,0,0,0,0,0,0,0,0.0,0.0,0.0,15207,1.0,6176.0,Deserto funcional,True
4107702,410770,Fênix - PR,PR,Paraná,644,322.0,0,0,0,0,0,0,0,0,0,0,0,0,0,0,0,0,0,0.0,0.0,0.0,0,,322.0,Deserto absoluto,False
4107736,410773,Fernandes Pinheiro - PR,PR,Paraná,661,330.5,0,0,0,0,0,0,0,0,0,0,0,0,0,0,0,0,0,0.0,0.0,0.0,0,,330.5,Deserto absoluto,False
4107751,410775,Figueira - PR,PR,Paraná,995,497.5,0,0,0,0,0,0,0,0,0,0,0,0,0,0,0,0,0,0.0,0.0,0.0,0,,497.5,Deserto absoluto,False
4107801,410780,Floraí - PR,PR,Paraná,715,357.5,0,0,0,0,0,0,0,0,0,0,0,0,0,0,0,0,0,0.0,0.0,0.0,0,,357.5,Deserto absoluto,False
4107850,410785,Flor da Serra do Sul - PR,PR,Paraná,543,271.5,0,0,0,0,0,0,0,0,0,0,0,0,0,0,0,0,0,0.0,0.0,0.0,0,,271.5,Deserto absoluto,False
4107900,410790,Floresta - PR,PR,Paraná,1113,556.5,0,0,0,0,0,0,0,0,0,0,0,0,0,0,0,0,0,0.0,0.0,0.0,0,,556.5,Deserto absoluto,False
4108007,410800,Florestópolis - PR,PR,Paraná,1433,716.5,0,0,0,0,0,0,0,0,0,0,0,0,0,0,0,0,0,0.0,0.0,0.0,0,,716.5,Deserto absoluto,False
4108106,410810,Flórida - PR,PR,Paraná,342,171.0,0,0,0,0,0,0,0,0,0,0,0,0,0,0,0,0,0,0.0,0.0,0.0,0,,171.0,Deserto absoluto,False
4108205,410820,Formosa do Oeste - PR,PR,Paraná,1172,586.0,0,0,0,0,0,0,0,0,0,0,0,0,0,0,0,0,0,0.0,0.0,0.0,0,,586.0,Deserto absoluto,False
4108304,410830,Foz do Iguaçu - PR,PR,Paraná,31065,15532.5,6,6,5145,5036,6225,7106,8691,7986,1043,98,1182,1262,1124,1030,16677,2154,18831,9415.5,0.5368,0.6062,30414,0.6904,6117.0,Intermediario,True
4108320,410832,Francisco Alves - PR,PR,Paraná,942,471.0,0,0,0,0,0,0,0,0,0,0,0,0,0,0,0,0,0,0.0,0.0,0.0,0,,471.0,Deserto absoluto,False
4108403,410840,Francisco Beltrão - PR,PR,Paraná,10832,5416.0,7,6,5204,8308,11430,11032,10537,10456,544,272,362,367,315,334,20993,649,21642,10821.0,1.9381,1.998,30414,0.6442,-5405.0,Adequado,False
4108452,410845,Foz do Jordão - PR,PR,Paraná,555,277.5,0,0,0,0,0,0,0,0,0,0,0,0,0,0,0,0,0,0.0,0.0,0.0,0,,277.5,Deserto absoluto,False
4108502,410850,General Carneiro - PR,PR,Paraná,1156,578.0,0,0,0,0,0,0,0,0,0,0,0,0,0,0,0,0,0,0.0,0.0,0.0,0,,578.0,Deserto absoluto,False
4108551,410855,Godoy Moreira - PR,PR,Paraná,451,225.5,0,0,0,0,0,0,0,0,0,0,0,0,0,0,0,0,0,0.0,0.0,0.0,0,,225.5,Deserto absoluto,False
4108601,410860,Goioerê - PR,PR,Paraná,3783,1891.5,0,0,0,0,0,0,0,0,0,0,0,0,0,0,0,0,0,0.0,0.0,0.0,0,,1891.5,Deserto absoluto,False
4108650,410865,Goioxim - PR,PR,Paraná,695,347.5,0,0,0,0,0,0,0,0,0,0,0,0,0,0,0,0,0,0.0,0.0,0.0,0,,347.5,Deserto absoluto,False
4108700,410870,Grandes Rios - PR,PR,Paraná,754,377.0,0,0,0,0,0,0,0,0,0,0,0,0,0,0,0,0,0,0.0,0.0,0.0,0,,377.0,Deserto absoluto,False
4108809,410880,Guaíra - PR,PR,Paraná,3660,1830.0,3,3,397,792,23,0,0,0,32,50,2,0,0,0,0,0,0,0.0,0.0,0.0,15207,1.0,1830.0,Deserto funcional,True
4108908,410890,Guairaçá - PR,PR,Paraná,743,371.5,0,0,0,0,0,0,0,0,0,0,0,0,0,0,0,0,0,0.0,0.0,0.0,0,,371.5,Deserto absoluto,False
4108957,410895,Guamiranga - PR,PR,Paraná,937,468.5,0,0,0,0,0,0,0,0,0,0,0,0,0,0,0,0,0,0.0,0.0,0.0,0,,468.5,Deserto absoluto,False
4109005,410900,Guapirama - PR,PR,Paraná,573,286.5,0,0,0,0,0,0,0,0,0,0,0,0,0,0,0,0,0,0.0,0.0,0.0,0,,286.5,Deserto absoluto,False
4109104,410910,Guaporema - PR,PR,Paraná,311,155.5,0,0,0,0,0,0,0,0,0,0,0,0,0,0,0,0,0,0.0,0.0,0.0,0,,155.5,Deserto absoluto,False
4109203,410920,Guaraci - PR,PR,Paraná,638,319.0,0,0,0,0,0,0,0,0,0,0,0,0,0,0,0,0,0,0.0,0.0,0.0,0,,319.0,Deserto absoluto,False
4109302,410930,Guaraniaçu - PR,PR,Paraná,1723,861.5,0,0,0,0,0,0,0,0,0,0,0,0,0,0,0,0,0,0.0,0.0,0.0,0,,861.5,Deserto absoluto,False
4109401,410940,Guarapuava - PR,PR,Paraná,20280,10140.0,11,10,2742,3101,4356,5042,4361,7157,481,672,826,1182,977,1270,11518,2247,13765,6882.5,0.5679,0.6787,50690,0.8642,3257.5,Intermediario,True
4109500,410950,Guaraqueçaba - PR,PR,Paraná,783,391.5,0,0,0,0,0,0,0,0,0,0,0,0,0,0,0,0,0,0.0,0.0,0.0,0,,391.5,Deserto absoluto,False
4109609,410960,Guaratuba - PR,PR,Paraná,5624,2812.0,2,2,0,0,0,0,0,0,0,0,0,0,0,0,0,0,0,0.0,0.0,0.0,10138,1.0,2812.0,Deserto funcional,True
4109658,410965,Honório Serpa - PR,PR,Paraná,577,288.5,0,0,0,0,0,0,0,0,0,0,0,0,0,0,0,0,0,0.0,0.0,0.0,0,,288.5,Deserto absoluto,False
4109708,410970,Ibaiti - PR,PR,Paraná,3516,1758.0,1,1,0,0,0,0,0,0,0,0,0,0,0,0,0,0,0,0.0,0.0,0.0,5069,1.0,1758.0,Deserto funcional,True
4109757,410975,Ibema - PR,PR,Paraná,724,362.0,0,0,0,0,0,0,0,0,0,0,0,0,0,0,0,0,0,0.0,0.0,0.0,0,,362.0,Deserto absoluto,False
4109807,410980,Ibiporã - PR,PR,Paraná,6406,3203.0,2,2,1214,2015,2462,2702,2633,2822,204,68,65,126,372,353,5455,725,6180,3090.0,0.8515,0.9647,10138,0.6952,113.0,Adequado,True
4109906,410990,Icaraíma - PR,PR,Paraná,1213,606.5,0,0,0,0,0,0,0,0,0,0,0,0,0,0,0,0,0,0.0,0.0,0.0,0,,606.5,Deserto absoluto,False
4110003,411000,Iguaraçu - PR,PR,Paraná,627,313.5,0,0,0,0,0,0,0,0,0,0,0,0,0,0,0,0,0,0.0,0.0,0.0,0,,313.5,Deserto absoluto,False
4110052,411005,Iguatu - PR,PR,Paraná,286,143.0,0,0,0,0,0,0,0,0,0,0,0,0,0,0,0,0,0,0.0,0.0,0.0,0,,143.0,Deserto absoluto,False
4110078,411007,Imbaú - PR,PR,Paraná,1358,679.0,0,0,0,0,0,0,0,0,0,0,0,0,0,0,0,0,0,0.0,0.0,0.0,0,,679.0,Deserto absoluto,False
4110102,411010,Imbituva - PR,PR,Paraná,2936,1468.0,0,0,0,0,0,0,0,0,0,0,0,0,0,0,0,0,0,0.0,0.0,0.0,0,,1468.0,Deserto absoluto,False
4110201,411020,Inácio Martins - PR,PR,Paraná,976,488.0,0,0,0,0,0,0,0,0,0,0,0,0,0,0,0,0,0,0.0,0.0,0.0,0,,488.0,Deserto absoluto,False
4110300,411030,Inajá - PR,PR,Paraná,382,191.0,0,0,0,0,0,0,0,0,0,0,0,0,0,0,0,0,0,0.0,0.0,0.0,0,,191.0,Deserto absoluto,False
4110409,411040,Indianópolis - PR,PR,Paraná,570,285.0,1,1,0,0,0,0,0,0,0,0,0,0,0,0,0,0,0,0.0,0.0,0.0,5069,1.0,285.0,Deserto funcional,True
4110508,411050,Ipiranga - PR,PR,Paraná,1367,683.5,0,0,0,0,0,0,0,0,0,0,0,0,0,0,0,0,0,0.0,0.0,0.0,0,,683.5,Deserto absoluto,False
4110607,411060,Iporã - PR,PR,Paraná,2037,1018.5,0,0,0,0,0,0,0,0,0,0,0,0,0,0,0,0,0,0.0,0.0,0.0,0,,1018.5,Deserto absoluto,False
4110656,411065,Iracema do Oeste - PR,PR,Paraná,327,163.5,0,0,0,0,0,0,0,0,0,0,0,0,0,0,0,0,0,0.0,0.0,0.0,0,,163.5,Deserto absoluto,False
4110706,411070,Irati - PR,PR,Paraná,7080,3540.0,3,3,2755,2679,3138,3741,3667,3734,64,41,52,49,55,43,7401,98,7499,3749.5,1.0453,1.0592,15207,0.7534,-209.5,Adequado,False
4110805,411080,Iretama - PR,PR,Paraná,1325,662.5,0,0,0,0,0,0,0,0,0,0,0,0,0,0,0,0,0,0.0,0.0,0.0,0,,662.5,Deserto absoluto,False
4110904,411090,Itaguajé - PR,PR,Paraná,617,308.5,0,0,0,0,0,0,0,0,0,0,0,0,0,0,0,0,0,0.0,0.0,0.0,0,,308.5,Deserto absoluto,False
4110953,411095,Itaipulândia - PR,PR,Paraná,1182,591.0,0,0,0,0,0,0,0,0,0,0,0,0,0,0,0,0,0,0.0,0.0,0.0,0,,591.0,Deserto absoluto,False
4111001,411100,Itambaracá - PR,PR,Paraná,814,407.0,0,0,0,0,0,0,0,0,0,0,0,0,0,0,0,0,0,0.0,0.0,0.0,0,,407.0,Deserto absoluto,False
4111100,411110,Itambé - PR,PR,Paraná,824,412.0,0,0,0,0,0,0,0,0,0,0,0,0,0,0,0,0,0,0.0,0.0,0.0,0,,412.0,Deserto absoluto,False
4111209,411120,Itapejara d'Oeste - PR,PR,Paraná,1466,733.0,1,1,0,0,0,0,0,0,0,0,0,0,0,0,0,0,0,0.0,0.0,0.0,5069,1.0,733.0,Deserto funcional,True
4111258,411125,Itaperuçu - PR,PR,Paraná,2538,1269.0,1,1,0,0,0,0,0,0,0,0,0,0,0,0,0,0,0,0.0,0.0,0.0,5069,1.0,1269.0,Deserto funcional,True
4111308,411130,Itaúna do Sul - PR,PR,Paraná,454,227.0,0,0,0,0,0,0,0,0,0,0,0,0,0,0,0,0,0,0.0,0.0,0.0,0,,227.0,Deserto absoluto,False
4111407,411140,Ivaí - PR,PR,Paraná,1309,654.5,0,0,0,0,0,0,0,0,0,0,0,0,0,0,0,0,0,0.0,0.0,0.0,0,,654.5,Deserto absoluto,False
4111506,411150,Ivaiporã - PR,PR,Paraná,4353,2176.5,4,4,3287,3072,4192,4731,4095,4133,95,60,48,68,72,53,8228,125,8353,4176.5,1.8902,1.9189,20276,0.794,-2000.0,Adequado,False
4111555,411155,Ivaté - PR,PR,Paraná,917,458.5,0,0,0,0,0,0,0,0,0,0,0,0,0,0,0,0,0,0.0,0.0,0.0,0,,458.5,Deserto absoluto,False
4111605,411160,Ivatuba - PR,PR,Paraná,391,195.5,0,0,0,0,0,0,0,0,0,0,0,0,0,0,0,0,0,0.0,0.0,0.0,0,,195.5,Deserto absoluto,False
4111704,411170,Jaboti - PR,PR,Paraná,685,342.5,0,0,0,0,0,0,0,0,0,0,0,0,0,0,0,0,0,0.0,0.0,0.0,0,,342.5,Deserto absoluto,False
4111803,411180,Jacarezinho - PR,PR,Paraná,4908,2454.0,2,2,4139,6423,7537,7608,5864,6082,76,121,76,89,90,80,11946,170,12116,6058.0,2.434,2.4686,10138,0.4024,-3604.0,Adequado,False
4111902,411190,Jaguapitã - PR,PR,Paraná,1683,841.5,0,0,0,0,0,0,0,0,0,0,0,0,0,0,0,0,0,0.0,0.0,0.0,0,,841.5,Deserto absoluto,False
4112009,411200,Jaguariaíva - PR,PR,Paraná,3599,1799.5,1,1,643,900,1363,1019,477,0,212,285,530,385,223,0,477,223,700,350.0,0.1325,0.1945,5069,0.931,1449.5,Deserto funcional,True
4112108,411210,Jandaia do Sul - PR,PR,Paraná,2841,1420.5,0,0,0,0,0,0,0,0,0,0,0,0,0,0,0,0,0,0.0,0.0,0.0,0,,1420.5,Deserto absoluto,False
4112207,411220,Janiópolis - PR,PR,Paraná,853,426.5,0,0,0,0,0,0,0,0,0,0,0,0,0,0,0,0,0,0.0,0.0,0.0,0,,426.5,Deserto absoluto,False
4112306,411230,Japira - PR,PR,Paraná,608,304.0,0,0,0,0,0,0,0,0,0,0,0,0,0,0,0,0,0,0.0,0.0,0.0,0,,304.0,Deserto absoluto,False
4112405,411240,Japurá - PR,PR,Paraná,1280,640.0,0,0,0,0,0,0,0,0,0,0,0,0,0,0,0,0,0,0.0,0.0,0.0,0,,640.0,Deserto absoluto,False
4112504,411250,Jardim Alegre - PR,PR,Paraná,1589,794.5,0,0,0,0,0,0,0,0,0,0,0,0,0,0,0,0,0,0.0,0.0,0.0,0,,794.5,Deserto absoluto,False
4112603,411260,Jardim Olinda - PR,PR,Paraná,180,90.0,0,0,0,0,0,0,0,0,0,0,0,0,0,0,0,0,0,0.0,0.0,0.0,0,,90.0,Deserto absoluto,False
4112702,411270,Jataizinho - PR,PR,Paraná,1394,697.0,0,0,0,0,0,0,0,0,0,0,0,0,0,0,0,0,0,0.0,0.0,0.0,0,,697.0,Deserto absoluto,False
4112751,411275,Jesuítas - PR,PR,Paraná,1342,671.0,0,0,0,0,0,0,0,0,0,0,0,0,0,0,0,0,0,0.0,0.0,0.0,0,,671.0,Deserto absoluto,False
4112801,411280,Joaquim Távora - PR,PR,Paraná,1355,677.5,0,0,0,0,0,0,0,0,0,0,0,0,0,0,0,0,0,0.0,0.0,0.0,0,,677.5,Deserto absoluto,False
4112900,411290,Jundiaí do Sul - PR,PR,Paraná,424,212.0,0,0,0,0,0,0,0,0,0,0,0,0,0,0,0,0,0,0.0,0.0,0.0,0,,212.0,Deserto absoluto,False
4112959,411295,Juranda - PR,PR,Paraná,1043,521.5,0,0,0,0,0,0,0,0,0,0,0,0,0,0,0,0,0,0.0,0.0,0.0,0,,521.5,Deserto absoluto,False
4113007,411300,Jussara - PR,PR,Paraná,862,431.0,0,0,0,0,0,0,0,0,0,0,0,0,0,0,0,0,0,0.0,0.0,0.0,0,,431.0,Deserto absoluto,False
4113106,411310,Kaloré - PR,PR,Paraná,666,333.0,0,0,0,0,0,0,0,0,0,0,0,0,0,0,0,0,0,0.0,0.0,0.0,0,,333.0,Deserto absoluto,False
4113205,411320,Lapa - PR,PR,Paraná,5264,2632.0,1,1,0,0,0,0,2,512,0,0,0,0,0,20,514,20,534,267.0,0.0976,0.1014,5069,0.9473,2365.0,Deserto funcional,True
4113254,411325,Laranjal - PR,PR,Paraná,531,265.5,0,0,0,0,0,0,0,0,0,0,0,0,0,0,0,0,0,0.0,0.0,0.0,0,,265.5,Deserto absoluto,False
4113304,411330,Laranjeiras do Sul - PR,PR,Paraná,3633,1816.5,1,1,0,0,0,0,0,0,0,0,0,0,0,0,0,0,0,0.0,0.0,0.0,5069,1.0,1816.5,Deserto funcional,True
4113403,411340,Leópolis - PR,PR,Paraná,532,266.0,0,0,0,0,0,0,0,0,0,0,0,0,0,0,0,0,0,0.0,0.0,0.0,0,,266.0,Deserto absoluto,False
4113429,411342,Lidianópolis - PR,PR,Paraná,568,284.0,0,0,0,0,0,0,0,0,0,0,0,0,0,0,0,0,0,0.0,0.0,0.0,0,,284.0,Deserto absoluto,False
4113452,411345,Lindoeste - PR,PR,Paraná,662,331.0,0,0,0,0,0,0,0,0,0,0,0,0,0,0,0,0,0,0.0,0.0,0.0,0,,331.0,Deserto absoluto,False
4113502,411350,Loanda - PR,PR,Paraná,2779,1389.5,1,1,0,0,0,0,0,0,0,0,0,0,0,0,0,0,0,0.0,0.0,0.0,5069,1.0,1389.5,Deserto funcional,True
4113601,411360,Lobato - PR,PR,Paraná,638,319.0,0,0,0,0,0,0,0,0,0,0,0,0,0,0,0,0,0,0.0,0.0,0.0,0,,319.0,Deserto absoluto,False
4113700,411370,Londrina - PR,PR,Paraná,69697,34848.5,23,21,13070,15771,21342,22281,21468,23116,1188,2008,2176,1726,2048,2215,44584,4263,48847,24423.5,0.6397,0.7008,106449,0.7706,10425.0,Adequado,True
4113734,411373,Luiziana - PR,PR,Paraná,824,412.0,0,0,0,0,0,0,0,0,0,0,0,0,0,0,0,0,0,0.0,0.0,0.0,0,,412.0,Deserto absoluto,False
4113759,411375,Lunardelli - PR,PR,Paraná,724,362.0,0,0,0,0,0,0,0,0,0,0,0,0,0,0,0,0,0,0.0,0.0,0.0,0,,362.0,Deserto absoluto,False
4113809,411380,Lupionópolis - PR,PR,Paraná,642,321.0,0,0,0,0,0,0,0,0,0,0,0,0,0,0,0,0,0,0.0,0.0,0.0,0,,321.0,Deserto absoluto,False
4113908,411390,Mallet - PR,PR,Paraná,1488,744.0,0,0,0,0,0,0,0,0,0,0,0,0,0,0,0,0,0,0.0,0.0,0.0,0,,744.0,Deserto absoluto,False
4114005,411400,Mamborê - PR,PR,Paraná,1834,917.0,0,0,0,0,0,0,0,0,0,0,0,0,0,0,0,0,0,0.0,0.0,0.0,0,,917.0,Deserto absoluto,False
4114104,411410,Mandaguaçu - PR,PR,Paraná,3295,1647.5,0,0,0,0,0,0,0,0,0,0,0,0,0,0,0,0,0,0.0,0.0,0.0,0,,1647.5,Deserto absoluto,False
4114203,411420,Mandaguari - PR,PR,Paraná,4570,2285.0,0,0,0,0,0,0,0,0,0,0,0,0,0,0,0,0,0,0.0,0.0,0.0,0,,2285.0,Deserto absoluto,False
4114302,411430,Mandirituba - PR,PR,Paraná,3215,1607.5,0,0,0,0,0,0,0,0,0,0,0,0,0,0,0,0,0,0.0,0.0,0.0,0,,1607.5,Deserto absoluto,False
4114351,411435,Manfrinópolis - PR,PR,Paraná,344,172.0,0,0,0,0,0,0,0,0,0,0,0,0,0,0,0,0,0,0.0,0.0,0.0,0,,172.0,Deserto absoluto,False
4114401,411440,Mangueirinha - PR,PR,Paraná,1792,896.0,1,1,182,319,443,464,573,550,0,2,3,0,0,2,1123,2,1125,562.5,0.6267,0.6278,5069,0.889,333.5,Intermediario,True
4114500,411450,Manoel Ribas - PR,PR,Paraná,1517,758.5,0,0,0,0,0,0,0,0,0,0,0,0,0,0,0,0,0,0.0,0.0,0.0,0,,758.5,Deserto absoluto,False
4114609,411460,Marechal Cândido Rondon - PR,PR,Paraná,6498,3249.0,1,1,0,0,0,0,0,0,0,0,0,0,0,0,0,0,0,0.0,0.0,0.0,5069,1.0,3249.0,Deserto funcional,True
4114708,411470,Maria Helena - PR,PR,Paraná,796,398.0,0,0,0,0,0,0,0,0,0,0,0,0,0,0,0,0,0,0.0,0.0,0.0,0,,398.0,Deserto absoluto,False
4114807,411480,Marialva - PR,PR,Paraná,5051,2525.5,0,0,0,0,0,0,0,0,0,0,0,0,0,0,0,0,0,0.0,0.0,0.0,0,,2525.5,Deserto absoluto,False
4114906,411490,Marilândia do Sul - PR,PR,Paraná,1068,534.0,0,0,0,0,0,0,0,0,0,0,0,0,0,0,0,0,0,0.0,0.0,0.0,0,,534.0,Deserto absoluto,False
4115002,411500,Marilena - PR,PR,Paraná,907,453.5,0,0,0,0,0,0,0,0,0,0,0,0,0,0,0,0,0,0.0,0.0,0.0,0,,453.5,Deserto absoluto,False
4115101,411510,Mariluz - PR,PR,Paraná,1135,567.5,0,0,0,0,0,0,0,0,0,0,0,0,0,0,0,0,0,0.0,0.0,0.0,0,,567.5,Deserto absoluto,False
4115200,411520,Maringá - PR,PR,Paraná,52621,26310.5,18,17,5872,8097,9580,10726,10782,6901,4255,5095,4289,5389,5157,3073,17683,8230,25913,12956.5,0.336,0.4924,86173,0.8496,13354.0,Intermediario,True
4115309,411530,Mariópolis - PR,PR,Paraná,821,410.5,0,0,0,0,0,0,0,0,0,0,0,0,0,0,0,0,0,0.0,0.0,0.0,0,,410.5,Deserto absoluto,False
4115358,411535,Maripá - PR,PR,Paraná,771,385.5,0,0,0,0,0,0,0,0,0,0,0,0,0,0,0,0,0,0.0,0.0,0.0,0,,385.5,Deserto absoluto,False
4115408,411540,Marmeleiro - PR,PR,Paraná,1844,922.0,0,0,0,0,0,0,0,0,0,0,0,0,0,0,0,0,0,0.0,0.0,0.0,0,,922.0,Deserto absoluto,False
4115457,411545,Marquinho - PR,PR,Paraná,519,259.5,0,0,0,0,0,0,0,0,0,0,0,0,0,0,0,0,0,0.0,0.0,0.0,0,,259.5,Deserto absoluto,False
4115507,411550,Marumbi - PR,PR,Paraná,581,290.5,0,0,0,0,0,0,0,0,0,0,0,0,0,0,0,0,0,0.0,0.0,0.0,0,,290.5,Deserto absoluto,False
4115606,411560,Matelândia - PR,PR,Paraná,1994,997.0,2,2,470,473,1012,1026,1016,1222,2,1,6,42,60,32,2238,92,2330,1165.0,1.1224,1.1685,10138,0.8851,-168.0,Adequado,False
4115705,411570,Matinhos - PR,PR,Paraná,5485,2742.5,3,2,0,0,0,0,0,0,0,0,0,0,0,0,0,0,0,0.0,0.0,0.0,10138,1.0,2742.5,Deserto funcional,True
4115739,411573,Mato Rico - PR,PR,Paraná,438,219.0,0,0,0,0,0,0,0,0,0,0,0,0,0,0,0,0,0,0.0,0.0,0.0,0,,219.0,Deserto absoluto,False
4115754,411575,Mauá da Serra - PR,PR,Paraná,908,454.0,0,0,0,0,0,0,0,0,0,0,0,0,0,0,0,0,0,0.0,0.0,0.0,0,,454.0,Deserto absoluto,False
4115804,411580,Medianeira - PR,PR,Paraná,5869,2934.5,2,2,0,0,0,0,0,0,0,0,0,0,0,0,0,0,0,0.0,0.0,0.0,10138,1.0,2934.5,Deserto funcional,True
4115853,411585,Mercedes - PR,PR,Paraná,717,358.5,0,0,0,0,0,0,0,0,0,0,0,0,0,0,0,0,0,0.0,0.0,0.0,0,,358.5,Deserto absoluto,False
4115903,411590,Mirador - PR,PR,Paraná,267,133.5,0,0,0,0,0,0,0,0,0,0,0,0,0,0,0,0,0,0.0,0.0,0.0,0,,133.5,Deserto absoluto,False
4116000,411600,Miraselva - PR,PR,Paraná,260,130.0,0,0,0,0,0,0,0,0,0,0,0,0,0,0,0,0,0,0.0,0.0,0.0,0,,130.0,Deserto absoluto,False
4116059,411605,Missal - PR,PR,Paraná,1463,731.5,0,0,0,0,0,0,0,0,0,0,0,0,0,0,0,0,0,0.0,0.0,0.0,0,,731.5,Deserto absoluto,False
4116109,411610,Moreira Sales - PR,PR,Paraná,1630,815.0,0,0,0,0,0,0,0,0,0,0,0,0,0,0,0,0,0,0.0,0.0,0.0,0,,815.0,Deserto absoluto,False
4116208,411620,Morretes - PR,PR,Paraná,2174,1087.0,0,0,0,0,0,0,0,0,0,0,0,0,0,0,0,0,0,0.0,0.0,0.0,0,,1087.0,Deserto absoluto,False
4116307,411630,Munhoz de Melo - PR,PR,Paraná,533,266.5,0,0,0,0,0,0,0,0,0,0,0,0,0,0,0,0,0,0.0,0.0,0.0,0,,266.5,Deserto absoluto,False
4116406,411640,Nossa Senhora das Graças - PR,PR,Paraná,506,253.0,0,0,0,0,0,0,0,0,0,0,0,0,0,0,0,0,0,0.0,0.0,0.0,0,,253.0,Deserto absoluto,False
4116505,411650,Nova Aliança do Ivaí - PR,PR,Paraná,169,84.5,0,0,0,0,0,0,0,0,0,0,0,0,0,0,0,0,0,0.0,0.0,0.0,0,,84.5,Deserto absoluto,False
4116604,411660,Nova América da Colina - PR,PR,Paraná,429,214.5,0,0,0,0,0,0,0,0,0,0,0,0,0,0,0,0,0,0.0,0.0,0.0,0,,214.5,Deserto absoluto,False
4116703,411670,Nova Aurora - PR,PR,Paraná,1726,863.0,0,0,0,0,0,0,0,0,0,0,0,0,0,0,0,0,0,0.0,0.0,0.0,0,,863.0,Deserto absoluto,False
4116802,411680,Nova Cantu - PR,PR,Paraná,839,419.5,0,0,0,0,0,0,0,0,0,0,0,0,0,0,0,0,0,0.0,0.0,0.0,0,,419.5,Deserto absoluto,False
4116901,411690,Nova Esperança - PR,PR,Paraná,3540,1770.0,0,0,0,0,0,0,0,0,0,0,0,0,0,0,0,0,0,0.0,0.0,0.0,0,,1770.0,Deserto absoluto,False
4116950,411695,Nova Esperança do Sudoeste - PR,PR,Paraná,639,319.5,0,0,0,0,0,0,0,0,0,0,0,0,0,0,0,0,0,0.0,0.0,0.0,0,,319.5,Deserto absoluto,False
4117008,411700,Nova Fátima - PR,PR,Paraná,977,488.5,0,0,0,0,0,0,0,0,0,0,0,0,0,0,0,0,0,0.0,0.0,0.0,0,,488.5,Deserto absoluto,False
4117057,411705,Nova Laranjeiras - PR,PR,Paraná,1155,577.5,0,0,0,0,0,0,0,0,0,0,0,0,0,0,0,0,0,0.0,0.0,0.0,0,,577.5,Deserto absoluto,False
4117107,411710,Nova Londrina - PR,PR,Paraná,1591,795.5,1,1,0,0,0,0,0,0,0,0,0,0,0,0,0,0,0,0.0,0.0,0.0,5069,1.0,795.5,Deserto funcional,True
4117206,411720,Nova Olímpia - PR,PR,Paraná,789,394.5,0,0,0,0,0,0,0,0,0,0,0,0,0,0,0,0,0,0.0,0.0,0.0,0,,394.5,Deserto absoluto,False
4117214,411721,Nova Santa Bárbara - PR,PR,Paraná,540,270.0,0,0,0,0,0,0,0,0,0,0,0,0,0,0,0,0,0,0.0,0.0,0.0,0,,270.0,Deserto absoluto,False
4117222,411722,Nova Santa Rosa - PR,PR,Paraná,958,479.0,0,0,0,0,0,0,0,0,0,0,0,0,0,0,0,0,0,0.0,0.0,0.0,0,,479.0,Deserto absoluto,False
4117255,411725,Nova Prata do Iguaçu - PR,PR,Paraná,1440,720.0,0,0,0,0,0,0,0,0,0,0,0,0,0,0,0,0,0,0.0,0.0,0.0,0,,720.0,Deserto absoluto,False
4117271,411727,Nova Tebas - PR,PR,Paraná,877,438.5,0,0,0,0,0,0,0,0,0,0,0,0,0,0,0,0,0,0.0,0.0,0.0,0,,438.5,Deserto absoluto,False
4117297,411729,Novo Itacolomi - PR,PR,Paraná,398,199.0,0,0,0,0,0,0,0,0,0,0,0,0,0,0,0,0,0,0.0,0.0,0.0,0,,199.0,Deserto absoluto,False
4117305,411730,Ortigueira - PR,PR,Paraná,2517,1258.5,0,0,0,0,0,0,0,0,0,0,0,0,0,0,0,0,0,0.0,0.0,0.0,0,,1258.5,Deserto absoluto,False
4117404,411740,Ourizona - PR,PR,Paraná,457,228.5,0,0,0,0,0,0,0,0,0,0,0,0,0,0,0,0,0,0.0,0.0,0.0,0,,228.5,Deserto absoluto,False
4117453,411745,Ouro Verde do Oeste - PR,PR,Paraná,739,369.5,0,0,0,0,0,0,0,0,0,0,0,0,0,0,0,0,0,0.0,0.0,0.0,0,,369.5,Deserto absoluto,False
4117503,411750,Paiçandu - PR,PR,Paraná,5058,2529.0,0,0,0,0,0,0,0,0,0,0,0,0,0,0,0,0,0,0.0,0.0,0.0,0,,2529.0,Deserto absoluto,False
4117602,411760,Palmas - PR,PR,Paraná,4738,2369.0,3,3,151,320,357,426,0,404,5,24,13,18,0,22,404,22,426,213.0,0.0853,0.0899,15207,0.986,2156.0,Deserto funcional,True
4117701,411770,Palmeira - PR,PR,Paraná,3916,1958.0,1,1,0,0,0,0,0,0,0,0,0,0,0,6,0,6,6,3.0,0.0,0.0015,5069,0.9994,1955.0,Deserto funcional,True
4117800,411780,Palmital - PR,PR,Paraná,1452,726.0,0,0,0,0,0,0,0,0,0,0,0,0,0,0,0,0,0,0.0,0.0,0.0,0,,726.0,Deserto absoluto,False
4117909,411790,Palotina - PR,PR,Paraná,3746,1873.0,2,2,665,1323,741,0,0,0,0,0,0,0,0,0,0,0,0,0.0,0.0,0.0,10138,1.0,1873.0,Deserto funcional,True
4118006,411800,Paraíso do Norte - PR,PR,Paraná,1522,761.0,0,0,0,0,0,0,0,0,0,0,0,0,0,0,0,0,0,0.0,0.0,0.0,0,,761.0,Deserto absoluto,False
4118105,411810,Paranacity - PR,PR,Paraná,1160,580.0,0,0,0,0,0,0,0,0,0,0,0,0,0,0,0,0,0,0.0,0.0,0.0,0,,580.0,Deserto absoluto,False
4118204,411820,Paranaguá - PR,PR,Paraná,15422,7711.0,2,2,1831,3203,4015,4180,3753,3146,498,518,472,546,498,371,6899,869,7768,3884.0,0.4473,0.5037,10138,0.6169,3827.0,Intermediario,True
4118303,411830,Paranapoema - PR,PR,Paraná,303,151.5,0,0,0,0,0,0,0,0,0,0,0,0,0,0,0,0,0,0.0,0.0,0.0,0,,151.5,Deserto absoluto,False
4118402,411840,Paranavaí - PR,PR,Paraná,11561,5780.5,10,10,4613,7242,7123,7586,5885,536,227,201,260,254,170,0,6421,170,6591,3295.5,0.5554,0.5701,50690,0.935,2485.0,Intermediario,True
4118451,411845,Pato Bragado - PR,PR,Paraná,656,328.0,0,0,0,0,0,0,0,0,0,0,0,0,0,0,0,0,0,0.0,0.0,0.0,0,,328.0,Deserto absoluto,False
4118501,411850,Pato Branco - PR,PR,Paraná,10231,5115.5,5,4,5491,5837,8107,7311,7282,7223,587,718,684,687,650,709,14505,1359,15864,7932.0,1.4177,1.5506,20276,0.6088,-2816.5,Adequado,False
4118600,411860,Paula Freitas - PR,PR,Paraná,677,338.5,0,0,0,0,0,0,0,0,0,0,0,0,0,0,0,0,0,0.0,0.0,0.0,0,,338.5,Deserto absoluto,False
4118709,411870,Paulo Frontin - PR,PR,Paraná,745,372.5,0,0,0,0,0,0,0,0,0,0,0,0,0,0,0,0,0,0.0,0.0,0.0,0,,372.5,Deserto absoluto,False
4118808,411880,Peabiru - PR,PR,Paraná,1693,846.5,0,0,0,0,0,0,0,0,0,0,0,0,0,0,0,0,0,0.0,0.0,0.0,0,,846.5,Deserto absoluto,False
4118857,411885,Perobal - PR,PR,Paraná,905,452.5,0,0,0,0,0,0,0,0,0,0,0,0,0,0,0,0,0,0.0,0.0,0.0,0,,452.5,Deserto absoluto,False
4118907,411890,Pérola - PR,PR,Paraná,1552,776.0,0,0,0,0,0,0,0,0,0,0,0,0,0,0,0,0,0,0.0,0.0,0.0,0,,776.0,Deserto absoluto,False
4119004,411900,Pérola d'Oeste - PR,PR,Paraná,878,439.0,0,0,0,0,0,0,0,0,0,0,0,0,0,0,0,0,0,0.0,0.0,0.0,0,,439.0,Deserto absoluto,False
4119103,411910,Piên - PR,PR,Paraná,1344,672.0,1,0,0,0,0,0,0,0,0,0,0,0,0,0,0,0,0,0.0,0.0,0.0,0,,672.0,Deserto funcional,False
4119152,411915,Pinhais - PR,PR,Paraná,14450,7225.0,5,5,2081,3406,5141,5487,4846,4999,105,133,176,136,122,73,9845,195,10040,5020.0,0.6813,0.6948,25345,0.8019,2205.0,Intermediario,True
4119202,411920,Pinhalão - PR,PR,Paraná,847,423.5,1,1,0,0,0,0,0,0,0,0,0,0,0,0,0,0,0,0.0,0.0,0.0,5069,1.0,423.5,Deserto funcional,True
4119251,411925,Pinhal de São Bento - PR,PR,Paraná,342,171.0,0,0,0,0,0,0,0,0,0,0,0,0,0,0,0,0,0,0.0,0.0,0.0,0,,171.0,Deserto absoluto,False
4119301,411930,Pinhão - PR,PR,Paraná,2990,1495.0,0,0,0,0,0,0,0,0,0,0,0,0,0,0,0,0,0,0.0,0.0,0.0,0,,1495.0,Deserto absoluto,False
4119400,411940,Piraí do Sul - PR,PR,Paraná,2541,1270.5,0,0,0,0,0,0,0,0,0,0,0,0,0,0,0,0,0,0.0,0.0,0.0,0,,1270.5,Deserto absoluto,False
4119509,411950,Piraquara - PR,PR,Paraná,10616,5308.0,1,1,348,348,348,296,348,259,11,6,1,9,3,3,607,6,613,306.5,0.0572,0.0577,5069,0.9395,5001.5,Deserto funcional,True
4119608,411960,Pitanga - PR,PR,Paraná,3815,1907.5,1,1,567,1189,1613,1690,1131,1131,60,69,57,93,83,63,2262,146,2408,1204.0,0.5929,0.6312,5069,0.7625,703.5,Intermediario,True
4119657,411965,Pitangueiras - PR,PR,Paraná,394,197.0,0,0,0,0,0,0,0,0,0,0,0,0,0,0,0,0,0,0.0,0.0,0.0,0,,197.0,Deserto absoluto,False
4119707,411970,Planaltina do Paraná - PR,PR,Paraná,497,248.5,0,0,0,0,0,0,0,0,0,0,0,0,0,0,0,0,0,0.0,0.0,0.0,0,,248.5,Deserto absoluto,False
4119806,411980,Planalto - PR,PR,Paraná,1943,971.5,0,0,0,0,0,0,0,0,0,0,0,0,0,0,0,0,0,0.0,0.0,0.0,0,,971.5,Deserto absoluto,False
4119905,411990,Ponta Grossa - PR,PR,Paraná,39029,19514.5,15,15,3973,5991,7687,8058,2766,2787,1399,2433,2550,2619,1627,1850,5553,3477,9030,4515.0,0.1423,0.2314,76035,0.9406,14999.5,Deserto funcional,True
4119954,411995,Pontal do Paraná - PR,PR,Paraná,4482,2241.0,2,1,0,0,0,0,0,0,0,0,0,0,0,0,0,0,0,0.0,0.0,0.0,5069,1.0,2241.0,Deserto funcional,True
4120002,412000,Porecatu - PR,PR,Paraná,1652,826.0,0,0,0,0,0,0,0,0,0,0,0,0,0,0,0,0,0,0.0,0.0,0.0,0,,826.0,Deserto absoluto,False
4120101,412010,Porto Amazonas - PR,PR,Paraná,508,254.0,0,0,0,0,0,0,0,0,0,0,0,0,0,0,0,0,0,0.0,0.0,0.0,0,,254.0,Deserto absoluto,False
4120150,412015,Porto Barreiro - PR,PR,Paraná,368,184.0,0,0,0,0,0,0,0,0,0,0,0,0,0,0,0,0,0,0.0,0.0,0.0,0,,184.0,Deserto absoluto,False
4120200,412020,Porto Rico - PR,PR,Paraná,363,181.5,0,0,0,0,0,0,0,0,0,0,0,0,0,0,0,0,0,0.0,0.0,0.0,0,,181.5,Deserto absoluto,False
4120309,412030,Porto Vitória - PR,PR,Paraná,399,199.5,0,0,0,0,0,0,0,0,0,0,0,0,0,0,0,0,0,0.0,0.0,0.0,0,,199.5,Deserto absoluto,False
4120333,412033,Prado Ferreira - PR,PR,Paraná,445,222.5,0,0,0,0,0,0,0,0,0,0,0,0,0,0,0,0,0,0.0,0.0,0.0,0,,222.5,Deserto absoluto,False
4120358,412035,Pranchita - PR,PR,Paraná,730,365.0,0,0,0,0,0,0,0,0,0,0,0,0,0,0,0,0,0,0.0,0.0,0.0,0,,365.0,Deserto absoluto,False
4120408,412040,Presidente Castelo Branco - PR,PR,Paraná,533,266.5,0,0,0,0,0,0,0,0,0,0,0,0,0,0,0,0,0,0.0,0.0,0.0,0,,266.5,Deserto absoluto,False
4120507,412050,Primeiro de Maio - PR,PR,Paraná,1454,727.0,0,0,0,0,0,0,0,0,0,0,0,0,0,0,0,0,0,0.0,0.0,0.0,0,,727.0,Deserto absoluto,False
4120606,412060,Prudentópolis - PR,PR,Paraná,5518,2759.0,1,1,0,0,0,0,0,0,0,0,0,0,0,0,0,0,0,0.0,0.0,0.0,5069,1.0,2759.0,Deserto funcional,True
4120655,412065,Quarto Centenário - PR,PR,Paraná,576,288.0,0,0,0,0,0,0,0,0,0,0,0,0,0,0,0,0,0,0.0,0.0,0.0,0,,288.0,Deserto absoluto,False
4120705,412070,Quatiguá - PR,PR,Paraná,1063,531.5,0,0,0,0,0,0,0,0,0,0,0,0,0,0,0,0,0,0.0,0.0,0.0,0,,531.5,Deserto absoluto,False
4120804,412080,Quatro Barras - PR,PR,Paraná,2609,1304.5,0,0,0,0,0,0,0,0,0,0,0,0,0,0,0,0,0,0.0,0.0,0.0,0,,1304.5,Deserto absoluto,False
4120853,412085,Quatro Pontes - PR,PR,Paraná,585,292.5,0,0,0,0,0,0,0,0,0,0,0,0,0,0,0,0,0,0.0,0.0,0.0,0,,292.5,Deserto absoluto,False
4120903,412090,Quedas do Iguaçu - PR,PR,Paraná,3390,1695.0,2,2,0,0,0,0,0,0,0,0,0,0,0,0,0,0,0,0.0,0.0,0.0,10138,1.0,1695.0,Deserto funcional,True
4121000,412100,Querência do Norte - PR,PR,Paraná,1282,641.0,0,0,0,0,0,0,0,0,0,0,0,0,0,0,0,0,0,0.0,0.0,0.0,0,,641.0,Deserto absoluto,False
4121109,412110,Quinta do Sol - PR,PR,Paraná,633,316.5,0,0,0,0,0,0,0,0,0,0,0,0,0,0,0,0,0,0.0,0.0,0.0,0,,316.5,Deserto absoluto,False
4121208,412120,Quitandinha - PR,PR,Paraná,2168,1084.0,0,0,0,0,0,0,0,0,0,0,0,0,0,0,0,0,0,0.0,0.0,0.0,0,,1084.0,Deserto absoluto,False
4121257,412125,Ramilândia - PR,PR,Paraná,466,233.0,0,0,0,0,0,0,0,0,0,0,0,0,0,0,0,0,0,0.0,0.0,0.0,0,,233.0,Deserto absoluto,False
4121307,412130,Rancho Alegre - PR,PR,Paraná,540,270.0,0,0,0,0,0,0,0,0,0,0,0,0,0,0,0,0,0,0.0,0.0,0.0,0,,270.0,Deserto absoluto,False
4121356,412135,Rancho Alegre D'Oeste - PR,PR,Paraná,331,165.5,0,0,0,0,0,0,0,0,0,0,0,0,0,0,0,0,0,0.0,0.0,0.0,0,,165.5,Deserto absoluto,False
4121406,412140,Realeza - PR,PR,Paraná,2277,1138.5,3,3,0,0,0,0,0,0,0,0,0,0,0,0,0,0,0,0.0,0.0,0.0,15207,1.0,1138.5,Deserto funcional,True
4121505,412150,Rebouças - PR,PR,Paraná,1675,837.5,0,0,0,0,0,0,0,0,0,0,0,0,0,0,0,0,0,0.0,0.0,0.0,0,,837.5,Deserto absoluto,False
4121604,412160,Renascença - PR,PR,Paraná,858,429.0,0,0,0,0,0,0,0,0,0,0,0,0,0,0,0,0,0,0.0,0.0,0.0,0,,429.0,Deserto absoluto,False
4121703,412170,Reserva - PR,PR,Paraná,2461,1230.5,0,0,0,0,0,0,0,0,0,0,0,0,0,0,0,0,0,0.0,0.0,0.0,0,,1230.5,Deserto absoluto,False
4121752,412175,Reserva do Iguaçu - PR,PR,Paraná,630,315.0,0,0,0,0,0,0,0,0,0,0,0,0,0,0,0,0,0,0.0,0.0,0.0,0,,315.0,Deserto absoluto,False
4121802,412180,Ribeirão Claro - PR,PR,Paraná,1525,762.5,0,0,0,0,0,0,0,0,0,0,0,0,0,0,0,0,0,0.0,0.0,0.0,0,,762.5,Deserto absoluto,False
4121901,412190,Ribeirão do Pinhal - PR,PR,Paraná,1646,823.0,0,0,0,0,0,0,0,0,0,0,0,0,0,0,0,0,0,0.0,0.0,0.0,0,,823.0,Deserto absoluto,False
4122008,412200,Rio Azul - PR,PR,Paraná,1510,755.0,0,0,0,0,0,0,0,0,0,0,0,0,0,0,0,0,0,0.0,0.0,0.0,0,,755.0,Deserto absoluto,False
4122107,412210,Rio Bom - PR,PR,Paraná,449,224.5,0,0,0,0,0,0,0,0,0,0,0,0,0,0,0,0,0,0.0,0.0,0.0,0,,224.5,Deserto absoluto,False
4122156,412215,Rio Bonito do Iguaçu - PR,PR,Paraná,1435,717.5,0,0,0,0,0,0,0,0,0,0,0,0,0,0,0,0,0,0.0,0.0,0.0,0,,717.5,Deserto absoluto,False
4122172,412217,Rio Branco do Ivaí - PR,PR,Paraná,431,215.5,0,0,0,0,0,0,0,0,0,0,0,0,0,0,0,0,0,0.0,0.0,0.0,0,,215.5,Deserto absoluto,False
4122206,412220,Rio Branco do Sul - PR,PR,Paraná,3596,1798.0,0,0,0,0,0,0,0,0,0,0,0,0,0,0,0,0,0,0.0,0.0,0.0,0,,1798.0,Deserto absoluto,False
4122305,412230,Rio Negro - PR,PR,Paraná,3579,1789.5,1,1,0,0,0,0,0,0,0,0,0,0,0,0,0,0,0,0.0,0.0,0.0,5069,1.0,1789.5,Deserto funcional,True
4122404,412240,Rolândia - PR,PR,Paraná,8001,4000.5,2,2,1365,2546,1839,3146,3005,3239,4,13,8,9,8,6,6244,14,6258,3129.0,0.7804,0.7822,10138,0.6914,871.5,Adequado,True
4122503,412250,Roncador - PR,PR,Paraná,1352,676.0,0,0,0,0,0,0,0,0,0,0,0,0,0,0,0,0,0,0.0,0.0,0.0,0,,676.0,Deserto absoluto,False
4122602,412260,Rondon - PR,PR,Paraná,1107,553.5,0,0,0,0,0,0,0,0,0,0,0,0,0,0,0,0,0,0.0,0.0,0.0,0,,553.5,Deserto absoluto,False
4122651,412265,Rosário do Ivaí - PR,PR,Paraná,677,338.5,0,0,0,0,0,0,0,0,0,0,0,0,0,0,0,0,0,0.0,0.0,0.0,0,,338.5,Deserto absoluto,False
4122701,412270,Sabáudia - PR,PR,Paraná,979,489.5,0,0,0,0,0,0,0,0,0,0,0,0,0,0,0,0,0,0.0,0.0,0.0,0,,489.5,Deserto absoluto,False
4122800,412280,Salgado Filho - PR,PR,Paraná,522,261.0,0,0,0,0,0,0,0,0,0,0,0,0,0,0,0,0,0,0.0,0.0,0.0,0,,261.0,Deserto absoluto,False
4122909,412290,Salto do Itararé - PR,PR,Paraná,695,347.5,0,0,0,0,0,0,0,0,0,0,0,0,0,0,0,0,0,0.0,0.0,0.0,0,,347.5,Deserto absoluto,False
4123006,412300,Salto do Lontra - PR,PR,Paraná,1858,929.0,0,0,0,0,0,0,0,0,0,0,0,0,0,0,0,0,0,0.0,0.0,0.0,0,,929.0,Deserto absoluto,False
4123105,412310,Santa Amélia - PR,PR,Paraná,472,236.0,0,0,0,0,0,0,0,0,0,0,0,0,0,0,0,0,0,0.0,0.0,0.0,0,,236.0,Deserto absoluto,False
4123204,412320,Santa Cecília do Pavão - PR,PR,Paraná,447,223.5,0,0,0,0,0,0,0,0,0,0,0,0,0,0,0,0,0,0.0,0.0,0.0,0,,223.5,Deserto absoluto,False
4123303,412330,Santa Cruz de Monte Castelo - PR,PR,Paraná,1111,555.5,0,0,0,0,0,0,0,0,0,0,0,0,0,0,0,0,0,0.0,0.0,0.0,0,,555.5,Deserto absoluto,False
4123402,412340,Santa Fé - PR,PR,Paraná,1541,770.5,0,0,0,0,0,0,0,0,0,0,0,0,0,0,0,0,0,0.0,0.0,0.0,0,,770.5,Deserto absoluto,False
4123501,412350,Santa Helena - PR,PR,Paraná,3109,1554.5,0,0,0,0,0,0,0,0,0,0,0,0,0,0,0,0,0,0.0,0.0,0.0,0,,1554.5,Deserto absoluto,False
4123600,412360,Santa Inês - PR,PR,Paraná,249,124.5,0,0,0,0,0,0,0,0,0,0,0,0,0,0,0,0,0,0.0,0.0,0.0,0,,124.5,Deserto absoluto,False
4123709,412370,Santa Isabel do Ivaí - PR,PR,Paraná,1215,607.5,0,0,0,0,0,0,0,0,0,0,0,0,0,0,0,0,0,0.0,0.0,0.0,0,,607.5,Deserto absoluto,False
4123808,412380,Santa Izabel do Oeste - PR,PR,Paraná,1713,856.5,0,0,0,0,0,0,0,0,0,0,0,0,0,0,0,0,0,0.0,0.0,0.0,0,,856.5,Deserto absoluto,False
4123824,412382,Santa Lúcia - PR,PR,Paraná,469,234.5,0,0,0,0,0,0,0,0,0,0,0,0,0,0,0,0,0,0.0,0.0,0.0,0,,234.5,Deserto absoluto,False
4123857,412385,Santa Maria do Oeste - PR,PR,Paraná,1116,558.0,0,0,0,0,0,0,0,0,0,0,0,0,0,0,0,0,0,0.0,0.0,0.0,0,,558.0,Deserto absoluto,False
4123907,412390,Santa Mariana - PR,PR,Paraná,1545,772.5,0,0,0,0,0,0,0,0,0,0,0,0,0,0,0,0,0,0.0,0.0,0.0,0,,772.5,Deserto absoluto,False
4123956,412395,Santa Mônica - PR,PR,Paraná,390,195.0,0,0,0,0,0,0,0,0,0,0,0,0,0,0,0,0,0,0.0,0.0,0.0,0,,195.0,Deserto absoluto,False
4124004,412400,Santana do Itararé - PR,PR,Paraná,689,344.5,0,0,0,0,0,0,0,0,0,0,0,0,0,0,0,0,0,0.0,0.0,0.0,0,,344.5,Deserto absoluto,False
4124020,412402,Santa Tereza do Oeste - PR,PR,Paraná,1372,686.0,0,0,0,0,0,0,0,0,0,0,0,0,0,0,0,0,0,0.0,0.0,0.0,0,,686.0,Deserto absoluto,False
4124053,412405,Santa Terezinha de Itaipu - PR,PR,Paraná,2992,1496.0,0,0,0,0,0,0,0,0,0,0,0,0,0,0,0,0,0,0.0,0.0,0.0,0,,1496.0,Deserto absoluto,False
4124103,412410,Santo Antônio da Platina - PR,PR,Paraná,5320,2660.0,1,1,0,0,0,0,0,0,0,0,0,0,0,0,0,0,0,0.0,0.0,0.0,5069,1.0,2660.0,Deserto funcional,True
4124202,412420,Santo Antônio do Caiuá - PR,PR,Paraná,341,170.5,0,0,0,0,0,0,0,0,0,0,0,0,0,0,0,0,0,0.0,0.0,0.0,0,,170.5,Deserto absoluto,False
4124301,412430,Santo Antônio do Paraíso - PR,PR,Paraná,306,153.0,0,0,0,0,0,0,0,0,0,0,0,0,0,0,0,0,0,0.0,0.0,0.0,0,,153.0,Deserto absoluto,False
4124400,412440,Santo Antônio do Sudoeste - PR,PR,Paraná,2679,1339.5,0,0,0,0,0,0,0,0,0,0,0,0,0,0,0,0,0,0.0,0.0,0.0,0,,1339.5,Deserto absoluto,False
4124509,412450,Santo Inácio - PR,PR,Paraná,749,374.5,0,0,0,0,0,0,0,0,0,0,0,0,0,0,0,0,0,0.0,0.0,0.0,0,,374.5,Deserto absoluto,False
4124608,412460,São Carlos do Ivaí - PR,PR,Paraná,779,389.5,0,0,0,0,0,0,0,0,0,0,0,0,0,0,0,0,0,0.0,0.0,0.0,0,,389.5,Deserto absoluto,False
4124707,412470,São Jerônimo da Serra - PR,PR,Paraná,1205,602.5,0,0,0,0,0,0,0,0,0,0,0,0,0,0,0,0,0,0.0,0.0,0.0,0,,602.5,Deserto absoluto,False
4124806,412480,São João - PR,PR,Paraná,1538,769.0,0,0,0,0,0,0,0,0,0,0,0,0,0,0,0,0,0,0.0,0.0,0.0,0,,769.0,Deserto absoluto,False
4124905,412490,São João do Caiuá - PR,PR,Paraná,693,346.5,0,0,0,0,0,0,0,0,0,0,0,0,0,0,0,0,0,0.0,0.0,0.0,0,,346.5,Deserto absoluto,False
4125001,412500,São João do Ivaí - PR,PR,Paraná,1551,775.5,1,1,0,0,0,0,0,0,0,0,0,0,0,0,0,0,0,0.0,0.0,0.0,5069,1.0,775.5,Deserto funcional,True
4125100,412510,São João do Triunfo - PR,PR,Paraná,1372,686.0,0,0,0,0,0,0,0,0,0,0,0,0,0,0,0,0,0,0.0,0.0,0.0,0,,686.0,Deserto absoluto,False
4125209,412520,São Jorge d'Oeste - PR,PR,Paraná,1240,620.0,0,0,0,0,0,0,0,0,0,0,0,0,0,0,0,0,0,0.0,0.0,0.0,0,,620.0,Deserto absoluto,False
4125308,412530,São Jorge do Ivaí - PR,PR,Paraná,751,375.5,0,0,0,0,0,0,0,0,0,0,0,0,0,0,0,0,0,0.0,0.0,0.0,0,,375.5,Deserto absoluto,False
4125357,412535,São Jorge do Patrocínio - PR,PR,Paraná,867,433.5,0,0,0,0,0,0,0,0,0,0,0,0,0,0,0,0,0,0.0,0.0,0.0,0,,433.5,Deserto absoluto,False
4125407,412540,São José da Boa Vista - PR,PR,Paraná,782,391.0,0,0,0,0,0,0,0,0,0,0,0,0,0,0,0,0,0,0.0,0.0,0.0,0,,391.0,Deserto absoluto,False
4125456,412545,São José das Palmeiras - PR,PR,Paraná,488,244.0,0,0,0,0,0,0,0,0,0,0,0,0,0,0,0,0,0,0.0,0.0,0.0,0,,244.0,Deserto absoluto,False
4125506,412550,São José dos Pinhais - PR,PR,Paraná,32808,16404.0,6,6,2914,3258,2559,4429,4252,4927,84,69,36,75,95,69,9179,164,9343,4671.5,0.2798,0.2848,30414,0.8464,11732.5,Deserto funcional,True
4125555,412555,São Manoel do Paraná - PR,PR,Paraná,303,151.5,0,0,0,0,0,0,0,0,0,0,0,0,0,0,0,0,0,0.0,0.0,0.0,0,,151.5,Deserto absoluto,False
4125605,412560,São Mateus do Sul - PR,PR,Paraná,4657,2328.5,2,2,0,0,0,0,0,0,0,0,0,0,0,0,0,0,0,0.0,0.0,0.0,10138,1.0,2328.5,Deserto funcional,True
4125704,412570,São Miguel do Iguaçu - PR,PR,Paraná,3440,1720.0,2,2,0,0,0,0,0,0,0,0,0,0,0,0,0,0,0,0.0,0.0,0.0,10138,1.0,1720.0,Deserto funcional,True
4125753,412575,São Pedro do Iguaçu - PR,PR,Paraná,785,392.5,0,0,0,0,0,0,0,0,0,0,0,0,0,0,0,0,0,0.0,0.0,0.0,0,,392.5,Deserto absoluto,False
4125803,412580,São Pedro do Ivaí - PR,PR,Paraná,1138,569.0,0,0,0,0,0,0,0,0,0,0,0,0,0,0,0,0,0,0.0,0.0,0.0,0,,569.0,Deserto absoluto,False
4125902,412590,São Pedro do Paraná - PR,PR,Paraná,350,175.0,0,0,0,0,0,0,0,0,0,0,0,0,0,0,0,0,0,0.0,0.0,0.0,0,,175.0,Deserto absoluto,False
4126009,412600,São Sebastião da Amoreira - PR,PR,Paraná,1025,512.5,0,0,0,0,0,0,0,0,0,0,0,0,0,0,0,0,0,0.0,0.0,0.0,0,,512.5,Deserto absoluto,False
4126108,412610,São Tomé - PR,PR,Paraná,716,358.0,0,0,0,0,0,0,0,0,0,0,0,0,0,0,0,0,0,0.0,0.0,0.0,0,,358.0,Deserto absoluto,False
4126207,412620,Sapopema - PR,PR,Paraná,765,382.5,0,0,0,0,0,0,0,0,0,0,0,0,0,0,0,0,0,0.0,0.0,0.0,0,,382.5,Deserto absoluto,False
4126256,412625,Sarandi - PR,PR,Paraná,11963,5981.5,2,2,2617,4087,4909,4685,4402,5605,1160,1425,590,464,336,277,10007,613,10620,5310.0,0.8365,0.8877,10138,0.4762,671.5,Adequado,False
4126272,412627,Saudade do Iguaçu - PR,PR,Paraná,607,303.5,0,0,0,0,0,0,0,0,0,0,0,0,0,0,0,0,0,0.0,0.0,0.0,0,,303.5,Deserto absoluto,False
4126306,412630,Sengés - PR,PR,Paraná,1735,867.5,0,0,0,0,0,0,0,0,0,0,0,0,0,0,0,0,0,0.0,0.0,0.0,0,,867.5,Deserto absoluto,False
4126355,412635,Serranópolis do Iguaçu - PR,PR,Paraná,667,333.5,0,0,0,0,0,0,0,0,0,0,0,0,0,0,0,0,0,0.0,0.0,0.0,0,,333.5,Deserto absoluto,False
4126405,412640,Sertaneja - PR,PR,Paraná,795,397.5,0,0,0,0,0,0,0,0,0,0,0,0,0,0,0,0,0,0.0,0.0,0.0,0,,397.5,Deserto absoluto,False
4126504,412650,Sertanópolis - PR,PR,Paraná,2126,1063.0,0,0,0,0,0,0,0,0,0,0,0,0,0,0,0,0,0,0.0,0.0,0.0,0,,1063.0,Deserto absoluto,False
4126603,412660,Siqueira Campos - PR,PR,Paraná,2561,1280.5,0,0,0,0,0,0,0,0,0,0,0,0,0,0,0,0,0,0.0,0.0,0.0,0,,1280.5,Deserto absoluto,False
4126652,412665,Sulina - PR,PR,Paraná,450,225.0,0,0,0,0,0,0,0,0,0,0,0,0,0,0,0,0,0,0.0,0.0,0.0,0,,225.0,Deserto absoluto,False
4126678,412667,Tamarana - PR,PR,Paraná,1130,565.0,0,0,0,0,0,0,0,0,0,0,0,0,0,0,0,0,0,0.0,0.0,0.0,0,,565.0,Deserto absoluto,False
4126702,412670,Tamboara - PR,PR,Paraná,673,336.5,0,0,0,0,0,0,0,0,0,0,0,0,0,0,0,0,0,0.0,0.0,0.0,0,,336.5,Deserto absoluto,False
4126801,412680,Tapejara - PR,PR,Paraná,1880,940.0,1,1,0,0,0,0,0,0,0,0,0,0,0,0,0,0,0,0.0,0.0,0.0,5069,1.0,940.0,Deserto funcional,True
4126900,412690,Tapira - PR,PR,Paraná,816,408.0,0,0,0,0,0,0,0,0,0,0,0,0,0,0,0,0,0,0.0,0.0,0.0,0,,408.0,Deserto absoluto,False
4127007,412700,Teixeira Soares - PR,PR,Paraná,1015,507.5,0,0,0,0,0,0,0,0,0,0,0,0,0,0,0,0,0,0.0,0.0,0.0,0,,507.5,Deserto absoluto,False
4127106,412710,Telêmaco Borba - PR,PR,Paraná,7775,3887.5,4,4,3110,4192,5673,7159,4992,3849,239,166,207,206,197,285,8841,482,9323,4661.5,1.1371,1.1991,20276,0.7701,-774.0,Adequado,False
4127205,412720,Terra Boa - PR,PR,Paraná,2145,1072.5,0,0,0,0,0,0,0,0,0,0,0,0,0,0,0,0,0,0.0,0.0,0.0,0,,1072.5,Deserto absoluto,False
4127304,412730,Terra Rica - PR,PR,Paraná,1899,949.5,0,0,0,0,0,0,0,0,0,0,0,0,0,0,0,0,0,0.0,0.0,0.0,0,,949.5,Deserto absoluto,False
4127403,412740,Terra Roxa - PR,PR,Paraná,2303,1151.5,0,0,0,0,0,0,0,0,0,0,0,0,0,0,0,0,0,0.0,0.0,0.0,0,,1151.5,Deserto absoluto,False
4127502,412750,Tibagi - PR,PR,Paraná,2111,1055.5,0,0,0,0,0,0,0,0,0,0,0,0,0,0,0,0,0,0.0,0.0,0.0,0,,1055.5,Deserto absoluto,False
4127601,412760,Tijucas do Sul - PR,PR,Paraná,1993,996.5,0,0,0,0,0,0,0,0,0,0,0,0,0,0,0,0,0,0.0,0.0,0.0,0,,996.5,Deserto absoluto,False
4127700,412770,Toledo - PR,PR,Paraná,16985,8492.5,8,6,4969,9515,9275,11830,9193,9842,75,57,28,2,0,2,19035,2,19037,9518.5,1.1207,1.1208,30414,0.687,-1026.0,Adequado,False
4127809,412780,Tomazina - PR,PR,Paraná,1152,576.0,0,0,0,0,0,0,0,0,0,0,0,0,0,0,0,0,0,0.0,0.0,0.0,0,,576.0,Deserto absoluto,False
4127858,412785,Três Barras do Paraná - PR,PR,Paraná,1323,661.5,0,0,0,0,0,0,0,0,0,0,0,0,0,0,0,0,0,0.0,0.0,0.0,0,,661.5,Deserto absoluto,False
4127882,412788,Tunas do Paraná - PR,PR,Paraná,488,244.0,0,0,0,0,0,0,0,0,0,0,0,0,0,0,0,0,0,0.0,0.0,0.0,0,,244.0,Deserto absoluto,False
4127908,412790,Tuneiras do Oeste - PR,PR,Paraná,1007,503.5,0,0,0,0,0,0,0,0,0,0,0,0,0,0,0,0,0,0.0,0.0,0.0,0,,503.5,Deserto absoluto,False
4127957,412795,Tupãssi - PR,PR,Paraná,1082,541.0,0,0,0,0,0,0,0,0,0,0,0,0,0,0,0,0,0,0.0,0.0,0.0,0,,541.0,Deserto absoluto,False
4127965,412796,Turvo - PR,PR,Paraná,1464,732.0,0,0,0,0,0,0,0,0,0,0,0,0,0,0,0,0,0,0.0,0.0,0.0,0,,732.0,Deserto absoluto,False
4128005,412800,Ubiratã - PR,PR,Paraná,3235,1617.5,1,1,512,398,648,686,726,136,2,7,2,4,2,0,862,2,864,432.0,0.2665,0.2671,5069,0.9148,1185.5,Deserto funcional,True
4128104,412810,Umuarama - PR,PR,Paraná,14316,7158.0,8,6,7444,7864,11938,10675,7333,10327,910,1140,1424,1166,634,2073,17660,2707,20367,10183.5,1.2336,1.4227,30414,0.6652,-3025.5,Adequado,False
4128203,412820,União da Vitória - PR,PR,Paraná,6385,3192.5,3,3,2662,2769,4170,3963,3444,3841,123,95,114,64,82,76,7285,158,7443,3721.5,1.141,1.1657,15207,0.7553,-529.0,Adequado,False
4128302,412830,Uniflor - PR,PR,Paraná,271,135.5,0,0,0,0,0,0,0,0,0,0,0,0,0,0,0,0,0,0.0,0.0,0.0,0,,135.5,Deserto absoluto,False
4128401,412840,Uraí - PR,PR,Paraná,1447,723.5,0,0,0,0,0,0,0,0,0,0,0,0,0,0,0,0,0,0.0,0.0,0.0,0,,723.5,Deserto absoluto,False
4128500,412850,Wenceslau Braz - PR,PR,Paraná,2293,1146.5,0,0,0,0,0,0,0,0,0,0,0,0,0,0,0,0,0,0.0,0.0,0.0,0,,1146.5,Deserto absoluto,False
4128534,412853,Ventania - PR,PR,Paraná,901,450.5,0,0,0,0,0,0,0,0,0,0,0,0,0,0,0,0,0,0.0,0.0,0.0,0,,450.5,Deserto absoluto,False
4128559,412855,Vera Cruz do Oeste - PR,PR,Paraná,1142,571.0,0,0,0,0,0,0,0,0,0,0,0,0,0,0,0,0,0,0.0,0.0,0.0,0,,571.0,Deserto absoluto,False
4128609,412860,Verê - PR,PR,Paraná,1072,536.0,0,0,0,0,0,0,0,0,0,0,0,0,0,0,0,0,0,0.0,0.0,0.0,0,,536.0,Deserto absoluto,False
4128625,412862,Alto Paraíso - PR,PR,Paraná,384,192.0,0,0,0,0,0,0,0,0,0,0,0,0,0,0,0,0,0,0.0,0.0,0.0,0,,192.0,Deserto absoluto,False
4128633,412863,Doutor Ulysses - PR,PR,Paraná,551,275.5,0,0,0,0,0,0,0,0,0,0,0,0,0,0,0,0,0,0.0,0.0,0.0,0,,275.5,Deserto absoluto,False
4128658,412865,Virmond - PR,PR,Paraná,450,225.0,0,0,0,0,0,0,0,0,0,0,0,0,0,0,0,0,0,0.0,0.0,0.0,0,,225.0,Deserto absoluto,False
4128708,412870,Vitorino - PR,PR,Paraná,999,499.5,0,0,0,0,0,0,0,0,0,0,0,0,0,0,0,0,0,0.0,0.0,0.0,0,,499.5,Deserto absoluto,False
4128807,412880,Xambrê - PR,PR,Paraná,806,403.0,0,0,0,0,0,0,0,0,0,0,0,0,0,0,0,0,0,0.0,0.0,0.0,0,,403.0,Deserto absoluto,False
4200051,420005,Abdon Batista - SC,SC,Santa Catarina,358,179.0,0,0,0,0,0,0,0,0,0,0,0,0,0,0,0,0,0,0.0,0.0,0.0,0,,179.0,Deserto absoluto,False
4200101,420010,Abelardo Luz - SC,SC,Santa Catarina,1788,894.0,0,0,0,0,0,0,0,0,0,0,0,0,0,0,0,0,0,0.0,0.0,0.0,0,,894.0,Deserto absoluto,False
4200200,420020,Agrolândia - SC,SC,Santa Catarina,1138,569.0,0,0,0,0,0,0,0,0,0,0,0,0,0,0,0,0,0,0.0,0.0,0.0,0,,569.0,Deserto absoluto,False
4200309,420030,Agronômica - SC,SC,Santa Catarina,667,333.5,0,0,0,0,0,0,0,0,0,0,0,0,0,0,0,0,0,0.0,0.0,0.0,0,,333.5,Deserto absoluto,False
4200408,420040,Água Doce - SC,SC,Santa Catarina,763,381.5,0,0,0,0,0,0,0,0,0,0,0,0,0,0,0,0,0,0.0,0.0,0.0,0,,381.5,Deserto absoluto,False
4200507,420050,Águas de Chapecó - SC,SC,Santa Catarina,776,388.0,0,0,0,0,0,0,0,0,0,0,0,0,0,0,0,0,0,0.0,0.0,0.0,0,,388.0,Deserto absoluto,False
4200556,420055,Águas Frias - SC,SC,Santa Catarina,345,172.5,0,0,0,0,0,0,0,0,0,0,0,0,0,0,0,0,0,0.0,0.0,0.0,0,,172.5,Deserto absoluto,False
4200606,420060,Águas Mornas - SC,SC,Santa Catarina,835,417.5,0,0,0,0,0,0,0,0,0,0,0,0,0,0,0,0,0,0.0,0.0,0.0,0,,417.5,Deserto absoluto,False
4200705,420070,Alfredo Wagner - SC,SC,Santa Catarina,1264,632.0,0,0,0,0,0,0,0,0,0,0,0,0,0,0,0,0,0,0.0,0.0,0.0,0,,632.0,Deserto absoluto,False
4200754,420075,Alto Bela Vista - SC,SC,Santa Catarina,268,134.0,0,0,0,0,0,0,0,0,0,0,0,0,0,0,0,0,0,0.0,0.0,0.0,0,,134.0,Deserto absoluto,False
4200804,420080,Anchieta - SC,SC,Santa Catarina,772,386.0,0,0,0,0,0,0,0,0,0,0,0,0,0,0,0,0,0,0.0,0.0,0.0,0,,386.0,Deserto absoluto,False
4200903,420090,Angelina - SC,SC,Santa Catarina,713,356.5,0,0,0,0,0,0,0,0,0,0,0,0,0,0,0,0,0,0.0,0.0,0.0,0,,356.5,Deserto absoluto,False
4201000,420100,Anita Garibaldi - SC,SC,Santa Catarina,1065,532.5,0,0,0,0,0,0,0,0,0,0,0,0,0,0,0,0,0,0.0,0.0,0.0,0,,532.5,Deserto absoluto,False
4201109,420110,Anitápolis - SC,SC,Santa Catarina,481,240.5,0,0,0,0,0,0,0,0,0,0,0,0,0,0,0,0,0,0.0,0.0,0.0,0,,240.5,Deserto absoluto,False
4201208,420120,Antônio Carlos - SC,SC,Santa Catarina,1142,571.0,0,0,0,0,0,0,0,0,0,0,0,0,0,0,0,0,0,0.0,0.0,0.0,0,,571.0,Deserto absoluto,False
4201257,420125,Apiúna - SC,SC,Santa Catarina,1121,560.5,0,0,0,0,0,0,0,0,0,0,0,0,0,0,0,0,0,0.0,0.0,0.0,0,,560.5,Deserto absoluto,False
4201273,420127,Arabutã - SC,SC,Santa Catarina,536,268.0,0,0,0,0,0,0,0,0,0,0,0,0,0,0,0,0,0,0.0,0.0,0.0,0,,268.0,Deserto absoluto,False
4201307,420130,Araquari - SC,SC,Santa Catarina,3417,1708.5,0,0,0,0,0,0,0,0,0,0,0,0,0,0,0,0,0,0.0,0.0,0.0,0,,1708.5,Deserto absoluto,False
4201406,420140,Araranguá - SC,SC,Santa Catarina,8431,4215.5,7,7,1103,1722,1598,358,0,0,5,8,6,1,0,0,0,0,0,0.0,0.0,0.0,35483,1.0,4215.5,Deserto funcional,True
4201505,420150,Armazém - SC,SC,Santa Catarina,1041,520.5,0,0,0,0,0,0,0,0,0,0,0,0,0,0,0,0,0,0.0,0.0,0.0,0,,520.5,Deserto absoluto,False
4201604,420160,Arroio Trinta - SC,SC,Santa Catarina,499,249.5,0,0,0,0,0,0,0,0,0,0,0,0,0,0,0,0,0,0.0,0.0,0.0,0,,249.5,Deserto absoluto,False
4201653,420165,Arvoredo - SC,SC,Santa Catarina,305,152.5,0,0,0,0,0,0,0,0,0,0,0,0,0,0,0,0,0,0.0,0.0,0.0,0,,152.5,Deserto absoluto,False
4201703,420170,Ascurra - SC,SC,Santa Catarina,1006,503.0,0,0,0,0,0,0,0,0,0,0,0,0,0,0,0,0,0,0.0,0.0,0.0,0,,503.0,Deserto absoluto,False
4201802,420180,Atalanta - SC,SC,Santa Catarina,427,213.5,0,0,0,0,0,0,0,0,0,0,0,0,0,0,0,0,0,0.0,0.0,0.0,0,,213.5,Deserto absoluto,False
4201901,420190,Aurora - SC,SC,Santa Catarina,767,383.5,0,0,0,0,0,0,0,0,0,0,0,0,0,0,0,0,0,0.0,0.0,0.0,0,,383.5,Deserto absoluto,False
4201950,420195,Balneário Arroio do Silva - SC,SC,Santa Catarina,2405,1202.5,0,0,0,0,0,0,0,0,0,0,0,0,0,0,0,0,0,0.0,0.0,0.0,0,,1202.5,Deserto absoluto,False
4202008,420200,Balneário Camboriú - SC,SC,Santa Catarina,17594,8797.0,9,9,2999,3770,3514,5722,4466,3314,96,102,85,133,22,6,7780,28,7808,3904.0,0.4422,0.4438,45621,0.9144,4893.0,Intermediario,True
4202057,420205,Balneário Barra do Sul - SC,SC,Santa Catarina,2400,1200.0,0,0,0,0,0,0,0,0,0,0,0,0,0,0,0,0,0,0.0,0.0,0.0,0,,1200.0,Deserto absoluto,False
4202073,420207,Balneário Gaivota - SC,SC,Santa Catarina,2328,1164.0,0,0,0,0,0,0,0,0,0,0,0,0,0,0,0,0,0,0.0,0.0,0.0,0,,1164.0,Deserto absoluto,False
4202081,420208,Bandeirante - SC,SC,Santa Catarina,406,203.0,0,0,0,0,0,0,0,0,0,0,0,0,0,0,0,0,0,0.0,0.0,0.0,0,,203.0,Deserto absoluto,False
4202099,420209,Barra Bonita - SC,SC,Santa Catarina,219,109.5,0,0,0,0,0,0,0,0,0,0,0,0,0,0,0,0,0,0.0,0.0,0.0,0,,109.5,Deserto absoluto,False
4202107,420210,Barra Velha - SC,SC,Santa Catarina,5343,2671.5,0,0,0,0,0,0,0,0,0,0,0,0,0,0,0,0,0,0.0,0.0,0.0,0,,2671.5,Deserto absoluto,False
4202131,420213,Bela Vista do Toldo - SC,SC,Santa Catarina,641,320.5,0,0,0,0,0,0,0,0,0,0,0,0,0,0,0,0,0,0.0,0.0,0.0,0,,320.5,Deserto absoluto,False
4202156,420215,Belmonte - SC,SC,Santa Catarina,310,155.0,0,0,0,0,0,0,0,0,0,0,0,0,0,0,0,0,0,0.0,0.0,0.0,0,,155.0,Deserto absoluto,False
4202206,420220,Benedito Novo - SC,SC,Santa Catarina,1238,619.0,0,0,0,0,0,0,0,0,0,0,0,0,0,0,0,0,0,0.0,0.0,0.0,0,,619.0,Deserto absoluto,False
4202305,420230,Biguaçu - SC,SC,Santa Catarina,8134,4067.0,1,1,700,2460,2009,250,885,965,35,64,31,14,2,0,1850,2,1852,926.0,0.2274,0.2277,5069,0.8173,3141.0,Deserto funcional,True
4202404,420240,Blumenau - SC,SC,Santa Catarina,41137,20568.5,12,12,2970,5415,7136,7498,5649,5416,1722,2073,2607,3153,3360,3383,11065,6743,17808,8904.0,0.269,0.4329,60828,0.8536,11664.5,Intermediario,True
4202438,420243,Bocaina do Sul - SC,SC,Santa Catarina,434,217.0,0,0,0,0,0,0,0,0,0,0,0,0,0,0,0,0,0,0.0,0.0,0.0,0,,217.0,Deserto absoluto,False
4202453,420245,Bombinhas - SC,SC,Santa Catarina,2782,1391.0,0,0,0,0,0,0,0,0,0,0,0,0,0,0,0,0,0,0.0,0.0,0.0,0,,1391.0,Deserto absoluto,False
4202503,420250,Bom Jardim da Serra - SC,SC,Santa Catarina,495,247.5,0,0,0,0,0,0,0,0,0,0,0,0,0,0,0,0,0,0.0,0.0,0.0,0,,247.5,Deserto absoluto,False
4202537,420253,Bom Jesus - SC,SC,Santa Catarina,324,162.0,0,0,0,0,0,0,0,0,0,0,0,0,0,0,0,0,0,0.0,0.0,0.0,0,,162.0,Deserto absoluto,False
4202578,420257,Bom Jesus do Oeste - SC,SC,Santa Catarina,277,138.5,0,0,0,0,0,0,0,0,0,0,0,0,0,0,0,0,0,0.0,0.0,0.0,0,,138.5,Deserto absoluto,False
4202602,420260,Bom Retiro - SC,SC,Santa Catarina,940,470.0,0,0,0,0,0,0,0,0,0,0,0,0,0,0,0,0,0,0.0,0.0,0.0,0,,470.0,Deserto absoluto,False
4202701,420270,Botuverá - SC,SC,Santa Catarina,622,311.0,0,0,0,0,0,0,0,0,0,0,0,0,0,0,0,0,0,0.0,0.0,0.0,0,,311.0,Deserto absoluto,False
4202800,420280,Braço do Norte - SC,SC,Santa Catarina,3546,1773.0,4,4,1079,2709,2968,3887,3854,3537,85,162,168,175,229,155,7391,384,7775,3887.5,2.0843,2.1926,20276,0.8083,-2114.5,Adequado,False
4202859,420285,Braço do Trombudo - SC,SC,Santa Catarina,464,232.0,0,0,0,0,0,0,0,0,0,0,0,0,0,0,0,0,0,0.0,0.0,0.0,0,,232.0,Deserto absoluto,False
4202875,420287,Brunópolis - SC,SC,Santa Catarina,325,162.5,0,0,0,0,0,0,0,0,0,0,0,0,0,0,0,0,0,0.0,0.0,0.0,0,,162.5,Deserto absoluto,False
4202909,420290,Brusque - SC,SC,Santa Catarina,14498,7249.0,5,5,2027,2641,2971,3480,1132,762,136,151,106,47,11,13,1894,24,1918,959.0,0.1306,0.1323,25345,0.9622,6290.0,Deserto funcional,True
4203006,420300,Caçador - SC,SC,Santa Catarina,7816,3908.0,3,3,0,341,1040,1437,1289,1639,0,3,17,23,0,34,2928,34,2962,1481.0,0.3746,0.379,15207,0.9026,2427.0,Intermediario,True
4203105,420310,Caibi - SC,SC,Santa Catarina,825,412.5,0,0,0,0,0,0,0,0,0,0,0,0,0,0,0,0,0,0.0,0.0,0.0,0,,412.5,Deserto absoluto,False
4203154,420315,Calmon - SC,SC,Santa Catarina,311,155.5,0,0,0,0,0,0,0,0,0,0,0,0,0,0,0,0,0,0.0,0.0,0.0,0,,155.5,Deserto absoluto,False
4203204,420320,Camboriú - SC,SC,Santa Catarina,9065,4532.5,0,0,0,0,0,0,0,0,0,0,0,0,0,0,0,0,0,0.0,0.0,0.0,0,,4532.5,Deserto absoluto,False
4203253,420325,Capão Alto - SC,SC,Santa Catarina,357,178.5,0,0,0,0,0,0,0,0,0,0,0,0,0,0,0,0,0,0.0,0.0,0.0,0,,178.5,Deserto absoluto,False
4203303,420330,Campo Alegre - SC,SC,Santa Catarina,1467,733.5,0,0,0,0,0,0,0,0,0,0,0,0,0,0,0,0,0,0.0,0.0,0.0,0,,733.5,Deserto absoluto,False
4203402,420340,Campo Belo do Sul - SC,SC,Santa Catarina,879,439.5,0,0,0,0,0,0,0,0,0,0,0,0,0,0,0,0,0,0.0,0.0,0.0,0,,439.5,Deserto absoluto,False
4203501,420350,Campo Erê - SC,SC,Santa Catarina,1000,500.0,0,0,0,0,0,0,0,0,0,0,0,0,0,0,0,0,0,0.0,0.0,0.0,0,,500.0,Deserto absoluto,False
4203600,420360,Campos Novos - SC,SC,Santa Catarina,4069,2034.5,2,2,625,797,979,1699,1172,1920,49,74,61,35,13,43,3092,56,3148,1574.0,0.7599,0.7737,10138,0.8447,460.5,Adequado,True
4203709,420370,Canelinha - SC,SC,Santa Catarina,1338,669.0,0,0,0,0,0,0,0,0,0,0,0,0,0,0,0,0,0,0.0,0.0,0.0,0,,669.0,Deserto absoluto,False
4203808,420380,Canoinhas - SC,SC,Santa Catarina,6251,3125.5,3,3,539,854,1087,1519,1260,0,56,57,71,47,54,0,1260,54,1314,657.0,0.2016,0.2102,15207,0.9568,2468.5,Deserto funcional,True
4203907,420390,Capinzal - SC,SC,Santa Catarina,2449,1224.5,1,1,572,1060,998,961,883,685,10,6,0,0,0,2,1568,2,1570,785.0,0.6403,0.6411,5069,0.8451,439.5,Intermediario,True
4203956,420395,Capivari de Baixo - SC,SC,Santa Catarina,2958,1479.0,0,0,0,0,0,0,0,0,0,0,0,0,0,0,0,0,0,0.0,0.0,0.0,0,,1479.0,Deserto absoluto,False
4204004,420400,Catanduvas - SC,SC,Santa Catarina,1120,560.0,0,0,0,0,0,0,0,0,0,0,0,0,0,0,0,0,0,0.0,0.0,0.0,0,,560.0,Deserto absoluto,False
4204103,420410,Caxambu do Sul - SC,SC,Santa Catarina,636,318.0,0,0,0,0,0,0,0,0,0,0,0,0,0,0,0,0,0,0.0,0.0,0.0,0,,318.0,Deserto absoluto,False
4204152,420415,Celso Ramos - SC,SC,Santa Catarina,371,185.5,0,0,0,0,0,0,0,0,0,0,0,0,0,0,0,0,0,0.0,0.0,0.0,0,,185.5,Deserto absoluto,False
4204178,420417,Cerro Negro - SC,SC,Santa Catarina,384,192.0,0,0,0,0,0,0,0,0,0,0,0,0,0,0,0,0,0,0.0,0.0,0.0,0,,192.0,Deserto absoluto,False
4204194,420419,Chapadão do Lageado - SC,SC,Santa Catarina,356,178.0,0,0,0,0,0,0,0,0,0,0,0,0,0,0,0,0,0,0.0,0.0,0.0,0,,178.0,Deserto absoluto,False
4204202,420420,Chapecó - SC,SC,Santa Catarina,23748,11874.0,12,11,7107,11056,14005,14003,13523,15216,997,1257,1247,1237,1504,1605,28739,3109,31848,15924.0,1.2102,1.3411,55759,0.7144,-4050.0,Adequado,False
4204251,420425,Cocal do Sul - SC,SC,Santa Catarina,2165,1082.5,0,0,0,0,0,0,0,0,0,0,0,0,0,0,0,0,0,0.0,0.0,0.0,0,,1082.5,Deserto absoluto,False
4204301,420430,Concórdia - SC,SC,Santa Catarina,9432,4716.0,4,4,2247,3736,3809,3668,3689,3822,88,236,212,190,231,354,7511,585,8096,4048.0,0.7963,0.8584,20276,0.8004,668.0,Adequado,True
4204350,420435,Cordilheira Alta - SC,SC,Santa Catarina,561,280.5,0,0,0,0,0,0,0,0,0,0,0,0,0,0,0,0,0,0.0,0.0,0.0,0,,280.5,Deserto absoluto,False
4204400,420440,Coronel Freitas - SC,SC,Santa Catarina,1301,650.5,0,0,0,0,0,0,0,0,0,0,0,0,0,0,0,0,0,0.0,0.0,0.0,0,,650.5,Deserto absoluto,False
4204459,420445,Coronel Martins - SC,SC,Santa Catarina,279,139.5,0,0,0,0,0,0,0,0,0,0,0,0,0,0,0,0,0,0.0,0.0,0.0,0,,139.5,Deserto absoluto,False
4204509,420450,Corupá - SC,SC,Santa Catarina,1674,837.0,0,0,0,0,0,0,0,0,0,0,0,0,0,0,0,0,0,0.0,0.0,0.0,0,,837.0,Deserto absoluto,False
4204558,420455,Correia Pinto - SC,SC,Santa Catarina,1764,882.0,0,0,0,0,0,0,0,0,0,0,0,0,0,0,0,0,0,0.0,0.0,0.0,0,,882.0,Deserto absoluto,False
4204608,420460,Criciúma - SC,SC,Santa Catarina,25579,12789.5,14,14,7889,7673,9124,11292,8011,10906,1675,1706,1814,1728,2461,2361,18917,4822,23739,11869.5,0.7396,0.9281,70966,0.8327,920.0,Adequado,True
4204707,420470,Cunha Porã - SC,SC,Santa Catarina,1481,740.5,0,0,0,0,0,0,0,0,0,0,0,0,0,0,0,0,0,0.0,0.0,0.0,0,,740.5,Deserto absoluto,False
4204756,420475,Cunhataí - SC,SC,Santa Catarina,276,138.0,0,0,0,0,0,0,0,0,0,0,0,0,0,0,0,0,0,0.0,0.0,0.0,0,,138.0,Deserto absoluto,False
4204806,420480,Curitibanos - SC,SC,Santa Catarina,4344,2172.0,2,2,1153,1752,1921,1884,2029,1581,8,8,0,1,2,0,3610,2,3612,1806.0,0.831,0.8315,10138,0.8219,366.0,Adequado,True
4204905,420490,Descanso - SC,SC,Santa Catarina,1203,601.5,0,0,0,0,0,0,0,0,0,0,0,0,0,0,0,0,0,0.0,0.0,0.0,0,,601.5,Deserto absoluto,False
4205001,420500,Dionísio Cerqueira - SC,SC,Santa Catarina,1659,829.5,1,1,0,0,0,0,0,0,0,0,0,0,0,0,0,0,0,0.0,0.0,0.0,5069,1.0,829.5,Deserto funcional,True
4205100,420510,Dona Emma - SC,SC,Santa Catarina,436,218.0,0,0,0,0,0,0,0,0,0,0,0,0,0,0,0,0,0,0.0,0.0,0.0,0,,218.0,Deserto absoluto,False
4205159,420515,Doutor Pedrinho - SC,SC,Santa Catarina,496,248.0,0,0,0,0,0,0,0,0,0,0,0,0,0,0,0,0,0,0.0,0.0,0.0,0,,248.0,Deserto absoluto,False
4205175,420517,Entre Rios - SC,SC,Santa Catarina,318,159.0,0,0,0,0,0,0,0,0,0,0,0,0,0,0,0,0,0,0.0,0.0,0.0,0,,159.0,Deserto absoluto,False
4205191,420519,Ermo - SC,SC,Santa Catarina,274,137.0,0,0,0,0,0,0,0,0,0,0,0,0,0,0,0,0,0,0.0,0.0,0.0,0,,137.0,Deserto absoluto,False
4205209,420520,Erval Velho - SC,SC,Santa Catarina,619,309.5,0,0,0,0,0,0,0,0,0,0,0,0,0,0,0,0,0,0.0,0.0,0.0,0,,309.5,Deserto absoluto,False
4205308,420530,Faxinal dos Guedes - SC,SC,Santa Catarina,1301,650.5,0,0,0,0,0,0,0,0,0,0,0,0,0,0,0,0,0,0.0,0.0,0.0,0,,650.5,Deserto absoluto,False
4205357,420535,Flor do Sertão - SC,SC,Santa Catarina,219,109.5,0,0,0,0,0,0,0,0,0,0,0,0,0,0,0,0,0,0.0,0.0,0.0,0,,109.5,Deserto absoluto,False
4205407,420540,Florianópolis - SC,SC,Santa Catarina,63628,31814.0,22,22,3689,8655,12664,9400,10834,12172,234,937,1874,1979,1550,2402,23006,3952,26958,13479.0,0.3616,0.4237,111518,0.8791,18335.0,Intermediario,True
4205431,420543,Formosa do Sul - SC,SC,Santa Catarina,339,169.5,0,0,0,0,0,0,0,0,0,0,0,0,0,0,0,0,0,0.0,0.0,0.0,0,,169.5,Deserto absoluto,False
4205456,420545,Forquilhinha - SC,SC,Santa Catarina,2933,1466.5,2,2,329,269,1237,812,1327,395,0,20,32,25,37,3,1722,40,1762,881.0,0.5871,0.6008,10138,0.9131,585.5,Intermediario,True
4205506,420550,Fraiburgo - SC,SC,Santa Catarina,3819,1909.5,1,1,688,852,813,1012,914,1159,32,11,8,6,6,8,2073,14,2087,1043.5,0.5428,0.5465,5069,0.7941,866.0,Intermediario,True
4205555,420555,Frei Rogério - SC,SC,Santa Catarina,301,150.5,0,0,0,0,0,0,0,0,0,0,0,0,0,0,0,0,0,0.0,0.0,0.0,0,,150.5,Deserto absoluto,False
4205605,420560,Galvão - SC,SC,Santa Catarina,434,217.0,0,0,0,0,0,0,0,0,0,0,0,0,0,0,0,0,0,0.0,0.0,0.0,0,,217.0,Deserto absoluto,False
4205704,420570,Garopaba - SC,SC,Santa Catarina,3588,1794.0,1,1,0,0,0,0,0,0,0,0,0,0,0,0,0,0,0,0.0,0.0,0.0,5069,1.0,1794.0,Deserto funcional,True
4205803,420580,Garuva - SC,SC,Santa Catarina,1772,886.0,2,2,0,0,0,0,0,179,0,0,0,0,0,14,179,14,193,96.5,0.101,0.1089,10138,0.9905,789.5,Deserto funcional,True
4205902,420590,Gaspar - SC,SC,Santa Catarina,7950,3975.0,2,2,333,678,454,2208,2299,2293,4,17,9,8,16,12,4592,28,4620,2310.0,0.5776,0.5811,10138,0.7721,1665.0,Intermediario,True
4206009,420600,Governador Celso Ramos - SC,SC,Santa Catarina,2161,1080.5,0,0,0,0,0,0,0,0,0,0,0,0,0,0,0,0,0,0.0,0.0,0.0,0,,1080.5,Deserto absoluto,False
4206108,420610,Grão-Pará - SC,SC,Santa Catarina,744,372.0,0,0,0,0,0,0,0,0,0,0,0,0,0,0,0,0,0,0.0,0.0,0.0,0,,372.0,Deserto absoluto,False
4206207,420620,Gravatal - SC,SC,Santa Catarina,1568,784.0,0,0,0,0,0,0,0,0,0,0,0,0,0,0,0,0,0,0.0,0.0,0.0,0,,784.0,Deserto absoluto,False
4206306,420630,Guabiruba - SC,SC,Santa Catarina,2538,1269.0,0,0,0,0,0,0,0,0,0,0,0,0,0,0,0,0,0,0.0,0.0,0.0,0,,1269.0,Deserto absoluto,False
4206405,420640,Guaraciaba - SC,SC,Santa Catarina,1467,733.5,0,0,0,0,0,0,0,0,0,0,0,0,0,0,0,0,0,0.0,0.0,0.0,0,,733.5,Deserto absoluto,False
4206504,420650,Guaramirim - SC,SC,Santa Catarina,4209,2104.5,0,0,0,0,0,0,0,0,0,0,0,0,0,0,0,0,0,0.0,0.0,0.0,0,,2104.5,Deserto absoluto,False
4206603,420660,Guarujá do Sul - SC,SC,Santa Catarina,689,344.5,0,0,0,0,0,0,0,0,0,0,0,0,0,0,0,0,0,0.0,0.0,0.0,0,,344.5,Deserto absoluto,False
4206652,420665,Guatambú - SC,SC,Santa Catarina,786,393.0,0,0,0,0,0,0,0,0,0,0,0,0,0,0,0,0,0,0.0,0.0,0.0,0,,393.0,Deserto absoluto,False
4206702,420670,Herval d'Oeste - SC,SC,Santa Catarina,2678,1339.0,0,0,0,0,0,0,0,0,0,0,0,0,0,0,0,0,0,0.0,0.0,0.0,0,,1339.0,Deserto absoluto,False
4206751,420675,Ibiam - SC,SC,Santa Catarina,256,128.0,0,0,0,0,0,0,0,0,0,0,0,0,0,0,0,0,0,0.0,0.0,0.0,0,,128.0,Deserto absoluto,False
4206801,420680,Ibicaré - SC,SC,Santa Catarina,442,221.0,0,0,0,0,0,0,0,0,0,0,0,0,0,0,0,0,0,0.0,0.0,0.0,0,,221.0,Deserto absoluto,False
4206900,420690,Ibirama - SC,SC,Santa Catarina,2122,1061.0,0,0,0,0,0,0,0,0,0,0,0,0,0,0,0,0,0,0.0,0.0,0.0,0,,1061.0,Deserto absoluto,False
4207007,420700,Içara - SC,SC,Santa Catarina,6795,3397.5,2,2,0,0,106,1622,1843,1236,0,0,0,5,56,11,3079,67,3146,1573.0,0.4531,0.463,10138,0.8448,1824.5,Intermediario,True
4207106,420710,Ilhota - SC,SC,Santa Catarina,1698,849.0,1,1,0,0,0,0,0,0,0,0,0,0,0,0,0,0,0,0.0,0.0,0.0,5069,1.0,849.0,Deserto funcional,True
4207205,420720,Imaruí - SC,SC,Santa Catarina,1713,856.5,0,0,0,0,0,0,0,0,0,0,0,0,0,0,0,0,0,0.0,0.0,0.0,0,,856.5,Deserto absoluto,False
4207304,420730,Imbituba - SC,SC,Santa Catarina,6621,3310.5,5,5,1069,1258,2078,1741,3137,3256,22,16,18,8,10,12,6393,22,6415,3207.5,0.9656,0.9689,25345,0.8734,103.0,Adequado,True
4207403,420740,Imbuia - SC,SC,Santa Catarina,705,352.5,0,0,0,0,0,0,0,0,0,0,0,0,0,0,0,0,0,0.0,0.0,0.0,0,,352.5,Deserto absoluto,False
4207502,420750,Indaial - SC,SC,Santa Catarina,7175,3587.5,3,3,570,41,0,0,0,1733,63,15,0,0,0,119,1733,119,1852,926.0,0.2415,0.2581,15207,0.9391,2661.5,Deserto funcional,True
4207577,420757,Iomerê - SC,SC,Santa Catarina,376,188.0,0,0,0,0,0,0,0,0,0,0,0,0,0,0,0,0,0,0.0,0.0,0.0,0,,188.0,Deserto absoluto,False
4207601,420760,Ipira - SC,SC,Santa Catarina,620,310.0,0,0,0,0,0,0,0,0,0,0,0,0,0,0,0,0,0,0.0,0.0,0.0,0,,310.0,Deserto absoluto,False
4207650,420765,Iporã do Oeste - SC,SC,Santa Catarina,1203,601.5,0,0,0,0,0,0,0,0,0,0,0,0,0,0,0,0,0,0.0,0.0,0.0,0,,601.5,Deserto absoluto,False
4207684,420768,Ipuaçu - SC,SC,Santa Catarina,658,329.0,0,0,0,0,0,0,0,0,0,0,0,0,0,0,0,0,0,0.0,0.0,0.0,0,,329.0,Deserto absoluto,False
4207700,420770,Ipumirim - SC,SC,Santa Catarina,919,459.5,0,0,0,0,0,0,0,0,0,0,0,0,0,0,0,0,0,0.0,0.0,0.0,0,,459.5,Deserto absoluto,False
4207759,420775,Iraceminha - SC,SC,Santa Catarina,534,267.0,0,0,0,0,0,0,0,0,0,0,0,0,0,0,0,0,0,0.0,0.0,0.0,0,,267.0,Deserto absoluto,False
4207809,420780,Irani - SC,SC,Santa Catarina,1125,562.5,0,0,0,0,0,0,0,0,0,0,0,0,0,0,0,0,0,0.0,0.0,0.0,0,,562.5,Deserto absoluto,False
4207858,420785,Irati - SC,SC,Santa Catarina,280,140.0,0,0,0,0,0,0,0,0,0,0,0,0,0,0,0,0,0,0.0,0.0,0.0,0,,140.0,Deserto absoluto,False
4207908,420790,Irineópolis - SC,SC,Santa Catarina,1078,539.0,0,0,0,0,0,0,0,0,0,0,0,0,0,0,0,0,0,0.0,0.0,0.0,0,,539.0,Deserto absoluto,False
4208005,420800,Itá - SC,SC,Santa Catarina,884,442.0,0,0,0,0,0,0,0,0,0,0,0,0,0,0,0,0,0,0.0,0.0,0.0,0,,442.0,Deserto absoluto,False
4208104,420810,Itaiópolis - SC,SC,Santa Catarina,2225,1112.5,0,0,0,0,0,0,0,0,0,0,0,0,0,0,0,0,0,0.0,0.0,0.0,0,,1112.5,Deserto absoluto,False
4208203,420820,Itajaí - SC,SC,Santa Catarina,25224,12612.0,16,16,5874,8926,6873,5750,5528,1464,904,1121,720,19,5,2279,6992,2284,9276,4638.0,0.2772,0.3677,81104,0.9428,7974.0,Intermediario,True
4208302,420830,Itapema - SC,SC,Santa Catarina,8388,4194.0,6,6,832,2098,1861,1809,1681,1764,10,19,18,18,35,29,3445,64,3509,1754.5,0.4107,0.4183,30414,0.9423,2439.5,Intermediario,True
4208401,420840,Itapiranga - SC,SC,Santa Catarina,1885,942.5,0,0,0,0,0,0,0,0,0,0,0,0,0,0,0,0,0,0.0,0.0,0.0,0,,942.5,Deserto absoluto,False
4208450,420845,Itapoá - SC,SC,Santa Catarina,4125,2062.5,0,0,0,0,0,0,0,0,0,0,0,0,0,0,0,0,0,0.0,0.0,0.0,0,,2062.5,Deserto absoluto,False
4208500,420850,Ituporanga - SC,SC,Santa Catarina,2848,1424.0,2,2,260,1,162,359,1362,1196,33,0,2,23,82,37,2558,119,2677,1338.5,0.8982,0.94,10138,0.868,85.5,Adequado,True
4208609,420860,Jaborá - SC,SC,Santa Catarina,569,284.5,0,0,0,0,0,0,0,0,0,0,0,0,0,0,0,0,0,0.0,0.0,0.0,0,,284.5,Deserto absoluto,False
4208708,420870,Jacinto Machado - SC,SC,Santa Catarina,1323,661.5,0,0,0,0,0,0,0,0,0,0,0,0,0,0,0,0,0,0.0,0.0,0.0,0,,661.5,Deserto absoluto,False
4208807,420880,Jaguaruna - SC,SC,Santa Catarina,2834,1417.0,1,1,0,0,0,0,0,0,0,0,0,0,0,0,0,0,0,0.0,0.0,0.0,5069,1.0,1417.0,Deserto funcional,True
4208906,420890,Jaraguá do Sul - SC,SC,Santa Catarina,18766,9383.0,5,5,2896,3570,5398,6258,5311,4081,1022,1145,1607,1572,1914,1694,9392,3608,13000,6500.0,0.5005,0.6927,25345,0.7435,2883.0,Intermediario,True
4208955,420895,Jardinópolis - SC,SC,Santa Catarina,248,124.0,0,0,0,0,0,0,0,0,0,0,0,0,0,0,0,0,0,0.0,0.0,0.0,0,,124.0,Deserto absoluto,False
4209003,420900,Joaçaba - SC,SC,Santa Catarina,3718,1859.0,5,5,632,1313,1323,1668,1788,2032,825,1217,1135,584,711,505,3820,1216,5036,2518.0,1.0274,1.3545,25345,0.9007,-659.0,Adequado,False
4209102,420910,Joinville - SC,SC,Santa Catarina,66576,33288.0,17,17,8420,9443,6685,7588,2403,4375,1345,1404,693,133,205,113,6778,318,7096,3548.0,0.1018,0.1066,86173,0.9588,29740.0,Deserto funcional,True
4209151,420915,José Boiteux - SC,SC,Santa Catarina,568,284.0,0,0,0,0,0,0,0,0,0,0,0,0,0,0,0,0,0,0.0,0.0,0.0,0,,284.0,Deserto absoluto,False
4209177,420917,Jupiá - SC,SC,Santa Catarina,304,152.0,0,0,0,0,0,0,0,0,0,0,0,0,0,0,0,0,0,0.0,0.0,0.0,0,,152.0,Deserto absoluto,False
4209201,420920,Lacerdópolis - SC,SC,Santa Catarina,302,151.0,0,0,0,0,0,0,0,0,0,0,0,0,0,0,0,0,0,0.0,0.0,0.0,0,,151.0,Deserto absoluto,False
4209300,420930,Lages - SC,SC,Santa Catarina,19563,9781.5,11,11,1055,2146,5664,8885,6989,6964,361,741,880,963,1038,960,13953,1998,15951,7975.5,0.7132,0.8154,55759,0.857,1806.0,Adequado,True
4209409,420940,Laguna - SC,SC,Santa Catarina,5937,2968.5,2,2,552,1020,764,1472,1457,1934,9,11,15,11,15,23,3391,38,3429,1714.5,0.5712,0.5776,10138,0.8309,1254.0,Intermediario,True
4209458,420945,Lajeado Grande - SC,SC,Santa Catarina,225,112.5,0,0,0,0,0,0,0,0,0,0,0,0,0,0,0,0,0,0.0,0.0,0.0,0,,112.5,Deserto absoluto,False
4209508,420950,Laurentino - SC,SC,Santa Catarina,925,462.5,0,0,0,0,0,0,0,0,0,0,0,0,0,0,0,0,0,0.0,0.0,0.0,0,,462.5,Deserto absoluto,False
4209607,420960,Lauro Müller - SC,SC,Santa Catarina,1761,880.5,0,0,0,0,0,0,0,0,0,0,0,0,0,0,0,0,0,0.0,0.0,0.0,0,,880.5,Deserto absoluto,False
4209706,420970,Lebon Régis - SC,SC,Santa Catarina,1145,572.5,0,0,0,0,0,0,0,0,0,0,0,0,0,0,0,0,0,0.0,0.0,0.0,0,,572.5,Deserto absoluto,False
4209805,420980,Leoberto Leal - SC,SC,Santa Catarina,417,208.5,0,0,0,0,0,0,0,0,0,0,0,0,0,0,0,0,0,0.0,0.0,0.0,0,,208.5,Deserto absoluto,False
4209854,420985,Lindóia do Sul - SC,SC,Santa Catarina,596,298.0,0,0,0,0,0,0,0,0,0,0,0,0,0,0,0,0,0,0.0,0.0,0.0,0,,298.0,Deserto absoluto,False
4209904,420990,Lontras - SC,SC,Santa Catarina,1329,664.5,0,0,0,0,0,0,0,0,0,0,0,0,0,0,0,0,0,0.0,0.0,0.0,0,,664.5,Deserto absoluto,False
4210001,421000,Luiz Alves - SC,SC,Santa Catarina,1107,553.5,0,0,0,0,0,0,0,0,0,0,0,0,0,0,0,0,0,0.0,0.0,0.0,0,,553.5,Deserto absoluto,False
4210035,421003,Luzerna - SC,SC,Santa Catarina,787,393.5,0,0,0,0,0,0,0,0,0,0,0,0,0,0,0,0,0,0.0,0.0,0.0,0,,393.5,Deserto absoluto,False
4210050,421005,Macieira - SC,SC,Santa Catarina,212,106.0,0,0,0,0,0,0,0,0,0,0,0,0,0,0,0,0,0,0.0,0.0,0.0,0,,106.0,Deserto absoluto,False
4210100,421010,Mafra - SC,SC,Santa Catarina,6470,3235.0,0,0,0,0,0,0,0,0,0,0,0,0,0,0,0,0,0,0.0,0.0,0.0,0,,3235.0,Deserto absoluto,False
4210209,421020,Major Gercino - SC,SC,Santa Catarina,400,200.0,0,0,0,0,0,0,0,0,0,0,0,0,0,0,0,0,0,0.0,0.0,0.0,0,,200.0,Deserto absoluto,False
4210308,421030,Major Vieira - SC,SC,Santa Catarina,846,423.0,0,0,0,0,0,0,0,0,0,0,0,0,0,0,0,0,0,0.0,0.0,0.0,0,,423.0,Deserto absoluto,False
4210407,421040,Maracajá - SC,SC,Santa Catarina,856,428.0,0,0,0,0,0,0,0,0,0,0,0,0,0,0,0,0,0,0.0,0.0,0.0,0,,428.0,Deserto absoluto,False
4210506,421050,Maravilha - SC,SC,Santa Catarina,3111,1555.5,1,1,135,154,116,105,138,30,0,2,0,0,0,0,168,0,168,84.0,0.054,0.054,5069,0.9834,1471.5,Deserto funcional,True
4210555,421055,Marema - SC,SC,Santa Catarina,302,151.0,0,0,0,0,0,0,0,0,0,0,0,0,0,0,0,0,0,0.0,0.0,0.0,0,,151.0,Deserto absoluto,False
4210605,421060,Massaranduba - SC,SC,Santa Catarina,1929,964.5,0,0,0,0,0,0,0,0,0,0,0,0,0,0,0,0,0,0.0,0.0,0.0,0,,964.5,Deserto absoluto,False
4210704,421070,Matos Costa - SC,SC,Santa Catarina,304,152.0,0,0,0,0,0,0,0,0,0,0,0,0,0,0,0,0,0,0.0,0.0,0.0,0,,152.0,Deserto absoluto,False
4210803,421080,Meleiro - SC,SC,Santa Catarina,922,461.0,0,0,0,0,0,0,0,0,0,0,0,0,0,0,0,0,0,0.0,0.0,0.0,0,,461.0,Deserto absoluto,False
4210852,421085,Mirim Doce - SC,SC,Santa Catarina,289,144.5,0,0,0,0,0,0,0,0,0,0,0,0,0,0,0,0,0,0.0,0.0,0.0,0,,144.5,Deserto absoluto,False
4210902,421090,Modelo - SC,SC,Santa Catarina,499,249.5,0,0,0,0,0,0,0,0,0,0,0,0,0,0,0,0,0,0.0,0.0,0.0,0,,249.5,Deserto absoluto,False
4211009,421100,Mondaí - SC,SC,Santa Catarina,1230,615.0,1,1,0,0,0,0,0,0,0,0,0,0,0,0,0,0,0,0.0,0.0,0.0,5069,1.0,615.0,Deserto funcional,True
4211058,421105,Monte Carlo - SC,SC,Santa Catarina,888,444.0,0,0,0,0,0,0,0,0,0,0,0,0,0,0,0,0,0,0.0,0.0,0.0,0,,444.0,Deserto absoluto,False
4211108,421110,Monte Castelo - SC,SC,Santa Catarina,836,418.0,0,0,0,0,0,0,0,0,0,0,0,0,0,0,0,0,0,0.0,0.0,0.0,0,,418.0,Deserto absoluto,False
4211207,421120,Morro da Fumaça - SC,SC,Santa Catarina,2017,1008.5,0,0,0,0,0,0,0,0,0,0,0,0,0,0,0,0,0,0.0,0.0,0.0,0,,1008.5,Deserto absoluto,False
4211256,421125,Morro Grande - SC,SC,Santa Catarina,389,194.5,0,0,0,0,0,0,0,0,0,0,0,0,0,0,0,0,0,0.0,0.0,0.0,0,,194.5,Deserto absoluto,False
4211306,421130,Navegantes - SC,SC,Santa Catarina,8794,4397.0,3,3,0,0,0,0,0,0,0,0,0,0,0,0,0,0,0,0.0,0.0,0.0,15207,1.0,4397.0,Deserto funcional,True
4211405,421140,Nova Erechim - SC,SC,Santa Catarina,589,294.5,0,0,0,0,0,0,0,0,0,0,0,0,0,0,0,0,0,0.0,0.0,0.0,0,,294.5,Deserto absoluto,False
4211454,421145,Nova Itaberaba - SC,SC,Santa Catarina,576,288.0,0,0,0,0,0,0,0,0,0,0,0,0,0,0,0,0,0,0.0,0.0,0.0,0,,288.0,Deserto absoluto,False
4211504,421150,Nova Trento - SC,SC,Santa Catarina,1695,847.5,2,2,453,570,93,0,0,0,11,17,2,0,0,0,0,0,0,0.0,0.0,0.0,10138,1.0,847.5,Deserto funcional,True
4211603,421160,Nova Veneza - SC,SC,Santa Catarina,1720,860.0,0,0,0,0,0,0,0,0,0,0,0,0,0,0,0,0,0,0.0,0.0,0.0,0,,860.0,Deserto absoluto,False
4211652,421165,Novo Horizonte - SC,SC,Santa Catarina,368,184.0,0,0,0,0,0,0,0,0,0,0,0,0,0,0,0,0,0,0.0,0.0,0.0,0,,184.0,Deserto absoluto,False
4211702,421170,Orleans - SC,SC,Santa Catarina,2755,1377.5,1,1,339,329,539,718,348,0,29,16,18,13,12,0,348,12,360,180.0,0.1263,0.1307,5069,0.9645,1197.5,Deserto funcional,True
4211751,421175,Otacílio Costa - SC,SC,Santa Catarina,1841,920.5,0,0,0,0,0,0,0,0,0,0,0,0,0,0,0,0,0,0.0,0.0,0.0,0,,920.5,Deserto absoluto,False
4211801,421180,Ouro - SC,SC,Santa Catarina,941,470.5,0,0,0,0,0,0,0,0,0,0,0,0,0,0,0,0,0,0.0,0.0,0.0,0,,470.5,Deserto absoluto,False
4211850,421185,Ouro Verde - SC,SC,Santa Catarina,269,134.5,0,0,0,0,0,0,0,0,0,0,0,0,0,0,0,0,0,0.0,0.0,0.0,0,,134.5,Deserto absoluto,False
4211876,421187,Paial - SC,SC,Santa Catarina,244,122.0,0,0,0,0,0,0,0,0,0,0,0,0,0,0,0,0,0,0.0,0.0,0.0,0,,122.0,Deserto absoluto,False
4211892,421189,Painel - SC,SC,Santa Catarina,282,141.0,0,0,0,0,0,0,0,0,0,0,0,0,0,0,0,0,0,0.0,0.0,0.0,0,,141.0,Deserto absoluto,False
4211900,421190,Palhoça - SC,SC,Santa Catarina,21859,10929.5,6,6,2383,3453,3621,4782,4330,4619,80,92,23,187,177,167,8949,344,9293,4646.5,0.4094,0.4251,30414,0.8472,6283.0,Intermediario,True
4212007,421200,Palma Sola - SC,SC,Santa Catarina,870,435.0,0,0,0,0,0,0,0,0,0,0,0,0,0,0,0,0,0,0.0,0.0,0.0,0,,435.0,Deserto absoluto,False
4212056,421205,Palmeira - SC,SC,Santa Catarina,321,160.5,0,0,0,0,0,0,0,0,0,0,0,0,0,0,0,0,0,0.0,0.0,0.0,0,,160.5,Deserto absoluto,False
4212106,421210,Palmitos - SC,SC,Santa Catarina,2048,1024.0,1,1,816,1088,1655,1363,942,1551,31,38,22,6,5,29,2493,34,2527,1263.5,1.2173,1.2339,5069,0.7507,-239.5,Adequado,False
4212205,421220,Papanduva - SC,SC,Santa Catarina,2090,1045.0,0,0,0,0,0,0,0,0,0,0,0,0,0,0,0,0,0,0.0,0.0,0.0,0,,1045.0,Deserto absoluto,False
4212239,421223,Paraíso - SC,SC,Santa Catarina,532,266.0,0,0,0,0,0,0,0,0,0,0,0,0,0,0,0,0,0,0.0,0.0,0.0,0,,266.0,Deserto absoluto,False
4212254,421225,Passo de Torres - SC,SC,Santa Catarina,1558,779.0,0,0,0,0,0,0,0,0,0,0,0,0,0,0,0,0,0,0.0,0.0,0.0,0,,779.0,Deserto absoluto,False
4212270,421227,Passos Maia - SC,SC,Santa Catarina,453,226.5,0,0,0,0,0,0,0,0,0,0,0,0,0,0,0,0,0,0.0,0.0,0.0,0,,226.5,Deserto absoluto,False
4212304,421230,Paulo Lopes - SC,SC,Santa Catarina,1093,546.5,0,0,0,0,0,0,0,0,0,0,0,0,0,0,0,0,0,0.0,0.0,0.0,0,,546.5,Deserto absoluto,False
4212403,421240,Pedras Grandes - SC,SC,Santa Catarina,608,304.0,0,0,0,0,0,0,0,0,0,0,0,0,0,0,0,0,0,0.0,0.0,0.0,0,,304.0,Deserto absoluto,False
4212502,421250,Penha - SC,SC,Santa Catarina,4085,2042.5,0,0,0,0,0,0,0,0,0,0,0,0,0,0,0,0,0,0.0,0.0,0.0,0,,2042.5,Deserto absoluto,False
4212601,421260,Peritiba - SC,SC,Santa Catarina,464,232.0,0,0,0,0,0,0,0,0,0,0,0,0,0,0,0,0,0,0.0,0.0,0.0,0,,232.0,Deserto absoluto,False
4212650,421265,Pescaria Brava - SC,SC,Santa Catarina,1314,657.0,0,0,0,0,0,0,0,0,0,0,0,0,0,0,0,0,0,0.0,0.0,0.0,0,,657.0,Deserto absoluto,False
4212700,421270,Petrolândia - SC,SC,Santa Catarina,877,438.5,0,0,0,0,0,0,0,0,0,0,0,0,0,0,0,0,0,0.0,0.0,0.0,0,,438.5,Deserto absoluto,False
4212809,421280,Balneário Piçarras - SC,SC,Santa Catarina,3267,1633.5,2,2,499,1073,648,350,1355,1307,3,7,3,1,7,3,2662,10,2672,1336.0,0.8148,0.8179,10138,0.8682,297.5,Adequado,True
4212908,421290,Pinhalzinho - SC,SC,Santa Catarina,2212,1106.0,2,2,0,0,812,951,1900,2004,0,0,54,17,27,83,3904,110,4014,2007.0,1.7649,1.8146,10138,0.802,-901.0,Adequado,False
4213005,421300,Pinheiro Preto - SC,SC,Santa Catarina,387,193.5,0,0,0,0,0,0,0,0,0,0,0,0,0,0,0,0,0,0.0,0.0,0.0,0,,193.5,Deserto absoluto,False
4213104,421310,Piratuba - SC,SC,Santa Catarina,701,350.5,0,0,0,0,0,0,0,0,0,0,0,0,0,0,0,0,0,0.0,0.0,0.0,0,,350.5,Deserto absoluto,False
4213153,421315,Planalto Alegre - SC,SC,Santa Catarina,394,197.0,0,0,0,0,0,0,0,0,0,0,0,0,0,0,0,0,0,0.0,0.0,0.0,0,,197.0,Deserto absoluto,False
4213203,421320,Pomerode - SC,SC,Santa Catarina,3810,1905.0,1,1,1011,945,3011,2240,2950,2279,35,52,110,81,66,33,5229,99,5328,2664.0,1.3724,1.3984,5069,0.4745,-759.0,Adequado,False
4213302,421330,Ponte Alta - SC,SC,Santa Catarina,547,273.5,0,0,0,0,0,0,0,0,0,0,0,0,0,0,0,0,0,0.0,0.0,0.0,0,,273.5,Deserto absoluto,False
4213351,421335,Ponte Alta do Norte - SC,SC,Santa Catarina,319,159.5,0,0,0,0,0,0,0,0,0,0,0,0,0,0,0,0,0,0.0,0.0,0.0,0,,159.5,Deserto absoluto,False
4213401,421340,Ponte Serrada - SC,SC,Santa Catarina,1205,602.5,0,0,0,0,0,0,0,0,0,0,0,0,0,0,0,0,0,0.0,0.0,0.0,0,,602.5,Deserto absoluto,False
4213500,421350,Porto Belo - SC,SC,Santa Catarina,2878,1439.0,1,1,0,0,0,0,0,0,0,0,0,0,0,0,0,0,0,0.0,0.0,0.0,5069,1.0,1439.0,Deserto funcional,True
4213609,421360,Porto União - SC,SC,Santa Catarina,4031,2015.5,2,2,254,307,386,618,466,653,71,77,30,41,240,814,1119,1054,2173,1086.5,0.2776,0.5391,10138,0.8928,929.0,Intermediario,True
4213708,421370,Pouso Redondo - SC,SC,Santa Catarina,1770,885.0,0,0,0,0,0,0,0,0,0,0,0,0,0,0,0,0,0,0.0,0.0,0.0,0,,885.0,Deserto absoluto,False
4213807,421380,Praia Grande - SC,SC,Santa Catarina,966,483.0,1,1,0,0,0,0,0,0,0,0,0,0,0,0,0,0,0,0.0,0.0,0.0,5069,1.0,483.0,Deserto funcional,True
4213906,421390,Presidente Castello Branco - SC,SC,Santa Catarina,240,120.0,0,0,0,0,0,0,0,0,0,0,0,0,0,0,0,0,0,0.0,0.0,0.0,0,,120.0,Deserto absoluto,False
4214003,421400,Presidente Getúlio - SC,SC,Santa Catarina,2003,1001.5,0,0,0,0,0,0,0,0,0,0,0,0,0,0,0,0,0,0.0,0.0,0.0,0,,1001.5,Deserto absoluto,False
4214102,421410,Presidente Nereu - SC,SC,Santa Catarina,313,156.5,0,0,0,0,0,0,0,0,0,0,0,0,0,0,0,0,0,0.0,0.0,0.0,0,,156.5,Deserto absoluto,False
4214151,421415,Princesa - SC,SC,Santa Catarina,320,160.0,0,0,0,0,0,0,0,0,0,0,0,0,0,0,0,0,0,0.0,0.0,0.0,0,,160.0,Deserto absoluto,False
4214201,421420,Quilombo - SC,SC,Santa Catarina,1332,666.0,2,2,105,241,299,453,319,0,1,5,3,12,7,0,319,7,326,163.0,0.2395,0.2447,10138,0.9839,503.0,Deserto funcional,True
4214300,421430,Rancho Queimado - SC,SC,Santa Catarina,415,207.5,0,0,0,0,0,0,0,0,0,0,0,0,0,0,0,0,0,0.0,0.0,0.0,0,,207.5,Deserto absoluto,False
4214409,421440,Rio das Antas - SC,SC,Santa Catarina,712,356.0,0,0,0,0,0,0,0,0,0,0,0,0,0,0,0,0,0,0.0,0.0,0.0,0,,356.0,Deserto absoluto,False
4214508,421450,Rio do Campo - SC,SC,Santa Catarina,758,379.0,0,0,0,0,0,0,0,0,0,0,0,0,0,0,0,0,0,0.0,0.0,0.0,0,,379.0,Deserto absoluto,False
4214607,421460,Rio do Oeste - SC,SC,Santa Catarina,913,456.5,0,0,0,0,0,0,0,0,0,0,0,0,0,0,0,0,0,0.0,0.0,0.0,0,,456.5,Deserto absoluto,False
4214706,421470,Rio dos Cedros - SC,SC,Santa Catarina,1264,632.0,0,0,0,0,0,0,0,0,0,0,0,0,0,0,0,0,0,0.0,0.0,0.0,0,,632.0,Deserto absoluto,False
4214805,421480,Rio do Sul - SC,SC,Santa Catarina,7960,3980.0,5,5,4211,6506,7454,6061,5808,5500,171,212,233,424,570,603,11308,1173,12481,6240.5,1.4206,1.568,25345,0.7538,-2260.5,Adequado,False
4214904,421490,Rio Fortuna - SC,SC,Santa Catarina,602,301.0,0,0,0,0,0,0,0,0,0,0,0,0,0,0,0,0,0,0.0,0.0,0.0,0,,301.0,Deserto absoluto,False
4215000,421500,Rio Negrinho - SC,SC,Santa Catarina,4463,2231.5,1,1,0,0,0,0,0,933,0,0,0,0,0,18,933,18,951,475.5,0.2091,0.2131,5069,0.9062,1756.0,Deserto funcional,True
4215059,421505,Rio Rufino - SC,SC,Santa Catarina,267,133.5,0,0,0,0,0,0,0,0,0,0,0,0,0,0,0,0,0,0.0,0.0,0.0,0,,133.5,Deserto absoluto,False
4215075,421507,Riqueza - SC,SC,Santa Catarina,583,291.5,0,0,0,0,0,0,0,0,0,0,0,0,0,0,0,0,0,0.0,0.0,0.0,0,,291.5,Deserto absoluto,False
4215109,421510,Rodeio - SC,SC,Santa Catarina,1590,795.0,0,0,0,0,0,0,0,0,0,0,0,0,0,0,0,0,0,0.0,0.0,0.0,0,,795.0,Deserto absoluto,False
4215208,421520,Romelândia - SC,SC,Santa Catarina,708,354.0,0,0,0,0,0,0,0,0,0,0,0,0,0,0,0,0,0,0.0,0.0,0.0,0,,354.0,Deserto absoluto,False
4215307,421530,Salete - SC,SC,Santa Catarina,891,445.5,0,0,0,0,0,0,0,0,0,0,0,0,0,0,0,0,0,0.0,0.0,0.0,0,,445.5,Deserto absoluto,False
4215356,421535,Saltinho - SC,SC,Santa Catarina,442,221.0,0,0,0,0,0,0,0,0,0,0,0,0,0,0,0,0,0,0.0,0.0,0.0,0,,221.0,Deserto absoluto,False
4215406,421540,Salto Veloso - SC,SC,Santa Catarina,523,261.5,0,0,0,0,0,0,0,0,0,0,0,0,0,0,0,0,0,0.0,0.0,0.0,0,,261.5,Deserto absoluto,False
4215455,421545,Sangão - SC,SC,Santa Catarina,1131,565.5,0,0,0,0,0,0,0,0,0,0,0,0,0,0,0,0,0,0.0,0.0,0.0,0,,565.5,Deserto absoluto,False
4215505,421550,Santa Cecília - SC,SC,Santa Catarina,1485,742.5,1,1,0,0,0,0,0,0,0,0,0,0,0,0,0,0,0,0.0,0.0,0.0,5069,1.0,742.5,Deserto funcional,True
4215554,421555,Santa Helena - SC,SC,Santa Catarina,339,169.5,0,0,0,0,0,0,0,0,0,0,0,0,0,0,0,0,0,0.0,0.0,0.0,0,,169.5,Deserto absoluto,False
4215604,421560,Santa Rosa de Lima - SC,SC,Santa Catarina,270,135.0,0,0,0,0,0,0,0,0,0,0,0,0,0,0,0,0,0,0.0,0.0,0.0,0,,135.0,Deserto absoluto,False
4215653,421565,Santa Rosa do Sul - SC,SC,Santa Catarina,1148,574.0,0,0,0,0,0,0,0,0,0,0,0,0,0,0,0,0,0,0.0,0.0,0.0,0,,574.0,Deserto absoluto,False
4215679,421567,Santa Terezinha - SC,SC,Santa Catarina,906,453.0,0,0,0,0,0,0,0,0,0,0,0,0,0,0,0,0,0,0.0,0.0,0.0,0,,453.0,Deserto absoluto,False
4215687,421568,Santa Terezinha do Progresso - SC,SC,Santa Catarina,342,171.0,0,0,0,0,0,0,0,0,0,0,0,0,0,0,0,0,0,0.0,0.0,0.0,0,,171.0,Deserto absoluto,False
4215695,421569,Santiago do Sul - SC,SC,Santa Catarina,211,105.5,0,0,0,0,0,0,0,0,0,0,0,0,0,0,0,0,0,0.0,0.0,0.0,0,,105.5,Deserto absoluto,False
4215703,421570,Santo Amaro da Imperatriz - SC,SC,Santa Catarina,3134,1567.0,1,1,0,0,0,0,0,0,0,0,0,0,0,0,0,0,0,0.0,0.0,0.0,5069,1.0,1567.0,Deserto funcional,True
4215752,421575,São Bernardino - SC,SC,Santa Catarina,332,166.0,0,0,0,0,0,0,0,0,0,0,0,0,0,0,0,0,0,0.0,0.0,0.0,0,,166.0,Deserto absoluto,False
4215802,421580,São Bento do Sul - SC,SC,Santa Catarina,9155,4577.5,5,5,1171,2872,1001,2853,2106,2240,75,96,109,106,56,87,4346,143,4489,2244.5,0.4747,0.4903,25345,0.9114,2333.0,Intermediario,True
4215901,421590,São Bonifácio - SC,SC,Santa Catarina,403,201.5,0,0,0,0,0,0,0,0,0,0,0,0,0,0,0,0,0,0.0,0.0,0.0,0,,201.5,Deserto absoluto,False
4216008,421600,São Carlos - SC,SC,Santa Catarina,1354,677.0,0,0,0,0,0,0,0,0,0,0,0,0,0,0,0,0,0,0.0,0.0,0.0,0,,677.0,Deserto absoluto,False
4216057,421605,São Cristóvão do Sul - SC,SC,Santa Catarina,404,202.0,0,0,0,0,0,0,0,0,0,0,0,0,0,0,0,0,0,0.0,0.0,0.0,0,,202.0,Deserto absoluto,False
4216107,421610,São Domingos - SC,SC,Santa Catarina,1192,596.0,0,0,0,0,0,0,0,0,0,0,0,0,0,0,0,0,0,0.0,0.0,0.0,0,,596.0,Deserto absoluto,False
4216206,421620,São Francisco do Sul - SC,SC,Santa Catarina,6879,3439.5,1,1,530,728,1628,1532,2495,2122,31,49,116,128,98,83,4617,181,4798,2399.0,0.6712,0.6975,5069,0.5267,1040.5,Intermediario,True
4216255,421625,São João do Oeste - SC,SC,Santa Catarina,847,423.5,0,0,0,0,0,0,0,0,0,0,0,0,0,0,0,0,0,0.0,0.0,0.0,0,,423.5,Deserto absoluto,False
4216305,421630,São João Batista - SC,SC,Santa Catarina,3211,1605.5,0,0,0,0,0,0,0,0,0,0,0,0,0,0,0,0,0,0.0,0.0,0.0,0,,1605.5,Deserto absoluto,False
4216354,421635,São João do Itaperiú - SC,SC,Santa Catarina,470,235.0,0,0,0,0,0,0,0,0,0,0,0,0,0,0,0,0,0,0.0,0.0,0.0,0,,235.0,Deserto absoluto,False
4216404,421640,São João do Sul - SC,SC,Santa Catarina,1023,511.5,0,0,0,0,0,0,0,0,0,0,0,0,0,0,0,0,0,0.0,0.0,0.0,0,,511.5,Deserto absoluto,False
4216503,421650,São Joaquim - SC,SC,Santa Catarina,3054,1527.0,1,1,0,0,0,0,0,0,0,0,0,0,0,0,0,0,0,0.0,0.0,0.0,5069,1.0,1527.0,Deserto funcional,True
4216602,421660,São José - SC,SC,Santa Catarina,30330,15165.0,6,6,225,2522,3301,5965,9184,7304,0,98,133,201,103,191,16488,294,16782,8391.0,0.5436,0.5533,30414,0.7241,6774.0,Intermediario,True
4216701,421670,São José do Cedro - SC,SC,Santa Catarina,1810,905.0,1,1,0,0,0,0,0,0,0,0,0,0,0,0,0,0,0,0.0,0.0,0.0,5069,1.0,905.0,Deserto funcional,True
4216800,421680,São José do Cerrito - SC,SC,Santa Catarina,1178,589.0,0,0,0,0,0,0,0,0,0,0,0,0,0,0,0,0,0,0.0,0.0,0.0,0,,589.0,Deserto absoluto,False
4216909,421690,São Lourenço do Oeste - SC,SC,Santa Catarina,2801,1400.5,1,1,714,506,263,558,395,997,28,12,3,5,6,29,1392,35,1427,713.5,0.497,0.5095,5069,0.8592,687.0,Intermediario,True
4217006,421700,São Ludgero - SC,SC,Santa Catarina,1302,651.0,0,0,0,0,0,0,0,0,0,0,0,0,0,0,0,0,0,0.0,0.0,0.0,0,,651.0,Deserto absoluto,False
4217105,421710,São Martinho - SC,SC,Santa Catarina,418,209.0,0,0,0,0,0,0,0,0,0,0,0,0,0,0,0,0,0,0.0,0.0,0.0,0,,209.0,Deserto absoluto,False
4217154,421715,São Miguel da Boa Vista - SC,SC,Santa Catarina,259,129.5,0,0,0,0,0,0,0,0,0,0,0,0,0,0,0,0,0,0.0,0.0,0.0,0,,129.5,Deserto absoluto,False
4217204,421720,São Miguel do Oeste - SC,SC,Santa Catarina,5159,2579.5,4,4,1723,1170,2887,2257,2021,948,68,59,88,53,67,29,2969,96,3065,1532.5,0.5755,0.5941,20276,0.9244,1047.0,Intermediario,True
4217253,421725,São Pedro de Alcântara - SC,SC,Santa Catarina,588,294.0,0,0,0,0,0,0,0,0,0,0,0,0,0,0,0,0,0,0.0,0.0,0.0,0,,294.0,Deserto absoluto,False
4217303,421730,Saudades - SC,SC,Santa Catarina,1236,618.0,0,0,0,0,0,0,0,0,0,0,0,0,0,0,0,0,0,0.0,0.0,0.0,0,,618.0,Deserto absoluto,False
4217402,421740,Schroeder - SC,SC,Santa Catarina,1892,946.0,0,0,0,0,0,0,0,0,0,0,0,0,0,0,0,0,0,0.0,0.0,0.0,0,,946.0,Deserto absoluto,False
4217501,421750,Seara - SC,SC,Santa Catarina,2066,1033.0,1,1,661,572,699,471,628,437,47,53,52,30,37,62,1065,99,1164,582.0,0.5155,0.5634,5069,0.8852,451.0,Intermediario,True
4217550,421755,Serra Alta - SC,SC,Santa Catarina,446,223.0,0,0,0,0,0,0,0,0,0,0,0,0,0,0,0,0,0,0.0,0.0,0.0,0,,223.0,Deserto absoluto,False
4217600,421760,Siderópolis - SC,SC,Santa Catarina,1783,891.5,0,0,0,0,0,0,0,0,0,0,0,0,0,0,0,0,0,0.0,0.0,0.0,0,,891.5,Deserto absoluto,False
4217709,421770,Sombrio - SC,SC,Santa Catarina,3378,1689.0,4,4,0,400,428,430,250,218,0,18,9,19,9,8,468,17,485,242.5,0.1385,0.1436,20276,0.988,1446.5,Deserto funcional,True
4217758,421775,Sul Brasil - SC,SC,Santa Catarina,351,175.5,0,0,0,0,0,0,0,0,0,0,0,0,0,0,0,0,0,0.0,0.0,0.0,0,,175.5,Deserto absoluto,False
4217808,421780,Taió - SC,SC,Santa Catarina,2102,1051.0,1,1,0,0,0,0,0,0,0,0,0,0,0,0,0,0,0,0.0,0.0,0.0,5069,1.0,1051.0,Deserto funcional,True
4217907,421790,Tangará - SC,SC,Santa Catarina,976,488.0,0,0,0,0,0,0,0,0,0,0,0,0,0,0,0,0,0,0.0,0.0,0.0,0,,488.0,Deserto absoluto,False
4217956,421795,Tigrinhos - SC,SC,Santa Catarina,271,135.5,0,0,0,0,0,0,0,0,0,0,0,0,0,0,0,0,0,0.0,0.0,0.0,0,,135.5,Deserto absoluto,False
4218004,421800,Tijucas - SC,SC,Santa Catarina,4844,2422.0,1,1,0,0,0,0,0,0,0,0,0,0,0,0,0,0,0,0.0,0.0,0.0,5069,1.0,2422.0,Deserto funcional,True
4218103,421810,Timbé do Sul - SC,SC,Santa Catarina,669,334.5,0,0,0,0,0,0,0,0,0,0,0,0,0,0,0,0,0,0.0,0.0,0.0,0,,334.5,Deserto absoluto,False
4218202,421820,Timbó - SC,SC,Santa Catarina,5281,2640.5,1,1,0,0,0,0,0,0,0,0,0,0,0,0,0,0,0,0.0,0.0,0.0,5069,1.0,2640.5,Deserto funcional,True
4218251,421825,Timbó Grande - SC,SC,Santa Catarina,628,314.0,0,0,0,0,0,0,0,0,0,0,0,0,0,0,0,0,0,0.0,0.0,0.0,0,,314.0,Deserto absoluto,False
4218301,421830,Três Barras - SC,SC,Santa Catarina,1908,954.0,0,0,0,0,0,0,0,0,0,0,0,0,0,0,0,0,0,0.0,0.0,0.0,0,,954.0,Deserto absoluto,False
4218350,421835,Treviso - SC,SC,Santa Catarina,503,251.5,0,0,0,0,0,0,0,0,0,0,0,0,0,0,0,0,0,0.0,0.0,0.0,0,,251.5,Deserto absoluto,False
4218400,421840,Treze de Maio - SC,SC,Santa Catarina,891,445.5,0,0,0,0,0,0,0,0,0,0,0,0,0,0,0,0,0,0.0,0.0,0.0,0,,445.5,Deserto absoluto,False
4218509,421850,Treze Tílias - SC,SC,Santa Catarina,807,403.5,0,0,0,0,0,0,0,0,0,0,0,0,0,0,0,0,0,0.0,0.0,0.0,0,,403.5,Deserto absoluto,False
4218608,421860,Trombudo Central - SC,SC,Santa Catarina,884,442.0,0,0,0,0,0,0,0,0,0,0,0,0,0,0,0,0,0,0.0,0.0,0.0,0,,442.0,Deserto absoluto,False
4218707,421870,Tubarão - SC,SC,Santa Catarina,13838,6919.0,10,10,437,237,222,199,270,166,1010,903,700,595,520,884,436,1404,1840,920.0,0.0315,0.133,50690,0.9819,5999.0,Deserto funcional,True
4218756,421875,Tunápolis - SC,SC,Santa Catarina,611,305.5,0,0,0,0,0,0,0,0,0,0,0,0,0,0,0,0,0,0.0,0.0,0.0,0,,305.5,Deserto absoluto,False
4218806,421880,Turvo - SC,SC,Santa Catarina,1571,785.5,2,2,0,0,0,0,0,0,0,0,0,0,0,0,0,0,0,0.0,0.0,0.0,10138,1.0,785.5,Deserto funcional,True
4218855,421885,União do Oeste - SC,SC,Santa Catarina,377,188.5,0,0,0,0,0,0,0,0,0,0,0,0,0,0,0,0,0,0.0,0.0,0.0,0,,188.5,Deserto absoluto,False
4218905,421890,Urubici - SC,SC,Santa Catarina,1279,639.5,0,0,0,0,0,0,0,0,0,0,0,0,0,0,0,0,0,0.0,0.0,0.0,0,,639.5,Deserto absoluto,False
4218954,421895,Urupema - SC,SC,Santa Catarina,316,158.0,0,0,0,0,0,0,0,0,0,0,0,0,0,0,0,0,0,0.0,0.0,0.0,0,,158.0,Deserto absoluto,False
4219002,421900,Urussanga - SC,SC,Santa Catarina,2860,1430.0,3,3,1073,1570,1252,533,540,596,42,28,12,5,9,22,1136,31,1167,583.5,0.3972,0.408,15207,0.9616,846.5,Intermediario,True
4219101,421910,Vargeão - SC,SC,Santa Catarina,418,209.0,0,0,0,0,0,0,0,0,0,0,0,0,0,0,0,0,0,0.0,0.0,0.0,0,,209.0,Deserto absoluto,False
4219150,421915,Vargem - SC,SC,Santa Catarina,315,157.5,0,0,0,0,0,0,0,0,0,0,0,0,0,0,0,0,0,0.0,0.0,0.0,0,,157.5,Deserto absoluto,False
4219176,421917,Vargem Bonita - SC,SC,Santa Catarina,491,245.5,0,0,0,0,0,0,0,0,0,0,0,0,0,0,0,0,0,0.0,0.0,0.0,0,,245.5,Deserto absoluto,False
4219200,421920,Vidal Ramos - SC,SC,Santa Catarina,704,352.0,0,0,0,0,0,0,0,0,0,0,0,0,0,0,0,0,0,0.0,0.0,0.0,0,,352.0,Deserto absoluto,False
4219309,421930,Videira - SC,SC,Santa Catarina,5893,2946.5,5,4,479,1508,666,1583,1943,1929,21,14,3,28,15,51,3872,66,3938,1969.0,0.6571,0.6683,20276,0.9029,977.5,Intermediario,True
4219358,421935,Vitor Meireles - SC,SC,Santa Catarina,612,306.0,0,0,0,0,0,0,0,0,0,0,0,0,0,0,0,0,0,0.0,0.0,0.0,0,,306.0,Deserto absoluto,False
4219408,421940,Witmarsum - SC,SC,Santa Catarina,450,225.0,1,1,0,945,822,1140,1040,519,0,22,25,24,11,12,1559,23,1582,791.0,3.4644,3.5156,5069,0.844,-566.0,Adequado,False
4219507,421950,Xanxerê - SC,SC,Santa Catarina,5695,2847.5,3,3,308,881,3707,4157,4231,4055,23,57,100,182,117,143,8286,260,8546,4273.0,1.455,1.5006,15207,0.719,-1425.5,Adequado,False
4219606,421960,Xavantina - SC,SC,Santa Catarina,524,262.0,0,0,0,0,0,0,0,0,0,0,0,0,0,0,0,0,0,0.0,0.0,0.0,0,,262.0,Deserto absoluto,False
4219705,421970,Xaxim - SC,SC,Santa Catarina,3528,1764.0,1,1,0,0,0,0,0,0,0,0,0,0,0,0,0,0,0,0.0,0.0,0.0,5069,1.0,1764.0,Deserto funcional,True
4219853,421985,Zortéa - SC,SC,Santa Catarina,392,196.0,0,0,0,0,0,0,0,0,0,0,0,0,0,0,0,0,0,0.0,0.0,0.0,0,,196.0,Deserto absoluto,False
4220000,422000,Balneário Rincão - SC,SC,Santa Catarina,2218,1109.0,0,0,0,0,0,0,0,0,0,0,0,0,0,0,0,0,0,0.0,0.0,0.0,0,,1109.0,Deserto absoluto,False
4300034,430003,Aceguá - RS,RS,Rio Grande do Sul,476,238.0,0,0,0,0,0,0,0,0,0,0,0,0,0,0,0,0,0,0.0,0.0,0.0,0,,238.0,Deserto absoluto,False
4300059,430005,Água Santa - RS,RS,Rio Grande do Sul,507,253.5,0,0,0,0,0,0,0,0,0,0,0,0,0,0,0,0,0,0.0,0.0,0.0,0,,253.5,Deserto absoluto,False
4300109,430010,Agudo - RS,RS,Rio Grande do Sul,2130,1065.0,1,1,1120,1639,2231,2449,1703,1682,17,17,19,23,18,14,3385,32,3417,1708.5,1.5892,1.6042,5069,0.663,-643.5,Adequado,False
4300208,430020,Ajuricaba - RS,RS,Rio Grande do Sul,1000,500.0,0,0,0,0,0,0,0,0,0,0,0,0,0,0,0,0,0,0.0,0.0,0.0,0,,500.0,Deserto absoluto,False
4300307,430030,Alecrim - RS,RS,Rio Grande do Sul,1014,507.0,0,0,0,0,0,0,0,0,0,0,0,0,0,0,0,0,0,0.0,0.0,0.0,0,,507.0,Deserto absoluto,False
4300406,430040,Alegrete - RS,RS,Rio Grande do Sul,9612,4806.0,4,4,2515,1782,3588,3762,4007,3591,48,51,83,89,82,121,7598,203,7801,3900.5,0.7905,0.8116,20276,0.8076,905.5,Adequado,True
4300455,430045,Alegria - RS,RS,Rio Grande do Sul,593,296.5,0,0,0,0,0,0,0,0,0,0,0,0,0,0,0,0,0,0.0,0.0,0.0,0,,296.5,Deserto absoluto,False
4300471,430047,Almirante Tamandaré do Sul - RS,RS,Rio Grande do Sul,292,146.0,0,0,0,0,0,0,0,0,0,0,0,0,0,0,0,0,0,0.0,0.0,0.0,0,,146.0,Deserto absoluto,False
4300505,430050,Alpestre - RS,RS,Rio Grande do Sul,1079,539.5,0,0,0,0,0,0,0,0,0,0,0,0,0,0,0,0,0,0.0,0.0,0.0,0,,539.5,Deserto absoluto,False
4300554,430055,Alto Alegre - RS,RS,Rio Grande do Sul,284,142.0,0,0,0,0,0,0,0,0,0,0,0,0,0,0,0,0,0,0.0,0.0,0.0,0,,142.0,Deserto absoluto,False
4300570,430057,Alto Feliz - RS,RS,Rio Grande do Sul,406,203.0,0,0,0,0,0,0,0,0,0,0,0,0,0,0,0,0,0,0.0,0.0,0.0,0,,203.0,Deserto absoluto,False
4300604,430060,Alvorada - RS,RS,Rio Grande do Sul,21280,10640.0,3,3,4490,6424,5637,7120,6432,6380,173,156,54,34,23,18,12812,41,12853,6426.5,0.6021,0.604,15207,0.5774,4213.5,Intermediario,True
4300638,430063,Amaral Ferrador - RS,RS,Rio Grande do Sul,675,337.5,0,0,0,0,0,0,0,0,0,0,0,0,0,0,0,0,0,0.0,0.0,0.0,0,,337.5,Deserto absoluto,False
4300646,430064,Ametista do Sul - RS,RS,Rio Grande do Sul,866,433.0,0,0,0,0,0,0,0,0,0,0,0,0,0,0,0,0,0,0.0,0.0,0.0,0,,433.0,Deserto absoluto,False
4300661,430066,André da Rocha - RS,RS,Rio Grande do Sul,156,78.0,0,0,0,0,0,0,0,0,0,0,0,0,0,0,0,0,0,0.0,0.0,0.0,0,,78.0,Deserto absoluto,False
4300703,430070,Anta Gorda - RS,RS,Rio Grande do Sul,848,424.0,0,0,0,0,0,0,0,0,0,0,0,0,0,0,0,0,0,0.0,0.0,0.0,0,,424.0,Deserto absoluto,False
4300802,430080,Antônio Prado - RS,RS,Rio Grande do Sul,1877,938.5,1,1,453,703,760,649,833,732,22,36,154,30,15,10,1565,25,1590,795.0,0.8338,0.8471,5069,0.8432,143.5,Adequado,True
4300851,430085,Arambaré - RS,RS,Rio Grande do Sul,677,338.5,0,0,0,0,0,0,0,0,0,0,0,0,0,0,0,0,0,0.0,0.0,0.0,0,,338.5,Deserto absoluto,False
4300877,430087,Araricá - RS,RS,Rio Grande do Sul,935,467.5,0,0,0,0,0,0,0,0,0,0,0,0,0,0,0,0,0,0.0,0.0,0.0,0,,467.5,Deserto absoluto,False
4300901,430090,Aratiba - RS,RS,Rio Grande do Sul,979,489.5,0,0,0,0,0,0,0,0,0,0,0,0,0,0,0,0,0,0.0,0.0,0.0,0,,489.5,Deserto absoluto,False
4301008,430100,Arroio do Meio - RS,RS,Rio Grande do Sul,2826,1413.0,1,1,487,825,782,742,0,0,8,8,14,18,0,0,0,0,0,0.0,0.0,0.0,5069,1.0,1413.0,Deserto funcional,True
4301057,430105,Arroio do Sal - RS,RS,Rio Grande do Sul,1822,911.0,0,0,0,0,0,0,0,0,0,0,0,0,0,0,0,0,0,0.0,0.0,0.0,0,,911.0,Deserto absoluto,False
4301073,430107,Arroio do Padre - RS,RS,Rio Grande do Sul,292,146.0,0,0,0,0,0,0,0,0,0,0,0,0,0,0,0,0,0,0.0,0.0,0.0,0,,146.0,Deserto absoluto,False
4301107,430110,Arroio dos Ratos - RS,RS,Rio Grande do Sul,1816,908.0,0,0,0,0,0,0,0,0,0,0,0,0,0,0,0,0,0,0.0,0.0,0.0,0,,908.0,Deserto absoluto,False
4301206,430120,Arroio do Tigre - RS,RS,Rio Grande do Sul,1556,778.0,2,2,1836,2214,2538,2496,2493,2429,83,83,79,59,65,164,4922,229,5151,2575.5,3.1632,3.3104,10138,0.746,-1797.5,Adequado,False
4301305,430130,Arroio Grande - RS,RS,Rio Grande do Sul,2289,1144.5,0,0,0,0,0,0,0,0,0,0,0,0,0,0,0,0,0,0.0,0.0,0.0,0,,1144.5,Deserto absoluto,False
4301404,430140,Arvorezinha - RS,RS,Rio Grande do Sul,1277,638.5,0,0,0,0,0,0,0,0,0,0,0,0,0,0,0,0,0,0.0,0.0,0.0,0,,638.5,Deserto absoluto,False
4301503,430150,Augusto Pestana - RS,RS,Rio Grande do Sul,1041,520.5,0,0,0,0,0,0,0,0,0,0,0,0,0,0,0,0,0,0.0,0.0,0.0,0,,520.5,Deserto absoluto,False
4301552,430155,Áurea - RS,RS,Rio Grande do Sul,478,239.0,0,0,0,0,0,0,0,0,0,0,0,0,0,0,0,0,0,0.0,0.0,0.0,0,,239.0,Deserto absoluto,False
4301602,430160,Bagé - RS,RS,Rio Grande do Sul,15064,7532.0,3,3,1502,2028,2503,2422,2379,2402,140,217,180,237,210,114,4781,324,5105,2552.5,0.3174,0.3389,15207,0.8321,4979.5,Intermediario,True
4301636,430163,Balneário Pinhal - RS,RS,Rio Grande do Sul,2475,1237.5,0,0,0,0,0,0,0,0,0,0,0,0,0,0,0,0,0,0.0,0.0,0.0,0,,1237.5,Deserto absoluto,False
4301651,430165,Barão - RS,RS,Rio Grande do Sul,778,389.0,1,1,0,0,0,0,0,0,0,0,0,0,0,0,0,0,0,0.0,0.0,0.0,5069,1.0,389.0,Deserto funcional,True
4301701,430170,Barão de Cotegipe - RS,RS,Rio Grande do Sul,924,462.0,0,0,0,0,0,0,0,0,0,0,0,0,0,0,0,0,0,0.0,0.0,0.0,0,,462.0,Deserto absoluto,False
4301750,430175,Barão do Triunfo - RS,RS,Rio Grande do Sul,729,364.5,0,0,0,0,0,0,0,0,0,0,0,0,0,0,0,0,0,0.0,0.0,0.0,0,,364.5,Deserto absoluto,False
4301800,430180,Barracão - RS,RS,Rio Grande do Sul,663,331.5,0,0,0,0,0,0,0,0,0,0,0,0,0,0,0,0,0,0.0,0.0,0.0,0,,331.5,Deserto absoluto,False
4301859,430185,Barra do Guarita - RS,RS,Rio Grande do Sul,392,196.0,0,0,0,0,0,0,0,0,0,0,0,0,0,0,0,0,0,0.0,0.0,0.0,0,,196.0,Deserto absoluto,False
4301875,430187,Barra do Quaraí - RS,RS,Rio Grande do Sul,423,211.5,0,0,0,0,0,0,0,0,0,0,0,0,0,0,0,0,0,0.0,0.0,0.0,0,,211.5,Deserto absoluto,False
4301909,430190,Barra do Ribeiro - RS,RS,Rio Grande do Sul,1687,843.5,0,0,0,0,0,0,0,0,0,0,0,0,0,0,0,0,0,0.0,0.0,0.0,0,,843.5,Deserto absoluto,False
4301925,430192,Barra do Rio Azul - RS,RS,Rio Grande do Sul,266,133.0,0,0,0,0,0,0,0,0,0,0,0,0,0,0,0,0,0,0.0,0.0,0.0,0,,133.0,Deserto absoluto,False
4301958,430195,Barra Funda - RS,RS,Rio Grande do Sul,346,173.0,0,0,0,0,0,0,0,0,0,0,0,0,0,0,0,0,0,0.0,0.0,0.0,0,,173.0,Deserto absoluto,False
4302006,430200,Barros Cassal - RS,RS,Rio Grande do Sul,1207,603.5,0,0,0,0,0,0,0,0,0,0,0,0,0,0,0,0,0,0.0,0.0,0.0,0,,603.5,Deserto absoluto,False
4302055,430205,Benjamin Constant do Sul - RS,RS,Rio Grande do Sul,219,109.5,0,0,0,0,0,0,0,0,0,0,0,0,0,0,0,0,0,0.0,0.0,0.0,0,,109.5,Deserto absoluto,False
4302105,430210,Bento Gonçalves - RS,RS,Rio Grande do Sul,14804,7402.0,4,4,3749,4584,4945,4915,4931,4844,236,184,179,182,213,186,9775,399,10174,5087.0,0.6603,0.6872,20276,0.7491,2315.0,Intermediario,True
4302154,430215,Boa Vista das Missões - RS,RS,Rio Grande do Sul,256,128.0,0,0,0,0,0,0,0,0,0,0,0,0,0,0,0,0,0,0.0,0.0,0.0,0,,128.0,Deserto absoluto,False
4302204,430220,Boa Vista do Buricá - RS,RS,Rio Grande do Sul,994,497.0,0,0,0,0,0,0,0,0,0,0,0,0,0,0,0,0,0,0.0,0.0,0.0,0,,497.0,Deserto absoluto,False
4302220,430222,Boa Vista do Cadeado - RS,RS,Rio Grande do Sul,304,152.0,0,0,0,0,0,0,0,0,0,0,0,0,0,0,0,0,0,0.0,0.0,0.0,0,,152.0,Deserto absoluto,False
4302238,430223,Boa Vista do Incra - RS,RS,Rio Grande do Sul,316,158.0,0,0,0,0,0,0,0,0,0,0,0,0,0,0,0,0,0,0.0,0.0,0.0,0,,158.0,Deserto absoluto,False
4302253,430225,Boa Vista do Sul - RS,RS,Rio Grande do Sul,397,198.5,0,0,0,0,0,0,0,0,0,0,0,0,0,0,0,0,0,0.0,0.0,0.0,0,,198.5,Deserto absoluto,False
4302303,430230,Bom Jesus - RS,RS,Rio Grande do Sul,1251,625.5,0,0,0,0,0,0,0,0,0,0,0,0,0,0,0,0,0,0.0,0.0,0.0,0,,625.5,Deserto absoluto,False
4302352,430235,Bom Princípio - RS,RS,Rio Grande do Sul,1599,799.5,1,1,0,0,0,0,0,0,0,0,0,0,0,0,0,0,0,0.0,0.0,0.0,5069,1.0,799.5,Deserto funcional,True
4302378,430237,Bom Progresso - RS,RS,Rio Grande do Sul,340,170.0,0,0,0,0,0,0,0,0,0,0,0,0,0,0,0,0,0,0.0,0.0,0.0,0,,170.0,Deserto absoluto,False
4302402,430240,Bom Retiro do Sul - RS,RS,Rio Grande do Sul,1613,806.5,0,0,0,0,0,0,0,0,0,0,0,0,0,0,0,0,0,0.0,0.0,0.0,0,,806.5,Deserto absoluto,False
4302451,430245,Boqueirão do Leão - RS,RS,Rio Grande do Sul,796,398.0,0,0,0,0,0,0,0,0,0,0,0,0,0,0,0,0,0,0.0,0.0,0.0,0,,398.0,Deserto absoluto,False
4302501,430250,Bossoroca - RS,RS,Rio Grande do Sul,831,415.5,0,0,0,0,0,0,0,0,0,0,0,0,0,0,0,0,0,0.0,0.0,0.0,0,,415.5,Deserto absoluto,False
4302584,430258,Bozano - RS,RS,Rio Grande do Sul,309,154.5,0,0,0,0,0,0,0,0,0,0,0,0,0,0,0,0,0,0.0,0.0,0.0,0,,154.5,Deserto absoluto,False
4302600,430260,Braga - RS,RS,Rio Grande do Sul,449,224.5,0,0,0,0,0,0,0,0,0,0,0,0,0,0,0,0,0,0.0,0.0,0.0,0,,224.5,Deserto absoluto,False
4302659,430265,Brochier - RS,RS,Rio Grande do Sul,694,347.0,0,0,0,0,0,0,0,0,0,0,0,0,0,0,0,0,0,0.0,0.0,0.0,0,,347.0,Deserto absoluto,False
4302709,430270,Butiá - RS,RS,Rio Grande do Sul,2473,1236.5,1,1,0,0,0,0,0,0,0,0,0,0,0,0,0,0,0,0.0,0.0,0.0,5069,1.0,1236.5,Deserto funcional,True
4302808,430280,Caçapava do Sul - RS,RS,Rio Grande do Sul,4623,2311.5,3,2,0,0,0,0,0,268,0,0,0,0,0,9,268,9,277,138.5,0.058,0.0599,10138,0.9863,2173.0,Deserto funcional,True
4302907,430290,Cacequi - RS,RS,Rio Grande do Sul,1564,782.0,0,0,0,0,0,0,0,0,0,0,0,0,0,0,0,0,0,0.0,0.0,0.0,0,,782.0,Deserto absoluto,False
4303004,430300,Cachoeira do Sul - RS,RS,Rio Grande do Sul,11203,5601.5,3,3,2088,2057,3651,3699,3445,2542,500,495,527,565,506,474,5987,980,6967,3483.5,0.5344,0.6219,15207,0.7709,2118.0,Intermediario,True
4303103,430310,Cachoeirinha - RS,RS,Rio Grande do Sul,15858,7929.0,4,4,9407,10058,8591,8124,2630,0,4921,4918,4920,4919,1640,0,2630,1640,4270,2135.0,0.1658,0.2693,20276,0.8947,5794.0,Deserto funcional,True
4303202,430320,Cacique Doble - RS,RS,Rio Grande do Sul,624,312.0,0,0,0,0,0,0,0,0,0,0,0,0,0,0,0,0,0,0.0,0.0,0.0,0,,312.0,Deserto absoluto,False
4303301,430330,Caibaté - RS,RS,Rio Grande do Sul,707,353.5,0,0,0,0,0,0,0,0,0,0,0,0,0,0,0,0,0,0.0,0.0,0.0,0,,353.5,Deserto absoluto,False
4303400,430340,Caiçara - RS,RS,Rio Grande do Sul,653,326.5,0,0,0,0,0,0,0,0,0,0,0,0,0,0,0,0,0,0.0,0.0,0.0,0,,326.5,Deserto absoluto,False
4303509,430350,Camaquã - RS,RS,Rio Grande do Sul,7982,3991.0,5,5,2606,2498,2590,2808,1923,2677,80,87,49,72,33,35,4600,68,4668,2334.0,0.5763,0.5848,25345,0.9079,1657.0,Intermediario,True
4303558,430355,Camargo - RS,RS,Rio Grande do Sul,372,186.0,0,0,0,0,0,0,0,0,0,0,0,0,0,0,0,0,0,0.0,0.0,0.0,0,,186.0,Deserto absoluto,False
4303608,430360,Cambará do Sul - RS,RS,Rio Grande do Sul,729,364.5,0,0,0,0,0,0,0,0,0,0,0,0,0,0,0,0,0,0.0,0.0,0.0,0,,364.5,Deserto absoluto,False
4303673,430367,Campestre da Serra - RS,RS,Rio Grande do Sul,471,235.5,0,0,0,0,0,0,0,0,0,0,0,0,0,0,0,0,0,0.0,0.0,0.0,0,,235.5,Deserto absoluto,False
4303707,430370,Campina das Missões - RS,RS,Rio Grande do Sul,950,475.0,0,0,0,0,0,0,0,0,0,0,0,0,0,0,0,0,0,0.0,0.0,0.0,0,,475.0,Deserto absoluto,False
4303806,430380,Campinas do Sul - RS,RS,Rio Grande do Sul,830,415.0,0,0,0,0,0,0,0,0,0,0,0,0,0,0,0,0,0,0.0,0.0,0.0,0,,415.0,Deserto absoluto,False
4303905,430390,Campo Bom - RS,RS,Rio Grande do Sul,8083,4041.5,1,1,2523,2552,2499,2393,2316,2316,619,415,62,84,130,386,4632,516,5148,2574.0,0.5731,0.6369,5069,0.4922,1467.5,Intermediario,False
4304002,430400,Campo Novo - RS,RS,Rio Grande do Sul,653,326.5,0,0,0,0,0,0,0,0,0,0,0,0,0,0,0,0,0,0.0,0.0,0.0,0,,326.5,Deserto absoluto,False
4304101,430410,Campos Borges - RS,RS,Rio Grande do Sul,495,247.5,0,0,0,0,0,0,0,0,0,0,0,0,0,0,0,0,0,0.0,0.0,0.0,0,,247.5,Deserto absoluto,False
4304200,430420,Candelária - RS,RS,Rio Grande do Sul,3707,1853.5,2,2,929,1024,1541,1465,1393,1615,82,47,51,52,53,82,3008,135,3143,1571.5,0.8114,0.8479,10138,0.845,282.0,Adequado,True
4304309,430430,Cândido Godói - RS,RS,Rio Grande do Sul,968,484.0,0,0,0,0,0,0,0,0,0,0,0,0,0,0,0,0,0,0.0,0.0,0.0,0,,484.0,Deserto absoluto,False
4304358,430435,Candiota - RS,RS,Rio Grande do Sul,1079,539.5,0,0,0,0,0,0,0,0,0,0,0,0,0,0,0,0,0,0.0,0.0,0.0,0,,539.5,Deserto absoluto,False
4304408,430440,Canela - RS,RS,Rio Grande do Sul,5503,2751.5,3,3,340,299,732,908,1458,1305,20,18,10,73,19,18,2763,37,2800,1400.0,0.5021,0.5088,15207,0.9079,1351.5,Intermediario,True
4304507,430450,Canguçu - RS,RS,Rio Grande do Sul,6398,3199.0,2,2,584,696,149,1033,1007,1019,52,63,0,11,8,0,2026,8,2034,1017.0,0.3167,0.3179,10138,0.8997,2182.0,Intermediario,True
4304606,430460,Canoas - RS,RS,Rio Grande do Sul,41303,20651.5,10,8,4554,5359,9134,8003,4424,6036,170,130,144,118,118,281,10460,399,10859,5429.5,0.2533,0.2629,40552,0.8661,15222.0,Deserto funcional,True
4304614,430461,Canudos do Vale - RS,RS,Rio Grande do Sul,257,128.5,0,0,0,0,0,0,0,0,0,0,0,0,0,0,0,0,0,0.0,0.0,0.0,0,,128.5,Deserto absoluto,False
4304622,430462,Capão Bonito do Sul - RS,RS,Rio Grande do Sul,213,106.5,0,0,0,0,0,0,0,0,0,0,0,0,0,0,0,0,0,0.0,0.0,0.0,0,,106.5,Deserto absoluto,False
4304630,430463,Capão da Canoa - RS,RS,Rio Grande do Sul,7746,3873.0,4,4,1288,1364,1608,1714,1930,2036,179,294,107,77,55,50,3966,105,4071,2035.5,0.512,0.5256,20276,0.8996,1837.5,Intermediario,True
4304655,430465,Capão do Cipó - RS,RS,Rio Grande do Sul,383,191.5,0,0,0,0,0,0,0,0,0,0,0,0,0,0,0,0,0,0.0,0.0,0.0,0,,191.5,Deserto absoluto,False
4304663,430466,Capão do Leão - RS,RS,Rio Grande do Sul,3084,1542.0,0,0,0,0,0,0,0,0,0,0,0,0,0,0,0,0,0,0.0,0.0,0.0,0,,1542.0,Deserto absoluto,False
4304671,430467,Capivari do Sul - RS,RS,Rio Grande do Sul,514,257.0,0,0,0,0,0,0,0,0,0,0,0,0,0,0,0,0,0,0.0,0.0,0.0,0,,257.0,Deserto absoluto,False
4304689,430468,Capela de Santana - RS,RS,Rio Grande do Sul,1380,690.0,0,0,0,0,0,0,0,0,0,0,0,0,0,0,0,0,0,0.0,0.0,0.0,0,,690.0,Deserto absoluto,False
4304697,430469,Capitão - RS,RS,Rio Grande do Sul,354,177.0,0,0,0,0,0,0,0,0,0,0,0,0,0,0,0,0,0,0.0,0.0,0.0,0,,177.0,Deserto absoluto,False
4304705,430470,Carazinho - RS,RS,Rio Grande do Sul,7950,3975.0,3,3,553,696,2066,1611,1670,767,265,260,347,293,155,38,2437,193,2630,1315.0,0.3065,0.3308,15207,0.9135,2660.0,Intermediario,True
4304713,430471,Caraá - RS,RS,Rio Grande do Sul,1052,526.0,0,0,0,0,0,0,0,0,0,0,0,0,0,0,0,0,0,0.0,0.0,0.0,0,,526.0,Deserto absoluto,False
4304804,430480,Carlos Barbosa - RS,RS,Rio Grande do Sul,3761,1880.5,2,2,0,0,0,0,0,0,0,0,0,0,0,0,0,0,0,0.0,0.0,0.0,10138,1.0,1880.5,Deserto funcional,True
4304853,430485,Carlos Gomes - RS,RS,Rio Grande do Sul,188,94.0,0,0,0,0,0,0,0,0,0,0,0,0,0,0,0,0,0,0.0,0.0,0.0,0,,94.0,Deserto absoluto,False
4304903,430490,Casca - RS,RS,Rio Grande do Sul,1297,648.5,0,0,0,0,0,0,0,0,0,0,0,0,0,0,0,0,0,0.0,0.0,0.0,0,,648.5,Deserto absoluto,False
4304952,430495,Caseiros - RS,RS,Rio Grande do Sul,410,205.0,0,0,0,0,0,0,0,0,0,0,0,0,0,0,0,0,0,0.0,0.0,0.0,0,,205.0,Deserto absoluto,False
4305009,430500,Catuípe - RS,RS,Rio Grande do Sul,1345,672.5,0,0,0,0,0,0,0,0,0,0,0,0,0,0,0,0,0,0.0,0.0,0.0,0,,672.5,Deserto absoluto,False
4305108,430510,Caxias do Sul - RS,RS,Rio Grande do Sul,57024,28512.0,17,17,8826,11501,13466,14268,13162,13133,1221,1256,1305,1404,1364,1155,26295,2519,28814,14407.0,0.4611,0.5053,86173,0.8328,14105.0,Intermediario,True
4305116,430511,Centenário - RS,RS,Rio Grande do Sul,396,198.0,0,0,0,0,0,0,0,0,0,0,0,0,0,0,0,0,0,0.0,0.0,0.0,0,,198.0,Deserto absoluto,False
4305124,430512,Cerrito - RS,RS,Rio Grande do Sul,865,432.5,0,0,0,0,0,0,0,0,0,0,0,0,0,0,0,0,0,0.0,0.0,0.0,0,,432.5,Deserto absoluto,False
4305132,430513,Cerro Branco - RS,RS,Rio Grande do Sul,594,297.0,0,0,0,0,0,0,0,0,0,0,0,0,0,0,0,0,0,0.0,0.0,0.0,0,,297.0,Deserto absoluto,False
4305157,430515,Cerro Grande - RS,RS,Rio Grande do Sul,322,161.0,0,0,0,0,0,0,0,0,0,0,0,0,0,0,0,0,0,0.0,0.0,0.0,0,,161.0,Deserto absoluto,False
4305173,430517,Cerro Grande do Sul - RS,RS,Rio Grande do Sul,1005,502.5,0,0,0,0,0,0,0,0,0,0,0,0,0,0,0,0,0,0.0,0.0,0.0,0,,502.5,Deserto absoluto,False
4305207,430520,Cerro Largo - RS,RS,Rio Grande do Sul,1811,905.5,1,1,0,0,0,0,0,0,0,0,0,0,0,0,0,0,0,0.0,0.0,0.0,5069,1.0,905.5,Deserto funcional,True
4305306,430530,Chapada - RS,RS,Rio Grande do Sul,1436,718.0,0,0,0,0,0,0,0,0,0,0,0,0,0,0,0,0,0,0.0,0.0,0.0,0,,718.0,Deserto absoluto,False
4305355,430535,Charqueadas - RS,RS,Rio Grande do Sul,4036,2018.0,2,2,0,0,0,1672,1023,1741,0,0,0,6,0,29,2764,29,2793,1396.5,0.6848,0.692,10138,0.8623,621.5,Intermediario,True
4305371,430537,Charrua - RS,RS,Rio Grande do Sul,331,165.5,0,0,0,0,0,0,0,0,0,0,0,0,0,0,0,0,0,0.0,0.0,0.0,0,,165.5,Deserto absoluto,False
4305405,430540,Chiapetta - RS,RS,Rio Grande do Sul,521,260.5,0,0,0,0,0,0,0,0,0,0,0,0,0,0,0,0,0,0.0,0.0,0.0,0,,260.5,Deserto absoluto,False
4305439,430543,Chuí - RS,RS,Rio Grande do Sul,726,363.0,0,0,0,0,0,0,0,0,0,0,0,0,0,0,0,0,0,0.0,0.0,0.0,0,,363.0,Deserto absoluto,False
4305447,430544,Chuvisca - RS,RS,Rio Grande do Sul,544,272.0,0,0,0,0,0,0,0,0,0,0,0,0,0,0,0,0,0,0.0,0.0,0.0,0,,272.0,Deserto absoluto,False
4305454,430545,Cidreira - RS,RS,Rio Grande do Sul,2831,1415.5,0,0,0,0,0,0,0,0,0,0,0,0,0,0,0,0,0,0.0,0.0,0.0,0,,1415.5,Deserto absoluto,False
4305504,430550,Ciríaco - RS,RS,Rio Grande do Sul,588,294.0,0,0,0,0,0,0,0,0,0,0,0,0,0,0,0,0,0,0.0,0.0,0.0,0,,294.0,Deserto absoluto,False
4305587,430558,Colinas - RS,RS,Rio Grande do Sul,346,173.0,0,0,0,0,0,0,0,0,0,0,0,0,0,0,0,0,0,0.0,0.0,0.0,0,,173.0,Deserto absoluto,False
4305603,430560,Colorado - RS,RS,Rio Grande do Sul,523,261.5,0,0,0,0,0,0,0,0,0,0,0,0,0,0,0,0,0,0.0,0.0,0.0,0,,261.5,Deserto absoluto,False
4305702,430570,Condor - RS,RS,Rio Grande do Sul,805,402.5,0,0,0,0,0,0,0,0,0,0,0,0,0,0,0,0,0,0.0,0.0,0.0,0,,402.5,Deserto absoluto,False
4305801,430580,Constantina - RS,RS,Rio Grande do Sul,1333,666.5,0,0,0,0,0,0,0,0,0,0,0,0,0,0,0,0,0,0.0,0.0,0.0,0,,666.5,Deserto absoluto,False
4305835,430583,Coqueiro Baixo - RS,RS,Rio Grande do Sul,209,104.5,0,0,0,0,0,0,0,0,0,0,0,0,0,0,0,0,0,0.0,0.0,0.0,0,,104.5,Deserto absoluto,False
4305850,430585,Coqueiros do Sul - RS,RS,Rio Grande do Sul,357,178.5,0,0,0,0,0,0,0,0,0,0,0,0,0,0,0,0,0,0.0,0.0,0.0,0,,178.5,Deserto absoluto,False
4305871,430587,Coronel Barros - RS,RS,Rio Grande do Sul,374,187.0,0,0,0,0,0,0,0,0,0,0,0,0,0,0,0,0,0,0.0,0.0,0.0,0,,187.0,Deserto absoluto,False
4305900,430590,Coronel Bicaco - RS,RS,Rio Grande do Sul,840,420.0,0,0,0,0,0,0,0,0,0,0,0,0,0,0,0,0,0,0.0,0.0,0.0,0,,420.0,Deserto absoluto,False
4305934,430593,Coronel Pilar - RS,RS,Rio Grande do Sul,259,129.5,0,0,0,0,0,0,0,0,0,0,0,0,0,0,0,0,0,0.0,0.0,0.0,0,,129.5,Deserto absoluto,False
4305959,430595,Cotiporã - RS,RS,Rio Grande do Sul,579,289.5,0,0,0,0,0,0,0,0,0,0,0,0,0,0,0,0,0,0.0,0.0,0.0,0,,289.5,Deserto absoluto,False
4305975,430597,Coxilha - RS,RS,Rio Grande do Sul,337,168.5,0,0,0,0,0,0,0,0,0,0,0,0,0,0,0,0,0,0.0,0.0,0.0,0,,168.5,Deserto absoluto,False
4306007,430600,Crissiumal - RS,RS,Rio Grande do Sul,1835,917.5,1,1,0,534,753,774,702,867,0,0,0,9,20,50,1569,70,1639,819.5,0.855,0.8932,5069,0.8383,98.0,Adequado,True
4306056,430605,Cristal - RS,RS,Rio Grande do Sul,876,438.0,0,0,0,0,0,0,0,0,0,0,0,0,0,0,0,0,0,0.0,0.0,0.0,0,,438.0,Deserto absoluto,False
4306072,430607,Cristal do Sul - RS,RS,Rio Grande do Sul,353,176.5,0,0,0,0,0,0,0,0,0,0,0,0,0,0,0,0,0,0.0,0.0,0.0,0,,176.5,Deserto absoluto,False
4306106,430610,Cruz Alta - RS,RS,Rio Grande do Sul,7648,3824.0,4,4,2129,2788,3144,3362,2938,3374,141,94,106,104,102,87,6312,189,6501,3250.5,0.8253,0.85,20276,0.8397,573.5,Adequado,True
4306130,430613,Cruzaltense - RS,RS,Rio Grande do Sul,261,130.5,0,0,0,0,0,0,0,0,0,0,0,0,0,0,0,0,0,0.0,0.0,0.0,0,,130.5,Deserto absoluto,False
4306205,430620,Cruzeiro do Sul - RS,RS,Rio Grande do Sul,1592,796.0,0,0,0,0,0,0,0,0,0,0,0,0,0,0,0,0,0,0.0,0.0,0.0,0,,796.0,Deserto absoluto,False
4306304,430630,David Canabarro - RS,RS,Rio Grande do Sul,621,310.5,1,1,671,946,1210,1164,1204,1258,41,16,39,36,32,37,2462,69,2531,1265.5,3.9646,4.0757,5069,0.7503,-955.0,Adequado,False
4306320,430632,Derrubadas - RS,RS,Rio Grande do Sul,400,200.0,0,0,0,0,0,0,0,0,0,0,0,0,0,0,0,0,0,0.0,0.0,0.0,0,,200.0,Deserto absoluto,False
4306353,430635,Dezesseis de Novembro - RS,RS,Rio Grande do Sul,389,194.5,0,0,0,0,0,0,0,0,0,0,0,0,0,0,0,0,0,0.0,0.0,0.0,0,,194.5,Deserto absoluto,False
4306379,430637,Dilermando de Aguiar - RS,RS,Rio Grande do Sul,395,197.5,0,0,0,0,0,0,0,0,0,0,0,0,0,0,0,0,0,0.0,0.0,0.0,0,,197.5,Deserto absoluto,False
4306403,430640,Dois Irmãos - RS,RS,Rio Grande do Sul,3839,1919.5,1,1,2643,3766,4164,4218,4432,4375,26,55,39,60,60,39,8807,99,8906,4453.0,2.2941,2.3199,5069,0.1215,-2533.5,Adequado,False
4306429,430642,Dois Irmãos das Missões - RS,RS,Rio Grande do Sul,246,123.0,0,0,0,0,0,0,0,0,0,0,0,0,0,0,0,0,0,0.0,0.0,0.0,0,,123.0,Deserto absoluto,False
4306452,430645,Dois Lajeados - RS,RS,Rio Grande do Sul,462,231.0,0,0,0,0,0,0,0,0,0,0,0,0,0,0,0,0,0,0.0,0.0,0.0,0,,231.0,Deserto absoluto,False
4306502,430650,Dom Feliciano - RS,RS,Rio Grande do Sul,1545,772.5,0,0,0,0,0,0,0,0,0,0,0,0,0,0,0,0,0,0.0,0.0,0.0,0,,772.5,Deserto absoluto,False
4306551,430655,Dom Pedro de Alcântara - RS,RS,Rio Grande do Sul,353,176.5,0,0,0,0,0,0,0,0,0,0,0,0,0,0,0,0,0,0.0,0.0,0.0,0,,176.5,Deserto absoluto,False
4306601,430660,Dom Pedrito - RS,RS,Rio Grande do Sul,4852,2426.0,0,0,0,0,0,0,0,0,0,0,0,0,0,0,0,0,0,0.0,0.0,0.0,0,,2426.0,Deserto absoluto,False
4306700,430670,Dona Francisca - RS,RS,Rio Grande do Sul,449,224.5,0,0,0,0,0,0,0,0,0,0,0,0,0,0,0,0,0,0.0,0.0,0.0,0,,224.5,Deserto absoluto,False
4306734,430673,Doutor Maurício Cardoso - RS,RS,Rio Grande do Sul,713,356.5,0,0,0,0,0,0,0,0,0,0,0,0,0,0,0,0,0,0.0,0.0,0.0,0,,356.5,Deserto absoluto,False
4306759,430675,Doutor Ricardo - RS,RS,Rio Grande do Sul,278,139.0,0,0,0,0,0,0,0,0,0,0,0,0,0,0,0,0,0,0.0,0.0,0.0,0,,139.0,Deserto absoluto,False
4306767,430676,Eldorado do Sul - RS,RS,Rio Grande do Sul,4488,2244.0,0,0,0,0,0,0,0,0,0,0,0,0,0,0,0,0,0,0.0,0.0,0.0,0,,2244.0,Deserto absoluto,False
4306809,430680,Encantado - RS,RS,Rio Grande do Sul,2985,1492.5,2,2,2593,2807,3348,3228,3604,3741,66,50,48,72,71,57,7345,128,7473,3736.5,2.4606,2.5035,10138,0.6314,-2244.0,Adequado,False
4306908,430690,Encruzilhada do Sul - RS,RS,Rio Grande do Sul,3097,1548.5,1,1,709,767,574,999,1019,1194,10,22,22,8,9,22,2213,31,2244,1122.0,0.7146,0.7246,5069,0.7787,426.5,Adequado,True
4306924,430692,Engenho Velho - RS,RS,Rio Grande do Sul,150,75.0,0,0,0,0,0,0,0,0,0,0,0,0,0,0,0,0,0,0.0,0.0,0.0,0,,75.0,Deserto absoluto,False
4306932,430693,Entre-Ijuís - RS,RS,Rio Grande do Sul,1271,635.5,0,0,0,0,0,0,0,0,0,0,0,0,0,0,0,0,0,0.0,0.0,0.0,0,,635.5,Deserto absoluto,False
4306957,430695,Entre Rios do Sul - RS,RS,Rio Grande do Sul,409,204.5,0,0,0,0,0,0,0,0,0,0,0,0,0,0,0,0,0,0.0,0.0,0.0,0,,204.5,Deserto absoluto,False
4306973,430697,Erebango - RS,RS,Rio Grande do Sul,345,172.5,0,0,0,0,0,0,0,0,0,0,0,0,0,0,0,0,0,0.0,0.0,0.0,0,,172.5,Deserto absoluto,False
4307005,430700,Erechim - RS,RS,Rio Grande do Sul,13034,6517.0,4,4,2797,3457,4435,2973,3994,4609,326,340,349,254,288,354,8603,642,9245,4622.5,0.66,0.7093,20276,0.772,1894.5,Adequado,True
4307054,430705,Ernestina - RS,RS,Rio Grande do Sul,440,220.0,0,0,0,0,0,0,0,0,0,0,0,0,0,0,0,0,0,0.0,0.0,0.0,0,,220.0,Deserto absoluto,False
4307104,430710,Herval - RS,RS,Rio Grande do Sul,777,388.5,0,0,0,0,0,0,0,0,0,0,0,0,0,0,0,0,0,0.0,0.0,0.0,0,,388.5,Deserto absoluto,False
4307203,430720,Erval Grande - RS,RS,Rio Grande do Sul,676,338.0,0,0,0,0,0,0,0,0,0,0,0,0,0,0,0,0,0,0.0,0.0,0.0,0,,338.0,Deserto absoluto,False
4307302,430730,Erval Seco - RS,RS,Rio Grande do Sul,895,447.5,0,0,0,0,0,0,0,0,0,0,0,0,0,0,0,0,0,0.0,0.0,0.0,0,,447.5,Deserto absoluto,False
4307401,430740,Esmeralda - RS,RS,Rio Grande do Sul,422,211.0,0,0,0,0,0,0,0,0,0,0,0,0,0,0,0,0,0,0.0,0.0,0.0,0,,211.0,Deserto absoluto,False
4307450,430745,Esperança do Sul - RS,RS,Rio Grande do Sul,489,244.5,0,0,0,0,0,0,0,0,0,0,0,0,0,0,0,0,0,0.0,0.0,0.0,0,,244.5,Deserto absoluto,False
4307500,430750,Espumoso - RS,RS,Rio Grande do Sul,2067,1033.5,2,2,693,690,499,1196,1004,964,23,34,23,0,9,43,1968,52,2020,1010.0,0.9521,0.9773,10138,0.9004,23.5,Adequado,True
4307559,430755,Estação - RS,RS,Rio Grande do Sul,818,409.0,0,0,0,0,0,0,0,0,0,0,0,0,0,0,0,0,0,0.0,0.0,0.0,0,,409.0,Deserto absoluto,False
4307609,430760,Estância Velha - RS,RS,Rio Grande do Sul,5911,2955.5,3,3,1079,1212,655,0,0,0,9,6,1,0,0,0,0,0,0,0.0,0.0,0.0,15207,1.0,2955.5,Deserto funcional,True
4307708,430770,Esteio - RS,RS,Rio Grande do Sul,10013,5006.5,2,2,2923,3044,3366,3280,3818,3910,65,54,32,38,52,51,7728,103,7831,3915.5,0.7718,0.7821,10138,0.6138,1091.0,Adequado,True
4307807,430780,Estrela - RS,RS,Rio Grande do Sul,4215,2107.5,2,2,190,203,222,208,95,252,2,13,4,7,1,11,347,12,359,179.5,0.0823,0.0852,10138,0.9823,1928.0,Deserto funcional,True
4307815,430781,Estrela Velha - RS,RS,Rio Grande do Sul,391,195.5,0,0,0,0,0,0,0,0,0,0,0,0,0,0,0,0,0,0.0,0.0,0.0,0,,195.5,Deserto absoluto,False
4307831,430783,Eugênio de Castro - RS,RS,Rio Grande do Sul,395,197.5,0,0,0,0,0,0,0,0,0,0,0,0,0,0,0,0,0,0.0,0.0,0.0,0,,197.5,Deserto absoluto,False
4307864,430786,Fagundes Varela - RS,RS,Rio Grande do Sul,355,177.5,0,0,0,0,0,0,0,0,0,0,0,0,0,0,0,0,0,0.0,0.0,0.0,0,,177.5,Deserto absoluto,False
4307906,430790,Farroupilha - RS,RS,Rio Grande do Sul,9034,4517.0,4,4,2483,3081,3425,3282,3652,3260,70,86,114,105,101,133,6912,234,7146,3573.0,0.7651,0.791,20276,0.8238,944.0,Adequado,True
4308003,430800,Faxinal do Soturno - RS,RS,Rio Grande do Sul,906,453.0,1,1,1142,1354,1543,1600,1440,1521,153,135,217,109,105,75,2961,180,3141,1570.5,3.2682,3.4669,5069,0.6902,-1117.5,Adequado,False
4308052,430805,Faxinalzinho - RS,RS,Rio Grande do Sul,346,173.0,0,0,0,0,0,0,0,0,0,0,0,0,0,0,0,0,0,0.0,0.0,0.0,0,,173.0,Deserto absoluto,False
4308078,430807,Fazenda Vilanova - RS,RS,Rio Grande do Sul,457,228.5,0,0,0,0,0,0,0,0,0,0,0,0,0,0,0,0,0,0.0,0.0,0.0,0,,228.5,Deserto absoluto,False
4308102,430810,Feliz - RS,RS,Rio Grande do Sul,1866,933.0,0,0,0,0,0,0,0,0,0,0,0,0,0,0,0,0,0,0.0,0.0,0.0,0,,933.0,Deserto absoluto,False
4308201,430820,Flores da Cunha - RS,RS,Rio Grande do Sul,4009,2004.5,2,2,622,1216,1252,1300,1549,1460,49,20,22,14,29,18,3009,47,3056,1528.0,0.7506,0.7623,10138,0.8493,476.5,Adequado,True
4308250,430825,Floriano Peixoto - RS,RS,Rio Grande do Sul,265,132.5,0,0,0,0,0,0,0,0,0,0,0,0,0,0,0,0,0,0.0,0.0,0.0,0,,132.5,Deserto absoluto,False
4308300,430830,Fontoura Xavier - RS,RS,Rio Grande do Sul,1226,613.0,1,1,0,0,0,127,231,285,0,0,0,0,0,1,516,1,517,258.5,0.4209,0.4217,5069,0.949,354.5,Intermediario,True
4308409,430840,Formigueiro - RS,RS,Rio Grande do Sul,945,472.5,0,0,0,0,0,0,0,0,0,0,0,0,0,0,0,0,0,0.0,0.0,0.0,0,,472.5,Deserto absoluto,False
4308433,430843,Forquetinha - RS,RS,Rio Grande do Sul,388,194.0,0,0,0,0,0,0,0,0,0,0,0,0,0,0,0,0,0,0.0,0.0,0.0,0,,194.0,Deserto absoluto,False
4308458,430845,Fortaleza dos Valos - RS,RS,Rio Grande do Sul,614,307.0,0,0,0,0,0,0,0,0,0,0,0,0,0,0,0,0,0,0.0,0.0,0.0,0,,307.0,Deserto absoluto,False
4308508,430850,Frederico Westphalen - RS,RS,Rio Grande do Sul,3822,1911.0,4,4,5207,4403,3394,6088,5073,4312,46,40,17,48,61,71,9385,132,9517,4758.5,2.4555,2.4901,20276,0.7653,-2847.5,Adequado,False
4308607,430860,Garibaldi - RS,RS,Rio Grande do Sul,4411,2205.5,2,2,1305,1931,1653,1919,1740,1819,62,53,57,59,62,48,3559,110,3669,1834.5,0.8068,0.8318,10138,0.819,371.0,Adequado,True
4308656,430865,Garruchos - RS,RS,Rio Grande do Sul,366,183.0,0,0,0,0,0,0,0,0,0,0,0,0,0,0,0,0,0,0.0,0.0,0.0,0,,183.0,Deserto absoluto,False
4308706,430870,Gaurama - RS,RS,Rio Grande do Sul,874,437.0,0,0,0,0,0,0,0,0,0,0,0,0,0,0,0,0,0,0.0,0.0,0.0,0,,437.0,Deserto absoluto,False
4308805,430880,General Câmara - RS,RS,Rio Grande do Sul,1093,546.5,0,0,0,0,0,0,0,0,0,0,0,0,0,0,0,0,0,0.0,0.0,0.0,0,,546.5,Deserto absoluto,False
4308854,430885,Gentil - RS,RS,Rio Grande do Sul,215,107.5,0,0,0,0,0,0,0,0,0,0,0,0,0,0,0,0,0,0.0,0.0,0.0,0,,107.5,Deserto absoluto,False
4308904,430890,Getúlio Vargas - RS,RS,Rio Grande do Sul,2231,1115.5,1,1,2531,4455,5152,5744,5226,5323,10,5,17,3,7,0,10549,7,10556,5278.0,4.7284,4.7315,5069,-0.0412,-4162.5,Adequado,False
4309001,430900,Giruá - RS,RS,Rio Grande do Sul,2238,1119.0,2,2,7420,10015,11021,12015,9428,9464,135,151,242,260,227,261,18892,488,19380,9690.0,8.4415,8.6595,10138,0.0442,-8571.0,Adequado,False
4309050,430905,Glorinha - RS,RS,Rio Grande do Sul,981,490.5,0,0,0,0,0,0,0,0,0,0,0,0,0,0,0,0,0,0.0,0.0,0.0,0,,490.5,Deserto absoluto,False
4309100,430910,Gramado - RS,RS,Rio Grande do Sul,4709,2354.5,4,3,1191,1254,890,1427,1437,1648,42,70,20,37,52,61,3085,113,3198,1599.0,0.6551,0.6791,15207,0.8949,755.5,Intermediario,True
4309126,430912,Gramado dos Loureiros - RS,RS,Rio Grande do Sul,294,147.0,0,0,0,0,0,0,0,0,0,0,0,0,0,0,0,0,0,0.0,0.0,0.0,0,,147.0,Deserto absoluto,False
4309159,430915,Gramado Xavier - RS,RS,Rio Grande do Sul,370,185.0,0,0,0,0,0,0,0,0,0,0,0,0,0,0,0,0,0,0.0,0.0,0.0,0,,185.0,Deserto absoluto,False
4309209,430920,Gravataí - RS,RS,Rio Grande do Sul,31793,15896.5,4,4,6095,7767,7716,9622,8702,9133,118,230,486,834,837,776,17835,1613,19448,9724.0,0.561,0.6117,20276,0.5204,6172.5,Intermediario,True
4309258,430925,Guabiju - RS,RS,Rio Grande do Sul,230,115.0,0,0,0,0,0,0,0,0,0,0,0,0,0,0,0,0,0,0.0,0.0,0.0,0,,115.0,Deserto absoluto,False
4309308,430930,Guaíba - RS,RS,Rio Grande do Sul,11904,5952.0,4,4,1909,2345,2463,2728,2082,1290,32,58,81,119,124,71,3372,195,3567,1783.5,0.2833,0.2996,20276,0.912,4168.5,Deserto funcional,True
4309407,430940,Guaporé - RS,RS,Rio Grande do Sul,3115,1557.5,1,1,813,719,938,997,557,255,2,1,1,6,4,0,812,4,816,408.0,0.2607,0.262,5069,0.9195,1149.5,Deserto funcional,True
4309506,430950,Guarani das Missões - RS,RS,Rio Grande do Sul,1154,577.0,0,0,0,0,0,0,0,0,0,0,0,0,0,0,0,0,0,0.0,0.0,0.0,0,,577.0,Deserto absoluto,False
4309555,430955,Harmonia - RS,RS,Rio Grande do Sul,658,329.0,0,0,0,0,0,0,0,0,0,0,0,0,0,0,0,0,0,0.0,0.0,0.0,0,,329.0,Deserto absoluto,False
4309571,430957,Herveiras - RS,RS,Rio Grande do Sul,278,139.0,0,0,0,0,0,0,0,0,0,0,0,0,0,0,0,0,0,0.0,0.0,0.0,0,,139.0,Deserto absoluto,False
4309605,430960,Horizontina - RS,RS,Rio Grande do Sul,2523,1261.5,1,1,0,0,0,0,0,0,0,0,0,0,0,0,0,0,0,0.0,0.0,0.0,5069,1.0,1261.5,Deserto funcional,True
4309654,430965,Hulha Negra - RS,RS,Rio Grande do Sul,665,332.5,0,0,0,0,0,0,0,0,0,0,0,0,0,0,0,0,0,0.0,0.0,0.0,0,,332.5,Deserto absoluto,False
4309704,430970,Humaitá - RS,RS,Rio Grande do Sul,735,367.5,0,0,0,0,0,0,0,0,0,0,0,0,0,0,0,0,0,0.0,0.0,0.0,0,,367.5,Deserto absoluto,False
4309753,430975,Ibarama - RS,RS,Rio Grande do Sul,488,244.0,0,0,0,0,0,0,0,0,0,0,0,0,0,0,0,0,0,0.0,0.0,0.0,0,,244.0,Deserto absoluto,False
4309803,430980,Ibiaçá - RS,RS,Rio Grande do Sul,722,361.0,0,0,0,0,0,0,0,0,0,0,0,0,0,0,0,0,0,0.0,0.0,0.0,0,,361.0,Deserto absoluto,False
4309902,430990,Ibiraiaras - RS,RS,Rio Grande do Sul,935,467.5,0,0,0,0,0,0,0,0,0,0,0,0,0,0,0,0,0,0.0,0.0,0.0,0,,467.5,Deserto absoluto,False
4309951,430995,Ibirapuitã - RS,RS,Rio Grande do Sul,444,222.0,0,0,0,0,0,0,0,0,0,0,0,0,0,0,0,0,0,0.0,0.0,0.0,0,,222.0,Deserto absoluto,False
4310009,431000,Ibirubá - RS,RS,Rio Grande do Sul,2682,1341.0,1,1,0,0,0,0,0,0,0,0,0,0,0,0,0,0,0,0.0,0.0,0.0,5069,1.0,1341.0,Deserto funcional,True
4310108,431010,Igrejinha - RS,RS,Rio Grande do Sul,3999,1999.5,3,3,0,0,0,0,200,746,0,0,0,0,2,3,946,5,951,475.5,0.2366,0.2378,15207,0.9687,1524.0,Deserto funcional,True
4310207,431020,Ijuí - RS,RS,Rio Grande do Sul,10673,5336.5,4,4,3135,4985,5413,4320,4757,5301,1316,1218,1287,1289,940,1107,10058,2047,12105,6052.5,0.9424,1.1342,20276,0.7015,-716.0,Adequado,False
4310306,431030,Ilópolis - RS,RS,Rio Grande do Sul,548,274.0,1,1,716,891,881,1000,925,958,2,4,5,9,13,12,1883,25,1908,954.0,3.4361,3.4818,5069,0.8118,-680.0,Adequado,False
4310330,431033,Imbé - RS,RS,Rio Grande do Sul,4021,2010.5,0,0,0,0,0,0,0,0,0,0,0,0,0,0,0,0,0,0.0,0.0,0.0,0,,2010.5,Deserto absoluto,False
4310363,431036,Imigrante - RS,RS,Rio Grande do Sul,402,201.0,0,0,0,0,0,0,0,0,0,0,0,0,0,0,0,0,0,0.0,0.0,0.0,0,,201.0,Deserto absoluto,False
4310405,431040,Independência - RS,RS,Rio Grande do Sul,911,455.5,0,0,0,0,0,0,0,0,0,0,0,0,0,0,0,0,0,0.0,0.0,0.0,0,,455.5,Deserto absoluto,False
4310413,431041,Inhacorá - RS,RS,Rio Grande do Sul,293,146.5,0,0,0,0,0,0,0,0,0,0,0,0,0,0,0,0,0,0.0,0.0,0.0,0,,146.5,Deserto absoluto,False
4310439,431043,Ipê - RS,RS,Rio Grande do Sul,750,375.0,0,0,0,0,0,0,0,0,0,0,0,0,0,0,0,0,0,0.0,0.0,0.0,0,,375.0,Deserto absoluto,False
4310462,431046,Ipiranga do Sul - RS,RS,Rio Grande do Sul,284,142.0,0,0,0,0,0,0,0,0,0,0,0,0,0,0,0,0,0,0.0,0.0,0.0,0,,142.0,Deserto absoluto,False
4310504,431050,Iraí - RS,RS,Rio Grande do Sul,962,481.0,0,0,0,0,0,0,0,0,0,0,0,0,0,0,0,0,0,0.0,0.0,0.0,0,,481.0,Deserto absoluto,False
4310538,431053,Itaara - RS,RS,Rio Grande do Sul,744,372.0,0,0,0,0,0,0,0,0,0,0,0,0,0,0,0,0,0,0.0,0.0,0.0,0,,372.0,Deserto absoluto,False
4310553,431055,Itacurubi - RS,RS,Rio Grande do Sul,417,208.5,0,0,0,0,0,0,0,0,0,0,0,0,0,0,0,0,0,0.0,0.0,0.0,0,,208.5,Deserto absoluto,False
4310579,431057,Itapuca - RS,RS,Rio Grande do Sul,246,123.0,0,0,0,0,0,0,0,0,0,0,0,0,0,0,0,0,0,0.0,0.0,0.0,0,,123.0,Deserto absoluto,False
4310603,431060,Itaqui - RS,RS,Rio Grande do Sul,4247,2123.5,1,1,764,1119,1091,1118,1150,1146,2,4,1,1,7,13,2296,20,2316,1158.0,0.5406,0.5453,5069,0.7716,965.5,Intermediario,True
4310652,431065,Itati - RS,RS,Rio Grande do Sul,375,187.5,0,0,0,0,0,0,0,0,0,0,0,0,0,0,0,0,0,0.0,0.0,0.0,0,,187.5,Deserto absoluto,False
4310702,431070,Itatiba do Sul - RS,RS,Rio Grande do Sul,503,251.5,0,0,0,0,0,0,0,0,0,0,0,0,0,0,0,0,0,0.0,0.0,0.0,0,,251.5,Deserto absoluto,False
4310751,431075,Ivorá - RS,RS,Rio Grande do Sul,266,133.0,0,0,0,0,0,0,0,0,0,0,0,0,0,0,0,0,0,0.0,0.0,0.0,0,,133.0,Deserto absoluto,False
4310801,431080,Ivoti - RS,RS,Rio Grande do Sul,2933,1466.5,1,1,1264,1063,1155,1273,1261,944,17,24,18,14,14,8,2205,22,2227,1113.5,0.7518,0.7593,5069,0.7803,353.0,Adequado,True
4310850,431085,Jaboticaba - RS,RS,Rio Grande do Sul,544,272.0,0,0,0,0,0,0,0,0,0,0,0,0,0,0,0,0,0,0.0,0.0,0.0,0,,272.0,Deserto absoluto,False
4310876,431087,Jacuizinho - RS,RS,Rio Grande do Sul,283,141.5,0,0,0,0,0,0,0,0,0,0,0,0,0,0,0,0,0,0.0,0.0,0.0,0,,141.5,Deserto absoluto,False
4310900,431090,Jacutinga - RS,RS,Rio Grande do Sul,513,256.5,0,0,0,0,0,0,0,0,0,0,0,0,0,0,0,0,0,0.0,0.0,0.0,0,,256.5,Deserto absoluto,False
4311007,431100,Jaguarão - RS,RS,Rio Grande do Sul,3510,1755.0,1,1,788,1000,1295,1919,1568,1076,124,120,133,208,188,129,2644,317,2961,1480.5,0.7533,0.8436,5069,0.7079,274.5,Adequado,True
4311106,431110,Jaguari - RS,RS,Rio Grande do Sul,1565,782.5,1,1,0,0,0,0,0,0,0,0,0,0,0,0,0,0,0,0.0,0.0,0.0,5069,1.0,782.5,Deserto funcional,True
4311122,431112,Jaquirana - RS,RS,Rio Grande do Sul,478,239.0,0,0,0,0,0,0,0,0,0,0,0,0,0,0,0,0,0,0.0,0.0,0.0,0,,239.0,Deserto absoluto,False
4311130,431113,Jari - RS,RS,Rio Grande do Sul,423,211.5,0,0,0,0,0,0,0,0,0,0,0,0,0,0,0,0,0,0.0,0.0,0.0,0,,211.5,Deserto absoluto,False
4311155,431115,Jóia - RS,RS,Rio Grande do Sul,974,487.0,0,0,0,0,0,0,0,0,0,0,0,0,0,0,0,0,0,0.0,0.0,0.0,0,,487.0,Deserto absoluto,False
4311205,431120,Júlio de Castilhos - RS,RS,Rio Grande do Sul,2414,1207.0,1,1,464,586,669,625,575,614,14,20,18,15,8,8,1189,16,1205,602.5,0.4925,0.4992,5069,0.8811,604.5,Intermediario,True
4311239,431123,Lagoa Bonita do Sul - RS,RS,Rio Grande do Sul,290,145.0,0,0,0,0,0,0,0,0,0,0,0,0,0,0,0,0,0,0.0,0.0,0.0,0,,145.0,Deserto absoluto,False
4311254,431125,Lagoão - RS,RS,Rio Grande do Sul,652,326.0,0,0,0,0,0,0,0,0,0,0,0,0,0,0,0,0,0,0.0,0.0,0.0,0,,326.0,Deserto absoluto,False
4311270,431127,Lagoa dos Três Cantos - RS,RS,Rio Grande do Sul,240,120.0,0,0,0,0,0,0,0,0,0,0,0,0,0,0,0,0,0,0.0,0.0,0.0,0,,120.0,Deserto absoluto,False
4311304,431130,Lagoa Vermelha - RS,RS,Rio Grande do Sul,3517,1758.5,3,3,674,531,1169,967,1027,1063,13,14,17,13,18,13,2090,31,2121,1060.5,0.5943,0.6031,15207,0.9303,698.0,Intermediario,True
4311403,431140,Lajeado - RS,RS,Rio Grande do Sul,10296,5148.0,2,2,2303,3357,3617,3264,3083,3757,791,895,824,890,614,377,6840,991,7831,3915.5,0.6643,0.7606,10138,0.6138,1232.5,Adequado,True
4311429,431142,Lajeado do Bugre - RS,RS,Rio Grande do Sul,277,138.5,0,0,0,0,0,0,0,0,0,0,0,0,0,0,0,0,0,0.0,0.0,0.0,0,,138.5,Deserto absoluto,False
4311502,431150,Lavras do Sul - RS,RS,Rio Grande do Sul,967,483.5,0,0,0,0,0,0,0,0,0,0,0,0,0,0,0,0,0,0.0,0.0,0.0,0,,483.5,Deserto absoluto,False
4311601,431160,Liberato Salzano - RS,RS,Rio Grande do Sul,690,345.0,0,0,0,0,0,0,0,0,0,0,0,0,0,0,0,0,0,0.0,0.0,0.0,0,,345.0,Deserto absoluto,False
4311627,431162,Lindolfo Collor - RS,RS,Rio Grande do Sul,658,329.0,0,0,0,0,0,0,0,0,0,0,0,0,0,0,0,0,0,0.0,0.0,0.0,0,,329.0,Deserto absoluto,False
4311643,431164,Linha Nova - RS,RS,Rio Grande do Sul,247,123.5,0,0,0,0,0,0,0,0,0,0,0,0,0,0,0,0,0,0.0,0.0,0.0,0,,123.5,Deserto absoluto,False
4311700,431170,Machadinho - RS,RS,Rio Grande do Sul,722,361.0,0,0,0,0,0,0,0,0,0,0,0,0,0,0,0,0,0,0.0,0.0,0.0,0,,361.0,Deserto absoluto,False
4311718,431171,Maçambará - RS,RS,Rio Grande do Sul,567,283.5,0,0,0,0,0,0,0,0,0,0,0,0,0,0,0,0,0,0.0,0.0,0.0,0,,283.5,Deserto absoluto,False
4311734,431173,Mampituba - RS,RS,Rio Grande do Sul,422,211.0,0,0,0,0,0,0,0,0,0,0,0,0,0,0,0,0,0,0.0,0.0,0.0,0,,211.0,Deserto absoluto,False
4311759,431175,Manoel Viana - RS,RS,Rio Grande do Sul,937,468.5,0,0,0,0,0,0,0,0,0,0,0,0,0,0,0,0,0,0.0,0.0,0.0,0,,468.5,Deserto absoluto,False
4311775,431177,Maquiné - RS,RS,Rio Grande do Sul,979,489.5,0,0,0,0,0,0,0,0,0,0,0,0,0,0,0,0,0,0.0,0.0,0.0,0,,489.5,Deserto absoluto,False
4311791,431179,Maratá - RS,RS,Rio Grande do Sul,346,173.0,0,0,0,0,0,0,0,0,0,0,0,0,0,0,0,0,0,0.0,0.0,0.0,0,,173.0,Deserto absoluto,False
4311809,431180,Marau - RS,RS,Rio Grande do Sul,5028,2514.0,3,3,1177,1593,1790,1697,1956,1867,68,77,65,90,116,106,3823,222,4045,2022.5,0.7603,0.8045,15207,0.867,491.5,Adequado,True
4311908,431190,Marcelino Ramos - RS,RS,Rio Grande do Sul,655,327.5,0,0,0,0,0,0,0,0,0,0,0,0,0,0,0,0,0,0.0,0.0,0.0,0,,327.5,Deserto absoluto,False
4311981,431198,Mariana Pimentel - RS,RS,Rio Grande do Sul,558,279.0,0,0,0,0,0,0,0,0,0,0,0,0,0,0,0,0,0,0.0,0.0,0.0,0,,279.0,Deserto absoluto,False
4312005,431200,Mariano Moro - RS,RS,Rio Grande do Sul,300,150.0,0,0,0,0,0,0,0,0,0,0,0,0,0,0,0,0,0,0.0,0.0,0.0,0,,150.0,Deserto absoluto,False
4312054,431205,Marques de Souza - RS,RS,Rio Grande do Sul,592,296.0,1,1,0,0,0,0,0,0,0,0,0,0,0,0,0,0,0,0.0,0.0,0.0,5069,1.0,296.0,Deserto funcional,True
4312104,431210,Mata - RS,RS,Rio Grande do Sul,645,322.5,0,0,0,0,0,0,0,0,0,0,0,0,0,0,0,0,0,0.0,0.0,0.0,0,,322.5,Deserto absoluto,False
4312138,431213,Mato Castelhano - RS,RS,Rio Grande do Sul,329,164.5,0,0,0,0,0,0,0,0,0,0,0,0,0,0,0,0,0,0.0,0.0,0.0,0,,164.5,Deserto absoluto,False
4312153,431215,Mato Leitão - RS,RS,Rio Grande do Sul,616,308.0,0,0,0,0,0,0,0,0,0,0,0,0,0,0,0,0,0,0.0,0.0,0.0,0,,308.0,Deserto absoluto,False
4312179,431217,Mato Queimado - RS,RS,Rio Grande do Sul,243,121.5,0,0,0,0,0,0,0,0,0,0,0,0,0,0,0,0,0,0.0,0.0,0.0,0,,121.5,Deserto absoluto,False
4312203,431220,Maximiliano de Almeida - RS,RS,Rio Grande do Sul,627,313.5,0,0,0,0,0,0,0,0,0,0,0,0,0,0,0,0,0,0.0,0.0,0.0,0,,313.5,Deserto absoluto,False
4312252,431225,Minas do Leão - RS,RS,Rio Grande do Sul,952,476.0,0,0,0,0,0,0,0,0,0,0,0,0,0,0,0,0,0,0.0,0.0,0.0,0,,476.0,Deserto absoluto,False
4312302,431230,Miraguaí - RS,RS,Rio Grande do Sul,610,305.0,0,0,0,0,0,0,0,0,0,0,0,0,0,0,0,0,0,0.0,0.0,0.0,0,,305.0,Deserto absoluto,False
4312351,431235,Montauri - RS,RS,Rio Grande do Sul,226,113.0,0,0,0,0,0,0,0,0,0,0,0,0,0,0,0,0,0,0.0,0.0,0.0,0,,113.0,Deserto absoluto,False
4312377,431237,Monte Alegre dos Campos - RS,RS,Rio Grande do Sul,405,202.5,0,0,0,0,0,0,0,0,0,0,0,0,0,0,0,0,0,0.0,0.0,0.0,0,,202.5,Deserto absoluto,False
4312385,431238,Monte Belo do Sul - RS,RS,Rio Grande do Sul,406,203.0,0,0,0,0,0,0,0,0,0,0,0,0,0,0,0,0,0,0.0,0.0,0.0,0,,203.0,Deserto absoluto,False
4312401,431240,Montenegro - RS,RS,Rio Grande do Sul,7725,3862.5,4,3,315,0,0,0,0,0,2,0,0,0,0,0,0,0,0,0.0,0.0,0.0,15207,1.0,3862.5,Deserto funcional,True
4312427,431242,Mormaço - RS,RS,Rio Grande do Sul,373,186.5,0,0,0,0,0,0,0,0,0,0,0,0,0,0,0,0,0,0.0,0.0,0.0,0,,186.5,Deserto absoluto,False
4312443,431244,Morrinhos do Sul - RS,RS,Rio Grande do Sul,476,238.0,0,0,0,0,0,0,0,0,0,0,0,0,0,0,0,0,0,0.0,0.0,0.0,0,,238.0,Deserto absoluto,False
4312450,431245,Morro Redondo - RS,RS,Rio Grande do Sul,880,440.0,0,0,0,0,0,0,0,0,0,0,0,0,0,0,0,0,0,0.0,0.0,0.0,0,,440.0,Deserto absoluto,False
4312476,431247,Morro Reuter - RS,RS,Rio Grande do Sul,847,423.5,0,0,0,0,0,0,0,0,0,0,0,0,0,0,0,0,0,0.0,0.0,0.0,0,,423.5,Deserto absoluto,False
4312500,431250,Mostardas - RS,RS,Rio Grande do Sul,1554,777.0,0,0,0,0,0,0,0,0,0,0,0,0,0,0,0,0,0,0.0,0.0,0.0,0,,777.0,Deserto absoluto,False
4312609,431260,Muçum - RS,RS,Rio Grande do Sul,669,334.5,0,0,0,0,0,0,0,0,0,0,0,0,0,0,0,0,0,0.0,0.0,0.0,0,,334.5,Deserto absoluto,False
4312617,431261,Muitos Capões - RS,RS,Rio Grande do Sul,307,153.5,0,0,0,0,0,0,0,0,0,0,0,0,0,0,0,0,0,0.0,0.0,0.0,0,,153.5,Deserto absoluto,False
4312625,431262,Muliterno - RS,RS,Rio Grande do Sul,227,113.5,0,0,0,0,0,0,0,0,0,0,0,0,0,0,0,0,0,0.0,0.0,0.0,0,,113.5,Deserto absoluto,False
4312658,431265,Não-Me-Toque - RS,RS,Rio Grande do Sul,2164,1082.0,1,1,430,109,0,0,0,118,11,4,0,0,0,0,118,0,118,59.0,0.0545,0.0545,5069,0.9884,1023.0,Deserto funcional,True
4312674,431267,Nicolau Vergueiro - RS,RS,Rio Grande do Sul,275,137.5,0,0,0,0,0,0,0,0,0,0,0,0,0,0,0,0,0,0.0,0.0,0.0,0,,137.5,Deserto absoluto,False
4312708,431270,Nonoai - RS,RS,Rio Grande do Sul,1603,801.5,0,0,0,196,291,204,237,154,0,0,1,2,3,3,391,6,397,198.5,0.2439,0.2477,0,,603.0,Deserto absoluto,False
4312757,431275,Nova Alvorada - RS,RS,Rio Grande do Sul,399,199.5,0,0,0,0,0,0,0,0,0,0,0,0,0,0,0,0,0,0.0,0.0,0.0,0,,199.5,Deserto absoluto,False
4312807,431280,Nova Araçá - RS,RS,Rio Grande do Sul,575,287.5,0,0,0,0,0,0,0,0,0,0,0,0,0,0,0,0,0,0.0,0.0,0.0,0,,287.5,Deserto absoluto,False
4312906,431290,Nova Bassano - RS,RS,Rio Grande do Sul,1179,589.5,2,2,0,0,356,621,655,598,0,0,9,8,21,10,1253,31,1284,642.0,1.0628,1.0891,10138,0.9367,-52.5,Adequado,False
4312955,431295,Nova Boa Vista - RS,RS,Rio Grande do Sul,309,154.5,0,0,0,0,0,0,0,0,0,0,0,0,0,0,0,0,0,0.0,0.0,0.0,0,,154.5,Deserto absoluto,False
4313003,431300,Nova Bréscia - RS,RS,Rio Grande do Sul,463,231.5,0,0,0,0,0,0,0,0,0,0,0,0,0,0,0,0,0,0.0,0.0,0.0,0,,231.5,Deserto absoluto,False
4313011,431301,Nova Candelária - RS,RS,Rio Grande do Sul,406,203.0,0,0,0,0,0,0,0,0,0,0,0,0,0,0,0,0,0,0.0,0.0,0.0,0,,203.0,Deserto absoluto,False
4313037,431303,Nova Esperança do Sul - RS,RS,Rio Grande do Sul,609,304.5,0,0,0,0,0,0,0,0,0,0,0,0,0,0,0,0,0,0.0,0.0,0.0,0,,304.5,Deserto absoluto,False
4313060,431306,Nova Hartz - RS,RS,Rio Grande do Sul,2267,1133.5,0,0,0,0,0,0,0,0,0,0,0,0,0,0,0,0,0,0.0,0.0,0.0,0,,1133.5,Deserto absoluto,False
4313086,431308,Nova Pádua - RS,RS,Rio Grande do Sul,351,175.5,0,0,0,0,0,0,0,0,0,0,0,0,0,0,0,0,0,0.0,0.0,0.0,0,,175.5,Deserto absoluto,False
4313102,431310,Nova Palma - RS,RS,Rio Grande do Sul,727,363.5,1,1,0,0,0,0,0,0,0,0,0,0,0,0,0,0,0,0.0,0.0,0.0,5069,1.0,363.5,Deserto funcional,True
4313201,431320,Nova Petrópolis - RS,RS,Rio Grande do Sul,2957,1478.5,3,2,153,583,660,876,802,911,7,47,35,46,50,38,1713,88,1801,900.5,0.5793,0.6091,10138,0.9112,578.0,Intermediario,True
4313300,431330,Nova Prata - RS,RS,Rio Grande do Sul,3183,1591.5,1,1,1008,672,831,875,930,832,2,5,6,34,27,125,1762,152,1914,957.0,0.5536,0.6013,5069,0.8112,634.5,Intermediario,True
4313334,431333,Nova Ramada - RS,RS,Rio Grande do Sul,322,161.0,0,0,0,0,0,0,0,0,0,0,0,0,0,0,0,0,0,0.0,0.0,0.0,0,,161.0,Deserto absoluto,False
4313359,431335,Nova Roma do Sul - RS,RS,Rio Grande do Sul,507,253.5,0,0,0,0,0,0,0,0,0,0,0,0,0,0,0,0,0,0.0,0.0,0.0,0,,253.5,Deserto absoluto,False
4313375,431337,Nova Santa Rita - RS,RS,Rio Grande do Sul,2958,1479.0,0,0,0,0,0,0,0,0,0,0,0,0,0,0,0,0,0,0.0,0.0,0.0,0,,1479.0,Deserto absoluto,False
4313391,431339,Novo Cabrais - RS,RS,Rio Grande do Sul,517,258.5,0,0,0,0,0,0,0,0,0,0,0,0,0,0,0,0,0,0.0,0.0,0.0,0,,258.5,Deserto absoluto,False
4313409,431340,Novo Hamburgo - RS,RS,Rio Grande do Sul,30566,15283.0,10,10,2577,3869,5041,5649,5702,6389,805,1007,249,223,433,289,12091,722,12813,6406.5,0.3956,0.4192,50690,0.8736,8876.5,Intermediario,True
4313425,431342,Novo Machado - RS,RS,Rio Grande do Sul,549,274.5,0,0,0,0,0,0,0,0,0,0,0,0,0,0,0,0,0,0.0,0.0,0.0,0,,274.5,Deserto absoluto,False
4313441,431344,Novo Tiradentes - RS,RS,Rio Grande do Sul,291,145.5,0,0,0,0,0,0,0,0,0,0,0,0,0,0,0,0,0,0.0,0.0,0.0,0,,145.5,Deserto absoluto,False
4313466,431346,Novo Xingu - RS,RS,Rio Grande do Sul,228,114.0,0,0,0,0,0,0,0,0,0,0,0,0,0,0,0,0,0,0.0,0.0,0.0,0,,114.0,Deserto absoluto,False
4313490,431349,Novo Barreiro - RS,RS,Rio Grande do Sul,581,290.5,0,0,0,0,0,0,0,0,0,0,0,0,0,0,0,0,0,0.0,0.0,0.0,0,,290.5,Deserto absoluto,False
4313508,431350,Osório - RS,RS,Rio Grande do Sul,5894,2947.0,2,2,2249,2154,3260,3316,4182,4312,135,105,185,187,112,286,8494,398,8892,4446.0,1.4411,1.5087,10138,0.5615,-1499.0,Adequado,False
4313607,431360,Paim Filho - RS,RS,Rio Grande do Sul,598,299.0,0,0,0,0,0,0,0,0,0,0,0,0,0,0,0,0,0,0.0,0.0,0.0,0,,299.0,Deserto absoluto,False
4313656,431365,Palmares do Sul - RS,RS,Rio Grande do Sul,2044,1022.0,0,0,0,0,0,0,0,0,0,0,0,0,0,0,0,0,0,0.0,0.0,0.0,0,,1022.0,Deserto absoluto,False
4313706,431370,Palmeira das Missões - RS,RS,Rio Grande do Sul,4240,2120.0,6,4,221,94,0,0,0,914,10,0,0,0,0,5,914,5,919,459.5,0.2156,0.2167,20276,0.9773,1660.5,Deserto funcional,True
4313805,431380,Palmitinho - RS,RS,Rio Grande do Sul,966,483.0,0,0,0,0,0,0,0,0,0,0,0,0,0,0,0,0,0,0.0,0.0,0.0,0,,483.0,Deserto absoluto,False
4313904,431390,Panambi - RS,RS,Rio Grande do Sul,4896,2448.0,3,3,0,302,1074,1441,1499,1616,0,9,32,48,39,38,3115,77,3192,1596.0,0.6362,0.652,15207,0.895,852.0,Intermediario,True
4313953,431395,Pantano Grande - RS,RS,Rio Grande do Sul,1283,641.5,0,0,0,0,0,0,0,0,0,0,0,0,0,0,0,0,0,0.0,0.0,0.0,0,,641.5,Deserto absoluto,False
4314001,431400,Paraí - RS,RS,Rio Grande do Sul,964,482.0,0,0,0,0,0,0,0,0,0,0,0,0,0,0,0,0,0,0.0,0.0,0.0,0,,482.0,Deserto absoluto,False
4314027,431402,Paraíso do Sul - RS,RS,Rio Grande do Sul,938,469.0,0,0,0,0,0,0,0,0,0,0,0,0,0,0,0,0,0,0.0,0.0,0.0,0,,469.0,Deserto absoluto,False
4314035,431403,Pareci Novo - RS,RS,Rio Grande do Sul,561,280.5,0,0,0,0,0,0,0,0,0,0,0,0,0,0,0,0,0,0.0,0.0,0.0,0,,280.5,Deserto absoluto,False
4314050,431405,Parobé - RS,RS,Rio Grande do Sul,6144,3072.0,2,2,0,0,0,0,0,0,0,0,0,0,0,0,0,0,0,0.0,0.0,0.0,10138,1.0,3072.0,Deserto funcional,True
4314068,431406,Passa Sete - RS,RS,Rio Grande do Sul,537,268.5,0,0,0,0,0,0,0,0,0,0,0,0,0,0,0,0,0,0.0,0.0,0.0,0,,268.5,Deserto absoluto,False
4314076,431407,Passo do Sobrado - RS,RS,Rio Grande do Sul,865,432.5,0,0,0,0,0,0,0,0,0,0,0,0,0,0,0,0,0,0.0,0.0,0.0,0,,432.5,Deserto absoluto,False
4314100,431410,Passo Fundo - RS,RS,Rio Grande do Sul,24460,12230.0,10,9,4112,5645,5823,5737,5932,5874,1824,1966,1991,2164,2614,2249,11806,4863,16669,8334.5,0.4827,0.6815,45621,0.8173,3895.5,Intermediario,True
4314134,431413,Paulo Bento - RS,RS,Rio Grande do Sul,319,159.5,0,0,0,0,0,0,0,0,0,0,0,0,0,0,0,0,0,0.0,0.0,0.0,0,,159.5,Deserto absoluto,False
4314159,431415,Paverama - RS,RS,Rio Grande do Sul,1024,512.0,0,0,0,0,0,0,0,0,0,0,0,0,0,0,0,0,0,0.0,0.0,0.0,0,,512.0,Deserto absoluto,False
4314175,431417,Pedras Altas - RS,RS,Rio Grande do Sul,260,130.0,0,0,0,0,0,0,0,0,0,0,0,0,0,0,0,0,0,0.0,0.0,0.0,0,,130.0,Deserto absoluto,False
4314209,431420,Pedro Osório - RS,RS,Rio Grande do Sul,1048,524.0,0,0,0,0,0,0,0,0,0,0,0,0,0,0,0,0,0,0.0,0.0,0.0,0,,524.0,Deserto absoluto,False
4314308,431430,Pejuçara - RS,RS,Rio Grande do Sul,503,251.5,0,0,0,0,0,0,0,0,0,0,0,0,0,0,0,0,0,0.0,0.0,0.0,0,,251.5,Deserto absoluto,False
4314407,431440,Pelotas - RS,RS,Rio Grande do Sul,42997,21498.5,16,13,1469,1276,4752,3248,5423,5255,1055,863,1305,245,151,70,10678,221,10899,5449.5,0.2483,0.2535,65897,0.9173,16049.0,Deserto funcional,True
4314423,431442,Picada Café - RS,RS,Rio Grande do Sul,757,378.5,0,0,0,0,0,0,0,0,0,0,0,0,0,0,0,0,0,0.0,0.0,0.0,0,,378.5,Deserto absoluto,False
4314456,431445,Pinhal - RS,RS,Rio Grande do Sul,358,179.0,0,0,0,0,0,0,0,0,0,0,0,0,0,0,0,0,0,0.0,0.0,0.0,0,,179.0,Deserto absoluto,False
4314464,431446,Pinhal da Serra - RS,RS,Rio Grande do Sul,305,152.5,0,0,0,0,0,0,0,0,0,0,0,0,0,0,0,0,0,0.0,0.0,0.0,0,,152.5,Deserto absoluto,False
4314472,431447,Pinhal Grande - RS,RS,Rio Grande do Sul,509,254.5,0,0,0,0,0,0,0,0,0,0,0,0,0,0,0,0,0,0.0,0.0,0.0,0,,254.5,Deserto absoluto,False
4314498,431449,Pinheirinho do Vale - RS,RS,Rio Grande do Sul,565,282.5,0,0,0,0,0,0,0,0,0,0,0,0,0,0,0,0,0,0.0,0.0,0.0,0,,282.5,Deserto absoluto,False
4314506,431450,Pinheiro Machado - RS,RS,Rio Grande do Sul,1535,767.5,1,1,0,0,60,508,492,478,0,0,2,10,14,12,970,26,996,498.0,0.6319,0.6489,5069,0.9018,269.5,Intermediario,True
4314548,431454,Pinto Bandeira - RS,RS,Rio Grande do Sul,367,183.5,0,0,0,0,0,0,0,0,0,0,0,0,0,0,0,0,0,0.0,0.0,0.0,0,,183.5,Deserto absoluto,False
4314555,431455,Pirapó - RS,RS,Rio Grande do Sul,410,205.0,0,0,0,0,0,0,0,0,0,0,0,0,0,0,0,0,0,0.0,0.0,0.0,0,,205.0,Deserto absoluto,False
4314605,431460,Piratini - RS,RS,Rio Grande do Sul,2448,1224.0,1,1,308,672,807,1081,978,737,5,0,37,72,59,45,1715,104,1819,909.5,0.7006,0.7431,5069,0.8206,314.5,Adequado,True
4314704,431470,Planalto - RS,RS,Rio Grande do Sul,1400,700.0,0,0,0,0,0,0,0,0,0,0,0,0,0,0,0,0,0,0.0,0.0,0.0,0,,700.0,Deserto absoluto,False
4314753,431475,Poço das Antas - RS,RS,Rio Grande do Sul,279,139.5,0,0,0,0,0,0,0,0,0,0,0,0,0,0,0,0,0,0.0,0.0,0.0,0,,139.5,Deserto absoluto,False
4314779,431477,Pontão - RS,RS,Rio Grande do Sul,462,231.0,0,0,0,0,0,0,0,0,0,0,0,0,0,0,0,0,0,0.0,0.0,0.0,0,,231.0,Deserto absoluto,False
4314787,431478,Ponte Preta - RS,RS,Rio Grande do Sul,242,121.0,0,0,0,0,0,0,0,0,0,0,0,0,0,0,0,0,0,0.0,0.0,0.0,0,,121.0,Deserto absoluto,False
4314803,431480,Portão - RS,RS,Rio Grande do Sul,4106,2053.0,0,0,0,0,0,0,0,0,0,0,0,0,0,0,0,0,0,0.0,0.0,0.0,0,,2053.0,Deserto absoluto,False
4314902,431490,Porto Alegre - RS,RS,Rio Grande do Sul,180485,90242.5,70,69,24100,35370,39868,37447,32581,39558,5254,6377,7232,8036,9045,11683,72139,20728,92867,46433.5,0.3997,0.5145,349761,0.8672,43809.0,Intermediario,True
4315008,431500,Porto Lucena - RS,RS,Rio Grande do Sul,750,375.0,0,0,0,0,0,0,0,0,0,0,0,0,0,0,0,0,0,0.0,0.0,0.0,0,,375.0,Deserto absoluto,False
4315057,431505,Porto Mauá - RS,RS,Rio Grande do Sul,361,180.5,0,0,0,0,0,0,0,0,0,0,0,0,0,0,0,0,0,0.0,0.0,0.0,0,,180.5,Deserto absoluto,False
4315073,431507,Porto Vera Cruz - RS,RS,Rio Grande do Sul,276,138.0,0,0,0,0,0,0,0,0,0,0,0,0,0,0,0,0,0,0.0,0.0,0.0,0,,138.0,Deserto absoluto,False
4315107,431510,Porto Xavier - RS,RS,Rio Grande do Sul,1352,676.0,0,0,0,0,0,0,0,0,0,0,0,0,0,0,0,0,0,0.0,0.0,0.0,0,,676.0,Deserto absoluto,False
4315131,431513,Pouso Novo - RS,RS,Rio Grande do Sul,228,114.0,0,0,0,0,0,0,0,0,0,0,0,0,0,0,0,0,0,0.0,0.0,0.0,0,,114.0,Deserto absoluto,False
4315149,431514,Presidente Lucena - RS,RS,Rio Grande do Sul,363,181.5,0,0,0,0,0,0,0,0,0,0,0,0,0,0,0,0,0,0.0,0.0,0.0,0,,181.5,Deserto absoluto,False
4315156,431515,Progresso - RS,RS,Rio Grande do Sul,787,393.5,0,0,0,0,0,0,0,0,0,0,0,0,0,0,0,0,0,0.0,0.0,0.0,0,,393.5,Deserto absoluto,False
4315172,431517,Protásio Alves - RS,RS,Rio Grande do Sul,290,145.0,0,0,0,0,0,0,0,0,0,0,0,0,0,0,0,0,0,0.0,0.0,0.0,0,,145.0,Deserto absoluto,False
4315206,431520,Putinga - RS,RS,Rio Grande do Sul,524,262.0,0,0,0,0,0,0,0,0,0,0,0,0,0,0,0,0,0,0.0,0.0,0.0,0,,262.0,Deserto absoluto,False
4315305,431530,Quaraí - RS,RS,Rio Grande do Sul,2771,1385.5,0,0,0,0,0,0,0,0,0,0,0,0,0,0,0,0,0,0.0,0.0,0.0,0,,1385.5,Deserto absoluto,False
4315313,431531,Quatro Irmãos - RS,RS,Rio Grande do Sul,211,105.5,0,0,0,0,0,0,0,0,0,0,0,0,0,0,0,0,0,0.0,0.0,0.0,0,,105.5,Deserto absoluto,False
4315321,431532,Quevedos - RS,RS,Rio Grande do Sul,333,166.5,0,0,0,0,0,0,0,0,0,0,0,0,0,0,0,0,0,0.0,0.0,0.0,0,,166.5,Deserto absoluto,False
4315354,431535,Quinze de Novembro - RS,RS,Rio Grande do Sul,531,265.5,0,0,0,0,0,0,0,0,0,0,0,0,0,0,0,0,0,0.0,0.0,0.0,0,,265.5,Deserto absoluto,False
4315404,431540,Redentora - RS,RS,Rio Grande do Sul,862,431.0,0,0,0,0,0,0,0,0,0,0,0,0,0,0,0,0,0,0.0,0.0,0.0,0,,431.0,Deserto absoluto,False
4315453,431545,Relvado - RS,RS,Rio Grande do Sul,288,144.0,0,0,0,0,0,0,0,0,0,0,0,0,0,0,0,0,0,0.0,0.0,0.0,0,,144.0,Deserto absoluto,False
4315503,431550,Restinga Sêca - RS,RS,Rio Grande do Sul,2097,1048.5,0,0,0,0,0,0,0,0,0,0,0,0,0,0,0,0,0,0.0,0.0,0.0,0,,1048.5,Deserto absoluto,False
4315552,431555,Rio dos Índios - RS,RS,Rio Grande do Sul,439,219.5,0,0,0,0,0,0,0,0,0,0,0,0,0,0,0,0,0,0.0,0.0,0.0,0,,219.5,Deserto absoluto,False
4315602,431560,Rio Grande - RS,RS,Rio Grande do Sul,23882,11941.0,9,9,468,703,2334,1198,3154,2492,19,18,50,82,58,73,5646,131,5777,2888.5,0.2364,0.2419,45621,0.9367,9052.5,Deserto funcional,True
4315701,431570,Rio Pardo - RS,RS,Rio Grande do Sul,4785,2392.5,3,3,0,0,0,0,0,0,0,0,0,0,0,0,0,0,0,0.0,0.0,0.0,15207,1.0,2392.5,Deserto funcional,True
4315750,431575,Riozinho - RS,RS,Rio Grande do Sul,560,280.0,0,0,0,0,0,0,0,0,0,0,0,0,0,0,0,0,0,0.0,0.0,0.0,0,,280.0,Deserto absoluto,False
4315800,431580,Roca Sales - RS,RS,Rio Grande do Sul,1374,687.0,0,0,0,0,0,0,0,0,0,0,0,0,0,0,0,0,0,0.0,0.0,0.0,0,,687.0,Deserto absoluto,False
4315909,431590,Rodeio Bonito - RS,RS,Rio Grande do Sul,816,408.0,0,0,0,0,0,0,0,0,0,0,0,0,0,0,0,0,0,0.0,0.0,0.0,0,,408.0,Deserto absoluto,False
4315958,431595,Rolador - RS,RS,Rio Grande do Sul,345,172.5,0,0,0,0,0,0,0,0,0,0,0,0,0,0,0,0,0,0.0,0.0,0.0,0,,172.5,Deserto absoluto,False
4316006,431600,Rolante - RS,RS,Rio Grande do Sul,2600,1300.0,1,1,0,0,0,0,0,124,0,0,0,0,0,2,124,2,126,63.0,0.0477,0.0485,5069,0.9876,1237.0,Deserto funcional,True
4316105,431610,Ronda Alta - RS,RS,Rio Grande do Sul,1301,650.5,1,1,2126,2293,3029,2917,3065,3107,78,75,84,62,93,111,6172,204,6376,3188.0,4.744,4.9008,5069,0.3711,-2537.5,Adequado,False
4316204,431620,Rondinha - RS,RS,Rio Grande do Sul,761,380.5,0,0,0,0,0,0,0,0,0,0,0,0,0,0,0,0,0,0.0,0.0,0.0,0,,380.5,Deserto absoluto,False
4316303,431630,Roque Gonzales - RS,RS,Rio Grande do Sul,966,483.0,0,0,0,0,0,0,0,0,0,0,0,0,0,0,0,0,0,0.0,0.0,0.0,0,,483.0,Deserto absoluto,False
4316402,431640,Rosário do Sul - RS,RS,Rio Grande do Sul,4897,2448.5,1,1,265,349,751,589,824,1007,0,11,0,7,27,65,1831,92,1923,961.5,0.3739,0.3927,5069,0.8103,1487.0,Intermediario,True
4316428,431642,Sagrada Família - RS,RS,Rio Grande do Sul,355,177.5,0,0,0,0,0,0,0,0,0,0,0,0,0,0,0,0,0,0.0,0.0,0.0,0,,177.5,Deserto absoluto,False
4316436,431643,Saldanha Marinho - RS,RS,Rio Grande do Sul,416,208.0,0,0,0,0,0,0,0,0,0,0,0,0,0,0,0,0,0,0.0,0.0,0.0,0,,208.0,Deserto absoluto,False
4316451,431645,Salto do Jacuí - RS,RS,Rio Grande do Sul,1316,658.0,0,0,0,0,0,0,0,0,0,0,0,0,0,0,0,0,0,0.0,0.0,0.0,0,,658.0,Deserto absoluto,False
4316477,431647,Salvador das Missões - RS,RS,Rio Grande do Sul,437,218.5,0,0,0,0,0,0,0,0,0,0,0,0,0,0,0,0,0,0.0,0.0,0.0,0,,218.5,Deserto absoluto,False
4316501,431650,Salvador do Sul - RS,RS,Rio Grande do Sul,864,432.0,0,0,0,0,0,0,0,0,0,0,0,0,0,0,0,0,0,0.0,0.0,0.0,0,,432.0,Deserto absoluto,False
4316600,431660,Sananduva - RS,RS,Rio Grande do Sul,2321,1160.5,1,1,664,1251,1657,1911,2943,2768,2,24,7,28,41,70,5711,111,5822,2911.0,2.4606,2.5084,5069,0.4257,-1750.5,Adequado,False
4316709,431670,Santa Bárbara do Sul - RS,RS,Rio Grande do Sul,1183,591.5,0,0,0,0,0,0,0,0,0,0,0,0,0,0,0,0,0,0.0,0.0,0.0,0,,591.5,Deserto absoluto,False
4316733,431673,Santa Cecília do Sul - RS,RS,Rio Grande do Sul,228,114.0,0,0,0,0,0,0,0,0,0,0,0,0,0,0,0,0,0,0.0,0.0,0.0,0,,114.0,Deserto absoluto,False
4316758,431675,Santa Clara do Sul - RS,RS,Rio Grande do Sul,787,393.5,0,0,0,0,0,0,0,0,0,0,0,0,0,0,0,0,0,0.0,0.0,0.0,0,,393.5,Deserto absoluto,False
4316808,431680,Santa Cruz do Sul - RS,RS,Rio Grande do Sul,16980,8490.0,3,3,1906,2800,3374,3771,3701,4194,478,370,405,461,371,287,7895,658,8553,4276.5,0.465,0.5037,15207,0.7188,4213.5,Intermediario,True
4316907,431690,Santa Maria - RS,RS,Rio Grande do Sul,34718,17359.0,18,18,2961,5456,5962,4735,5514,6924,654,764,693,567,740,786,12438,1526,13964,6982.0,0.3583,0.4022,91242,0.9235,10377.0,Intermediario,True
4316956,431695,Santa Maria do Herval - RS,RS,Rio Grande do Sul,907,453.5,0,0,0,0,0,0,0,0,0,0,0,0,0,0,0,0,0,0.0,0.0,0.0,0,,453.5,Deserto absoluto,False
4316972,431697,Santa Margarida do Sul - RS,RS,Rio Grande do Sul,358,179.0,0,0,0,0,0,0,0,0,0,0,0,0,0,0,0,0,0,0.0,0.0,0.0,0,,179.0,Deserto absoluto,False
4317004,431700,Santana da Boa Vista - RS,RS,Rio Grande do Sul,1030,515.0,0,0,0,0,0,0,0,0,0,0,0,0,0,0,0,0,0,0.0,0.0,0.0,0,,515.0,Deserto absoluto,False
4317103,431710,Sant'Ana do Livramento - RS,RS,Rio Grande do Sul,10867,5433.5,5,5,1478,1514,1809,1989,1800,1923,23,21,39,36,26,25,3723,51,3774,1887.0,0.3426,0.3473,25345,0.9255,3546.5,Intermediario,True
4317202,431720,Santa Rosa - RS,RS,Rio Grande do Sul,9403,4701.5,5,4,1640,985,2448,3279,3023,3140,73,54,175,456,640,512,6163,1152,7315,3657.5,0.6554,0.7779,20276,0.8196,1044.0,Adequado,True
4317251,431725,Santa Tereza - RS,RS,Rio Grande do Sul,232,116.0,0,0,0,0,0,0,0,0,0,0,0,0,0,0,0,0,0,0.0,0.0,0.0,0,,116.0,Deserto absoluto,False
4317301,431730,Santa Vitória do Palmar - RS,RS,Rio Grande do Sul,3934,1967.0,2,2,0,344,445,672,729,948,0,20,26,17,16,31,1677,47,1724,862.0,0.4263,0.4382,10138,0.915,1105.0,Intermediario,True
4317400,431740,Santiago - RS,RS,Rio Grande do Sul,6735,3367.5,3,3,2794,3324,3755,3813,3417,3526,63,62,50,66,65,97,6943,162,7105,3552.5,1.0309,1.0549,15207,0.7664,-185.0,Adequado,False
4317509,431750,Santo Ângelo - RS,RS,Rio Grande do Sul,10047,5023.5,7,7,1037,1525,1665,1151,1353,1594,13,36,21,484,31,47,2947,78,3025,1512.5,0.2933,0.3011,35483,0.9574,3511.0,Intermediario,True
4317558,431755,Santo Antônio do Palma - RS,RS,Rio Grande do Sul,262,131.0,0,0,0,0,0,0,0,0,0,0,0,0,0,0,0,0,0,0.0,0.0,0.0,0,,131.0,Deserto absoluto,False
4317608,431760,Santo Antônio da Patrulha - RS,RS,Rio Grande do Sul,5514,2757.0,1,1,1582,2135,373,1634,1887,2466,178,107,18,74,78,122,4353,200,4553,2276.5,0.7894,0.8257,5069,0.5509,480.5,Adequado,True
4317707,431770,Santo Antônio das Missões - RS,RS,Rio Grande do Sul,1398,699.0,0,0,0,0,0,0,0,0,0,0,0,0,0,0,0,0,0,0.0,0.0,0.0,0,,699.0,Deserto absoluto,False
4317756,431775,Santo Antônio do Planalto - RS,RS,Rio Grande do Sul,295,147.5,0,0,0,0,0,0,0,0,0,0,0,0,0,0,0,0,0,0.0,0.0,0.0,0,,147.5,Deserto absoluto,False
4317806,431780,Santo Augusto - RS,RS,Rio Grande do Sul,1891,945.5,1,1,976,804,1084,1490,1243,1344,20,16,24,36,36,22,2587,58,2645,1322.5,1.3681,1.3987,5069,0.7391,-377.0,Adequado,False
4317905,431790,Santo Cristo - RS,RS,Rio Grande do Sul,2214,1107.0,1,1,245,345,713,552,481,473,34,13,41,58,29,22,954,51,1005,502.5,0.4309,0.4539,5069,0.9009,604.5,Intermediario,True
4317954,431795,Santo Expedito do Sul - RS,RS,Rio Grande do Sul,355,177.5,0,0,0,0,0,0,0,0,0,0,0,0,0,0,0,0,0,0.0,0.0,0.0,0,,177.5,Deserto absoluto,False
4318002,431800,São Borja - RS,RS,Rio Grande do Sul,7597,3798.5,1,1,2089,2057,2854,2218,2680,2336,84,85,105,69,108,107,5016,215,5231,2615.5,0.6603,0.6886,5069,0.484,1183.0,Intermediario,False
4318051,431805,São Domingos do Sul - RS,RS,Rio Grande do Sul,424,212.0,0,0,0,0,0,0,0,0,0,0,0,0,0,0,0,0,0,0.0,0.0,0.0,0,,212.0,Deserto absoluto,False
4318101,431810,São Francisco de Assis - RS,RS,Rio Grande do Sul,2554,1277.0,1,1,0,0,0,0,0,587,0,0,0,0,0,5,587,5,592,296.0,0.2298,0.2318,5069,0.9416,981.0,Deserto funcional,True
4318200,431820,São Francisco de Paula - RS,RS,Rio Grande do Sul,2516,1258.0,1,1,162,253,231,0,828,1967,0,0,0,0,7,17,2795,24,2819,1409.5,1.1109,1.1204,5069,0.7219,-151.5,Adequado,False
4318309,431830,São Gabriel - RS,RS,Rio Grande do Sul,7708,3854.0,5,5,1543,1768,2172,2729,2914,3049,27,77,42,66,104,114,5963,218,6181,3090.5,0.7736,0.8019,25345,0.8781,763.5,Adequado,True
4318408,431840,São Jerônimo - RS,RS,Rio Grande do Sul,2760,1380.0,3,3,509,748,1044,795,390,717,14,2,12,4,3,6,1107,9,1116,558.0,0.4011,0.4043,15207,0.9633,822.0,Intermediario,True
4318424,431842,São João da Urtiga - RS,RS,Rio Grande do Sul,719,359.5,0,0,0,0,0,0,0,0,0,0,0,0,0,0,0,0,0,0.0,0.0,0.0,0,,359.5,Deserto absoluto,False
4318432,431843,São João do Polêsine - RS,RS,Rio Grande do Sul,391,195.5,0,0,0,0,0,0,0,0,0,0,0,0,0,0,0,0,0,0.0,0.0,0.0,0,,195.5,Deserto absoluto,False
4318440,431844,São Jorge - RS,RS,Rio Grande do Sul,424,212.0,0,0,0,0,0,0,0,0,0,0,0,0,0,0,0,0,0,0.0,0.0,0.0,0,,212.0,Deserto absoluto,False
4318457,431845,São José das Missões - RS,RS,Rio Grande do Sul,359,179.5,0,0,0,0,0,0,0,0,0,0,0,0,0,0,0,0,0,0.0,0.0,0.0,0,,179.5,Deserto absoluto,False
4318465,431846,São José do Herval - RS,RS,Rio Grande do Sul,252,126.0,0,0,0,0,0,0,0,0,0,0,0,0,0,0,0,0,0,0.0,0.0,0.0,0,,126.0,Deserto absoluto,False
4318481,431848,São José do Hortêncio - RS,RS,Rio Grande do Sul,608,304.0,0,0,0,0,0,0,0,0,0,0,0,0,0,0,0,0,0,0.0,0.0,0.0,0,,304.0,Deserto absoluto,False
4318499,431849,São José do Inhacorá - RS,RS,Rio Grande do Sul,350,175.0,0,0,0,0,0,0,0,0,0,0,0,0,0,0,0,0,0,0.0,0.0,0.0,0,,175.0,Deserto absoluto,False
4318507,431850,São José do Norte - RS,RS,Rio Grande do Sul,3265,1632.5,0,0,0,0,0,0,0,0,0,0,0,0,0,0,0,0,0,0.0,0.0,0.0,0,,1632.5,Deserto absoluto,False
4318606,431860,São José do Ouro - RS,RS,Rio Grande do Sul,991,495.5,3,3,1404,1400,1421,431,0,0,27,31,30,8,0,0,0,0,0,0.0,0.0,0.0,15207,1.0,495.5,Deserto funcional,True
4318614,431861,São José do Sul - RS,RS,Rio Grande do Sul,317,158.5,0,0,0,0,0,0,0,0,0,0,0,0,0,0,0,0,0,0.0,0.0,0.0,0,,158.5,Deserto absoluto,False
4318622,431862,São José dos Ausentes - RS,RS,Rio Grande do Sul,383,191.5,0,0,0,0,0,0,0,0,0,0,0,0,0,0,0,0,0,0.0,0.0,0.0,0,,191.5,Deserto absoluto,False
4318705,431870,São Leopoldo - RS,RS,Rio Grande do Sul,26501,13250.5,8,8,2645,3971,5134,5085,3690,5008,151,163,259,232,153,205,8698,358,9056,4528.0,0.3282,0.3417,40552,0.8883,8722.5,Intermediario,True
4318804,431880,São Lourenço do Sul - RS,RS,Rio Grande do Sul,5701,2850.5,2,2,1366,1566,1641,1636,1661,1600,268,262,159,140,132,129,3261,261,3522,1761.0,0.572,0.6178,10138,0.8263,1089.5,Intermediario,True
4318903,431890,São Luiz Gonzaga - RS,RS,Rio Grande do Sul,4420,2210.0,0,0,0,0,0,0,0,0,0,0,0,0,0,0,0,0,0,0.0,0.0,0.0,0,,2210.0,Deserto absoluto,False
4319000,431900,São Marcos - RS,RS,Rio Grande do Sul,2976,1488.0,1,1,0,0,0,0,0,0,0,0,0,0,0,0,0,0,0,0.0,0.0,0.0,5069,1.0,1488.0,Deserto funcional,True
4319109,431910,São Martinho - RS,RS,Rio Grande do Sul,836,418.0,0,0,0,0,0,0,0,0,0,0,0,0,0,0,0,0,0,0.0,0.0,0.0,0,,418.0,Deserto absoluto,False
4319125,431912,São Martinho da Serra - RS,RS,Rio Grande do Sul,394,197.0,0,0,0,0,0,0,0,0,0,0,0,0,0,0,0,0,0,0.0,0.0,0.0,0,,197.0,Deserto absoluto,False
4319158,431915,São Miguel das Missões - RS,RS,Rio Grande do Sul,885,442.5,0,0,0,0,0,0,0,0,0,0,0,0,0,0,0,0,0,0.0,0.0,0.0,0,,442.5,Deserto absoluto,False
4319208,431920,São Nicolau - RS,RS,Rio Grande do Sul,689,344.5,0,0,0,0,0,0,0,0,0,0,0,0,0,0,0,0,0,0.0,0.0,0.0,0,,344.5,Deserto absoluto,False
4319307,431930,São Paulo das Missões - RS,RS,Rio Grande do Sul,947,473.5,0,0,0,0,0,0,0,0,0,0,0,0,0,0,0,0,0,0.0,0.0,0.0,0,,473.5,Deserto absoluto,False
4319356,431935,São Pedro da Serra - RS,RS,Rio Grande do Sul,433,216.5,0,0,0,0,0,0,0,0,0,0,0,0,0,0,0,0,0,0.0,0.0,0.0,0,,216.5,Deserto absoluto,False
4319364,431936,São Pedro das Missões - RS,RS,Rio Grande do Sul,237,118.5,0,0,0,0,0,0,0,0,0,0,0,0,0,0,0,0,0,0.0,0.0,0.0,0,,118.5,Deserto absoluto,False
4319372,431937,São Pedro do Butiá - RS,RS,Rio Grande do Sul,429,214.5,0,0,0,0,0,0,0,0,0,0,0,0,0,0,0,0,0,0.0,0.0,0.0,0,,214.5,Deserto absoluto,False
4319406,431940,São Pedro do Sul - RS,RS,Rio Grande do Sul,2215,1107.5,1,1,0,0,0,0,0,0,0,0,0,0,0,0,0,0,0,0.0,0.0,0.0,5069,1.0,1107.5,Deserto funcional,True
4319505,431950,São Sebastião do Caí - RS,RS,Rio Grande do Sul,3218,1609.0,1,1,1470,2035,2099,1938,1985,2240,21,13,8,13,24,31,4225,55,4280,2140.0,1.3129,1.33,5069,0.5778,-531.0,Adequado,False
4319604,431960,São Sepé - RS,RS,Rio Grande do Sul,3088,1544.0,2,2,570,817,975,1122,940,980,0,0,1,8,19,23,1920,42,1962,981.0,0.6218,0.6354,10138,0.9032,563.0,Intermediario,True
4319703,431970,São Valentim - RS,RS,Rio Grande do Sul,475,237.5,0,0,0,0,0,0,0,0,0,0,0,0,0,0,0,0,0,0.0,0.0,0.0,0,,237.5,Deserto absoluto,False
4319711,431971,São Valentim do Sul - RS,RS,Rio Grande do Sul,321,160.5,0,0,0,0,0,0,0,0,0,0,0,0,0,0,0,0,0,0.0,0.0,0.0,0,,160.5,Deserto absoluto,False
4319737,431973,São Valério do Sul - RS,RS,Rio Grande do Sul,250,125.0,0,0,0,0,0,0,0,0,0,0,0,0,0,0,0,0,0,0.0,0.0,0.0,0,,125.0,Deserto absoluto,False
4319752,431975,São Vendelino - RS,RS,Rio Grande do Sul,295,147.5,0,0,0,0,0,0,0,0,0,0,0,0,0,0,0,0,0,0.0,0.0,0.0,0,,147.5,Deserto absoluto,False
4319802,431980,São Vicente do Sul - RS,RS,Rio Grande do Sul,1085,542.5,0,0,0,0,0,0,0,0,0,0,0,0,0,0,0,0,0,0.0,0.0,0.0,0,,542.5,Deserto absoluto,False
4319901,431990,Sapiranga - RS,RS,Rio Grande do Sul,8991,4495.5,2,2,6238,6390,7025,8393,4318,2631,211,130,136,147,88,0,6949,88,7037,3518.5,0.7729,0.7827,10138,0.6529,977.0,Adequado,True
4320008,432000,Sapucaia do Sul - RS,RS,Rio Grande do Sul,15952,7976.0,1,1,1995,2058,4278,3090,1327,4422,156,180,152,126,38,117,5749,155,5904,2952.0,0.3604,0.3701,5069,0.4176,5024.0,Intermediario,False
4320107,432010,Sarandi - RS,RS,Rio Grande do Sul,2790,1395.0,3,3,867,1338,1411,902,1123,452,40,49,25,18,16,4,1575,20,1595,797.5,0.5645,0.5717,15207,0.9476,597.5,Intermediario,True
4320206,432020,Seberi - RS,RS,Rio Grande do Sul,1496,748.0,0,0,0,0,0,315,687,484,0,0,0,0,0,0,1171,0,1171,585.5,0.7828,0.7828,0,,162.5,Deserto absoluto,False
4320230,432023,Sede Nova - RS,RS,Rio Grande do Sul,385,192.5,0,0,0,0,0,0,0,0,0,0,0,0,0,0,0,0,0,0.0,0.0,0.0,0,,192.5,Deserto absoluto,False
4320263,432026,Segredo - RS,RS,Rio Grande do Sul,782,391.0,0,0,0,0,0,0,0,0,0,0,0,0,0,0,0,0,0,0.0,0.0,0.0,0,,391.0,Deserto absoluto,False
4320305,432030,Selbach - RS,RS,Rio Grande do Sul,741,370.5,0,0,0,0,0,0,0,0,0,0,0,0,0,0,0,0,0,0.0,0.0,0.0,0,,370.5,Deserto absoluto,False
4320321,432032,Senador Salgado Filho - RS,RS,Rio Grande do Sul,427,213.5,0,0,0,0,0,0,0,0,0,0,0,0,0,0,0,0,0,0.0,0.0,0.0,0,,213.5,Deserto absoluto,False
4320354,432035,Sentinela do Sul - RS,RS,Rio Grande do Sul,663,331.5,0,0,0,0,0,0,0,0,0,0,0,0,0,0,0,0,0,0.0,0.0,0.0,0,,331.5,Deserto absoluto,False
4320404,432040,Serafina Corrêa - RS,RS,Rio Grande do Sul,1964,982.0,1,1,226,1145,276,1142,774,1248,5,23,16,17,16,31,2022,47,2069,1034.5,1.0295,1.0535,5069,0.7959,-52.5,Adequado,False
4320453,432045,Sério - RS,RS,Rio Grande do Sul,285,142.5,0,0,0,0,0,0,0,0,0,0,0,0,0,0,0,0,0,0.0,0.0,0.0,0,,142.5,Deserto absoluto,False
4320503,432050,Sertão - RS,RS,Rio Grande do Sul,857,428.5,0,0,0,0,0,0,0,0,0,0,0,0,0,0,0,0,0,0.0,0.0,0.0,0,,428.5,Deserto absoluto,False
4320552,432055,Sertão Santana - RS,RS,Rio Grande do Sul,728,364.0,0,0,0,0,0,0,0,0,0,0,0,0,0,0,0,0,0,0.0,0.0,0.0,0,,364.0,Deserto absoluto,False
4320578,432057,Sete de Setembro - RS,RS,Rio Grande do Sul,280,140.0,0,0,0,0,0,0,0,0,0,0,0,0,0,0,0,0,0,0.0,0.0,0.0,0,,140.0,Deserto absoluto,False
4320602,432060,Severiano de Almeida - RS,RS,Rio Grande do Sul,523,261.5,0,0,0,0,0,0,0,0,0,0,0,0,0,0,0,0,0,0.0,0.0,0.0,0,,261.5,Deserto absoluto,False
4320651,432065,Silveira Martins - RS,RS,Rio Grande do Sul,293,146.5,0,0,0,0,0,0,0,0,0,0,0,0,0,0,0,0,0,0.0,0.0,0.0,0,,146.5,Deserto absoluto,False
4320677,432067,Sinimbu - RS,RS,Rio Grande do Sul,1077,538.5,0,0,0,0,0,0,0,0,0,0,0,0,0,0,0,0,0,0.0,0.0,0.0,0,,538.5,Deserto absoluto,False
4320701,432070,Sobradinho - RS,RS,Rio Grande do Sul,1841,920.5,3,3,0,0,0,0,0,0,0,0,0,0,0,0,0,0,0,0.0,0.0,0.0,15207,1.0,920.5,Deserto funcional,True
4320800,432080,Soledade - RS,RS,Rio Grande do Sul,3686,1843.0,1,1,507,1291,1512,1759,1537,1763,24,32,46,24,35,59,3300,94,3394,1697.0,0.8953,0.9208,5069,0.6652,146.0,Adequado,True
4320859,432085,Tabaí - RS,RS,Rio Grande do Sul,576,288.0,0,0,0,0,0,0,0,0,0,0,0,0,0,0,0,0,0,0.0,0.0,0.0,0,,288.0,Deserto absoluto,False
4320909,432090,Tapejara - RS,RS,Rio Grande do Sul,2859,1429.5,3,3,1841,1755,2198,2444,2426,2170,57,61,73,66,57,72,4596,129,4725,2362.5,1.6076,1.6527,15207,0.8446,-933.0,Adequado,False
4321006,432100,Tapera - RS,RS,Rio Grande do Sul,1434,717.0,1,1,0,0,0,0,0,0,0,0,0,0,0,0,0,0,0,0.0,0.0,0.0,5069,1.0,717.0,Deserto funcional,True
4321105,432110,Tapes - RS,RS,Rio Grande do Sul,2051,1025.5,0,0,0,0,0,0,0,0,0,0,0,0,0,0,0,0,0,0.0,0.0,0.0,0,,1025.5,Deserto absoluto,False
4321204,432120,Taquara - RS,RS,Rio Grande do Sul,6910,3455.0,1,1,546,2109,2018,1865,2016,1813,1,13,11,76,215,486,3829,701,4530,2265.0,0.5541,0.6556,5069,0.5532,1190.0,Intermediario,True
4321303,432130,Taquari - RS,RS,Rio Grande do Sul,3421,1710.5,1,1,1306,1112,1565,1972,586,150,16,10,7,25,11,4,736,15,751,375.5,0.2151,0.2195,5069,0.9259,1335.0,Deserto funcional,True
4321329,432132,Taquaruçu do Sul - RS,RS,Rio Grande do Sul,389,194.5,0,0,0,0,0,0,0,0,0,0,0,0,0,0,0,0,0,0.0,0.0,0.0,0,,194.5,Deserto absoluto,False
4321352,432135,Tavares - RS,RS,Rio Grande do Sul,702,351.0,0,0,0,0,0,0,0,0,0,0,0,0,0,0,0,0,0,0.0,0.0,0.0,0,,351.0,Deserto absoluto,False
4321402,432140,Tenente Portela - RS,RS,Rio Grande do Sul,1682,841.0,1,1,550,576,1100,1072,1071,1107,11,22,31,16,13,31,2178,44,2222,1111.0,1.2949,1.321,5069,0.7808,-270.0,Adequado,False
4321436,432143,Terra de Areia - RS,RS,Rio Grande do Sul,1344,672.0,1,1,0,0,0,0,0,0,0,0,0,0,0,0,0,0,0,0.0,0.0,0.0,5069,1.0,672.0,Deserto funcional,True
4321451,432145,Teutônia - RS,RS,Rio Grande do Sul,3932,1966.0,2,2,1565,1308,1368,1665,2098,2180,56,70,55,62,54,34,4278,88,4366,2183.0,1.088,1.1104,10138,0.7847,-217.0,Adequado,False
4321469,432146,Tio Hugo - RS,RS,Rio Grande do Sul,391,195.5,0,0,0,0,0,0,0,0,0,0,0,0,0,0,0,0,0,0.0,0.0,0.0,0,,195.5,Deserto absoluto,False
4321477,432147,Tiradentes do Sul - RS,RS,Rio Grande do Sul,732,366.0,0,0,0,0,0,0,0,0,0,0,0,0,0,0,0,0,0,0.0,0.0,0.0,0,,366.0,Deserto absoluto,False
4321493,432149,Toropi - RS,RS,Rio Grande do Sul,370,185.0,0,0,0,0,0,0,0,0,0,0,0,0,0,0,0,0,0,0.0,0.0,0.0,0,,185.0,Deserto absoluto,False
4321501,432150,Torres - RS,RS,Rio Grande do Sul,5829,2914.5,2,2,511,250,2190,2484,2256,1327,27,11,105,134,132,63,3583,195,3778,1889.0,0.6147,0.6481,10138,0.8137,1025.5,Intermediario,True
4321600,432160,Tramandaí - RS,RS,Rio Grande do Sul,7358,3679.0,2,2,1330,1469,1203,1233,694,0,47,41,39,119,64,0,694,64,758,379.0,0.0943,0.103,10138,0.9626,3300.0,Deserto funcional,True
4321626,432162,Travesseiro - RS,RS,Rio Grande do Sul,358,179.0,0,0,0,0,0,0,0,0,0,0,0,0,0,0,0,0,0,0.0,0.0,0.0,0,,179.0,Deserto absoluto,False
4321634,432163,Três Arroios - RS,RS,Rio Grande do Sul,434,217.0,0,0,0,0,0,0,0,0,0,0,0,0,0,0,0,0,0,0.0,0.0,0.0,0,,217.0,Deserto absoluto,False
4321667,432166,Três Cachoeiras - RS,RS,Rio Grande do Sul,1464,732.0,0,0,0,0,0,0,0,0,0,0,0,0,0,0,0,0,0,0.0,0.0,0.0,0,,732.0,Deserto absoluto,False
4321709,432170,Três Coroas - RS,RS,Rio Grande do Sul,2894,1447.0,0,0,0,0,0,0,0,0,0,0,0,0,0,0,0,0,0,0.0,0.0,0.0,0,,1447.0,Deserto absoluto,False
4321808,432180,Três de Maio - RS,RS,Rio Grande do Sul,3318,1659.0,1,1,570,459,745,799,689,760,27,36,13,22,10,5,1449,15,1464,732.0,0.4367,0.4412,5069,0.8556,927.0,Intermediario,True
4321832,432183,Três Forquilhas - RS,RS,Rio Grande do Sul,382,191.0,0,0,0,0,0,0,0,0,0,0,0,0,0,0,0,0,0,0.0,0.0,0.0,0,,191.0,Deserto absoluto,False
4321857,432185,Três Palmeiras - RS,RS,Rio Grande do Sul,546,273.0,0,0,0,0,0,0,0,0,0,0,0,0,0,0,0,0,0,0.0,0.0,0.0,0,,273.0,Deserto absoluto,False
4321907,432190,Três Passos - RS,RS,Rio Grande do Sul,3411,1705.5,1,1,866,1023,688,927,936,1320,0,6,7,20,25,24,2256,49,2305,1152.5,0.6614,0.6758,5069,0.7726,553.0,Intermediario,True
4321956,432195,Trindade do Sul - RS,RS,Rio Grande do Sul,843,421.5,0,0,0,0,0,0,0,0,0,0,0,0,0,0,0,0,0,0.0,0.0,0.0,0,,421.5,Deserto absoluto,False
4322004,432200,Triunfo - RS,RS,Rio Grande do Sul,3332,1666.0,3,3,955,876,340,752,553,0,28,9,2,12,20,0,553,20,573,286.5,0.166,0.172,15207,0.9812,1379.5,Deserto funcional,True
4322103,432210,Tucunduva - RS,RS,Rio Grande do Sul,862,431.0,0,0,0,0,0,0,0,0,0,0,0,0,0,0,0,0,0,0.0,0.0,0.0,0,,431.0,Deserto absoluto,False
4322152,432215,Tunas - RS,RS,Rio Grande do Sul,462,231.0,0,0,0,0,0,0,0,0,0,0,0,0,0,0,0,0,0,0.0,0.0,0.0,0,,231.0,Deserto absoluto,False
4322186,432218,Tupanci do Sul - RS,RS,Rio Grande do Sul,211,105.5,0,0,0,0,0,0,0,0,0,0,0,0,0,0,0,0,0,0.0,0.0,0.0,0,,105.5,Deserto absoluto,False
4322202,432220,Tupanciretã - RS,RS,Rio Grande do Sul,2568,1284.0,1,1,0,0,0,0,0,0,0,0,0,0,0,0,0,0,0,0.0,0.0,0.0,5069,1.0,1284.0,Deserto funcional,True
4322251,432225,Tupandi - RS,RS,Rio Grande do Sul,544,272.0,0,0,0,0,0,0,0,0,0,0,0,0,0,0,0,0,0,0.0,0.0,0.0,0,,272.0,Deserto absoluto,False
4322301,432230,Tuparendi - RS,RS,Rio Grande do Sul,1357,678.5,0,0,0,0,0,0,0,0,0,0,0,0,0,0,0,0,0,0.0,0.0,0.0,0,,678.5,Deserto absoluto,False
4322327,432232,Turuçu - RS,RS,Rio Grande do Sul,422,211.0,0,0,0,0,0,0,0,0,0,0,0,0,0,0,0,0,0,0.0,0.0,0.0,0,,211.0,Deserto absoluto,False
4322343,432234,Ubiretama - RS,RS,Rio Grande do Sul,322,161.0,0,0,0,0,0,0,0,0,0,0,0,0,0,0,0,0,0,0.0,0.0,0.0,0,,161.0,Deserto absoluto,False
4322350,432235,União da Serra - RS,RS,Rio Grande do Sul,204,102.0,0,0,0,0,0,0,0,0,0,0,0,0,0,0,0,0,0,0.0,0.0,0.0,0,,102.0,Deserto absoluto,False
4322376,432237,Unistalda - RS,RS,Rio Grande do Sul,302,151.0,0,0,0,0,0,0,0,0,0,0,0,0,0,0,0,0,0,0.0,0.0,0.0,0,,151.0,Deserto absoluto,False
4322400,432240,Uruguaiana - RS,RS,Rio Grande do Sul,13962,6981.0,3,3,1701,1098,2866,2869,3230,2744,37,16,48,62,158,136,5974,294,6268,3134.0,0.4279,0.4489,15207,0.7939,3847.0,Intermediario,True
4322509,432250,Vacaria - RS,RS,Rio Grande do Sul,7579,3789.5,5,5,2035,1947,3046,3677,3318,2366,72,62,53,47,53,65,5684,118,5802,2901.0,0.75,0.7655,25345,0.8855,888.5,Adequado,True
4322525,432252,Vale Verde - RS,RS,Rio Grande do Sul,438,219.0,0,0,0,0,0,0,0,0,0,0,0,0,0,0,0,0,0,0.0,0.0,0.0,0,,219.0,Deserto absoluto,False
4322533,432253,Vale do Sol - RS,RS,Rio Grande do Sul,1304,652.0,0,0,0,0,0,0,0,0,0,0,0,0,0,0,0,0,0,0.0,0.0,0.0,0,,652.0,Deserto absoluto,False
4322541,432254,Vale Real - RS,RS,Rio Grande do Sul,694,347.0,0,0,0,0,0,0,0,0,0,0,0,0,0,0,0,0,0,0.0,0.0,0.0,0,,347.0,Deserto absoluto,False
4322558,432255,Vanini - RS,RS,Rio Grande do Sul,305,152.5,0,0,0,0,0,0,0,0,0,0,0,0,0,0,0,0,0,0.0,0.0,0.0,0,,152.5,Deserto absoluto,False
4322608,432260,Venâncio Aires - RS,RS,Rio Grande do Sul,8984,4492.0,2,2,1261,943,2315,2797,2059,2082,130,76,132,123,118,120,4141,238,4379,2189.5,0.4609,0.4874,10138,0.784,2302.5,Intermediario,True
4322707,432270,Vera Cruz - RS,RS,Rio Grande do Sul,3327,1663.5,0,0,0,0,0,0,0,0,0,0,0,0,0,0,0,0,0,0.0,0.0,0.0,0,,1663.5,Deserto absoluto,False
4322806,432280,Veranópolis - RS,RS,Rio Grande do Sul,3282,1641.0,3,3,826,642,693,680,649,668,29,19,20,16,22,9,1317,31,1348,674.0,0.4013,0.4107,15207,0.9557,967.0,Intermediario,True
4322855,432285,Vespasiano Corrêa - RS,RS,Rio Grande do Sul,260,130.0,0,0,0,0,0,0,0,0,0,0,0,0,0,0,0,0,0,0.0,0.0,0.0,0,,130.0,Deserto absoluto,False
4322905,432290,Viadutos - RS,RS,Rio Grande do Sul,740,370.0,1,1,0,0,0,0,0,0,0,0,0,0,0,0,0,0,0,0.0,0.0,0.0,5069,1.0,370.0,Deserto funcional,True
4323002,432300,Viamão - RS,RS,Rio Grande do Sul,28372,14186.0,3,3,3197,4292,3913,5504,5358,5935,158,268,162,164,153,242,11293,395,11688,5844.0,0.398,0.412,15207,0.6157,8342.0,Intermediario,True
4323101,432310,Vicente Dutra - RS,RS,Rio Grande do Sul,604,302.0,0,0,0,0,0,0,0,0,0,0,0,0,0,0,0,0,0,0.0,0.0,0.0,0,,302.0,Deserto absoluto,False
4323200,432320,Victor Graeff - RS,RS,Rio Grande do Sul,405,202.5,0,0,0,0,0,0,0,0,0,0,0,0,0,0,0,0,0,0.0,0.0,0.0,0,,202.5,Deserto absoluto,False
4323309,432330,Vila Flores - RS,RS,Rio Grande do Sul,489,244.5,0,0,0,0,0,0,0,0,0,0,0,0,0,0,0,0,0,0.0,0.0,0.0,0,,244.5,Deserto absoluto,False
4323358,432335,Vila Lângaro - RS,RS,Rio Grande do Sul,295,147.5,0,0,0,0,0,0,0,0,0,0,0,0,0,0,0,0,0,0.0,0.0,0.0,0,,147.5,Deserto absoluto,False
4323408,432340,Vila Maria - RS,RS,Rio Grande do Sul,622,311.0,0,0,0,0,0,0,0,0,0,0,0,0,0,0,0,0,0,0.0,0.0,0.0,0,,311.0,Deserto absoluto,False
4323457,432345,Vila Nova do Sul - RS,RS,Rio Grande do Sul,584,292.0,0,0,0,0,0,0,0,0,0,0,0,0,0,0,0,0,0,0.0,0.0,0.0,0,,292.0,Deserto absoluto,False
4323507,432350,Vista Alegre - RS,RS,Rio Grande do Sul,385,192.5,0,0,0,0,0,0,0,0,0,0,0,0,0,0,0,0,0,0.0,0.0,0.0,0,,192.5,Deserto absoluto,False
4323606,432360,Vista Alegre do Prata - RS,RS,Rio Grande do Sul,217,108.5,0,0,0,0,0,0,0,0,0,0,0,0,0,0,0,0,0,0.0,0.0,0.0,0,,108.5,Deserto absoluto,False
4323705,432370,Vista Gaúcha - RS,RS,Rio Grande do Sul,405,202.5,0,0,0,0,0,0,0,0,0,0,0,0,0,0,0,0,0,0.0,0.0,0.0,0,,202.5,Deserto absoluto,False
4323754,432375,Vitória das Missões - RS,RS,Rio Grande do Sul,514,257.0,0,0,0,0,0,0,0,0,0,0,0,0,0,0,0,0,0,0.0,0.0,0.0,0,,257.0,Deserto absoluto,False
4323770,432377,Westfália - RS,RS,Rio Grande do Sul,393,196.5,0,0,0,0,0,0,0,0,0,0,0,0,0,0,0,0,0,0.0,0.0,0.0,0,,196.5,Deserto absoluto,False
4323804,432380,Xangri-lá - RS,RS,Rio Grande do Sul,2001,1000.5,1,1,0,0,0,0,0,0,0,0,0,0,0,0,0,0,0,0.0,0.0,0.0,5069,1.0,1000.5,Deserto funcional,True
5000203,500020,Água Clara - MS,MS,Mato Grosso do Sul,1292,646.0,0,0,0,0,0,0,0,0,0,0,0,0,0,0,0,0,0,0.0,0.0,0.0,0,,646.0,Deserto absoluto,False
5000252,500025,Alcinópolis - MS,MS,Mato Grosso do Sul,466,233.0,0,0,0,0,0,0,0,0,0,0,0,0,0,0,0,0,0,0.0,0.0,0.0,0,,233.0,Deserto absoluto,False
5000609,500060,Amambai - MS,MS,Mato Grosso do Sul,3390,1695.0,1,1,0,0,0,0,0,0,0,0,0,0,0,0,0,0,0,0.0,0.0,0.0,5069,1.0,1695.0,Deserto funcional,True
5000708,500070,Anastácio - MS,MS,Mato Grosso do Sul,2665,1332.5,0,0,0,0,0,0,0,0,0,0,0,0,0,0,0,0,0,0.0,0.0,0.0,0,,1332.5,Deserto absoluto,False
5000807,500080,Anaurilândia - MS,MS,Mato Grosso do Sul,912,456.0,0,0,0,0,0,0,0,0,0,0,0,0,0,0,0,0,0,0.0,0.0,0.0,0,,456.0,Deserto absoluto,False
5000856,500085,Angélica - MS,MS,Mato Grosso do Sul,1102,551.0,0,0,0,0,0,0,0,0,0,0,0,0,0,0,0,0,0,0.0,0.0,0.0,0,,551.0,Deserto absoluto,False
5000906,500090,Antônio João - MS,MS,Mato Grosso do Sul,760,380.0,0,0,0,0,0,0,0,0,0,0,0,0,0,0,0,0,0,0.0,0.0,0.0,0,,380.0,Deserto absoluto,False
5001003,500100,Aparecida do Taboado - MS,MS,Mato Grosso do Sul,2757,1378.5,1,1,0,186,0,774,493,261,0,6,0,25,2,8,754,10,764,382.0,0.2735,0.2771,5069,0.9246,996.5,Deserto funcional,True
5001102,500110,Aquidauana - MS,MS,Mato Grosso do Sul,4885,2442.5,2,2,250,436,643,0,608,667,9,2,11,0,23,17,1275,40,1315,657.5,0.261,0.2692,10138,0.9351,1785.0,Deserto funcional,True
5001243,500124,Aral Moreira - MS,MS,Mato Grosso do Sul,784,392.0,0,0,0,0,0,0,0,0,0,0,0,0,0,0,0,0,0,0.0,0.0,0.0,0,,392.0,Deserto absoluto,False
5001508,500150,Bandeirantes - MS,MS,Mato Grosso do Sul,758,379.0,0,0,0,0,0,0,0,0,0,0,0,0,0,0,0,0,0,0.0,0.0,0.0,0,,379.0,Deserto absoluto,False
5001904,500190,Bataguassu - MS,MS,Mato Grosso do Sul,2368,1184.0,3,3,0,0,0,0,0,0,0,0,0,0,0,0,0,0,0,0.0,0.0,0.0,15207,1.0,1184.0,Deserto funcional,True
5002001,500200,Batayporã - MS,MS,Mato Grosso do Sul,1202,601.0,0,0,0,0,0,0,0,0,0,0,0,0,0,0,0,0,0,0.0,0.0,0.0,0,,601.0,Deserto absoluto,False
5002100,500210,Bela Vista - MS,MS,Mato Grosso do Sul,2153,1076.5,0,0,0,0,0,0,0,0,0,0,0,0,0,0,0,0,0,0.0,0.0,0.0,0,,1076.5,Deserto absoluto,False
5002159,500215,Bodoquena - MS,MS,Mato Grosso do Sul,865,432.5,0,0,0,0,0,0,0,0,0,0,0,0,0,0,0,0,0,0.0,0.0,0.0,0,,432.5,Deserto absoluto,False
5002209,500220,Bonito - MS,MS,Mato Grosso do Sul,2246,1123.0,1,1,0,0,0,0,0,0,0,0,0,0,0,0,0,0,0,0.0,0.0,0.0,5069,1.0,1123.0,Deserto funcional,True
5002308,500230,Brasilândia - MS,MS,Mato Grosso do Sul,1212,606.0,0,0,0,0,0,0,0,0,0,0,0,0,0,0,0,0,0,0.0,0.0,0.0,0,,606.0,Deserto absoluto,False
5002407,500240,Caarapó - MS,MS,Mato Grosso do Sul,2711,1355.5,1,1,0,0,0,0,0,0,0,0,0,0,0,0,0,0,0,0.0,0.0,0.0,5069,1.0,1355.5,Deserto funcional,True
5002605,500260,Camapuã - MS,MS,Mato Grosso do Sul,1510,755.0,0,0,0,0,0,0,0,0,0,0,0,0,0,0,0,0,0,0.0,0.0,0.0,0,,755.0,Deserto absoluto,False
5002704,500270,Campo Grande - MS,MS,Mato Grosso do Sul,100538,50269.0,28,27,10337,22755,26337,25020,24960,21316,2256,3912,3653,3875,1346,1513,46276,2859,49135,24567.5,0.4603,0.4887,136863,0.8205,25701.5,Intermediario,True
5002803,500280,Caracol - MS,MS,Mato Grosso do Sul,488,244.0,0,0,0,0,0,0,0,0,0,0,0,0,0,0,0,0,0,0.0,0.0,0.0,0,,244.0,Deserto absoluto,False
5002902,500290,Cassilândia - MS,MS,Mato Grosso do Sul,2479,1239.5,1,1,0,0,0,0,0,0,0,0,0,0,0,0,0,0,0,0.0,0.0,0.0,5069,1.0,1239.5,Deserto funcional,True
5002951,500295,Chapadão do Sul - MS,MS,Mato Grosso do Sul,2285,1142.5,0,0,0,0,0,0,0,0,0,0,0,0,0,0,0,0,0,0.0,0.0,0.0,0,,1142.5,Deserto absoluto,False
5003108,500310,Corguinho - MS,MS,Mato Grosso do Sul,567,283.5,0,0,0,0,0,0,0,0,0,0,0,0,0,0,0,0,0,0.0,0.0,0.0,0,,283.5,Deserto absoluto,False
5003157,500315,Coronel Sapucaia - MS,MS,Mato Grosso do Sul,1034,517.0,0,0,0,0,0,0,0,0,0,0,0,0,0,0,0,0,0,0.0,0.0,0.0,0,,517.0,Deserto absoluto,False
5003207,500320,Corumbá - MS,MS,Mato Grosso do Sul,9375,4687.5,2,2,613,1620,1684,1781,1653,202,63,117,94,79,72,25,1855,97,1952,976.0,0.1979,0.2082,10138,0.9037,3711.5,Deserto funcional,True
5003256,500325,Costa Rica - MS,MS,Mato Grosso do Sul,2160,1080.0,1,1,326,671,381,693,472,919,4,9,0,6,9,6,1391,15,1406,703.0,0.644,0.6509,5069,0.8613,377.0,Intermediario,True
5003306,500330,Coxim - MS,MS,Mato Grosso do Sul,3521,1760.5,3,3,12,0,918,12,90,0,0,0,14,0,1,0,90,1,91,45.5,0.0256,0.0258,15207,0.997,1715.0,Deserto funcional,True
5003454,500345,Deodápolis - MS,MS,Mato Grosso do Sul,1533,766.5,0,0,0,0,0,0,0,0,0,0,0,0,0,0,0,0,0,0.0,0.0,0.0,0,,766.5,Deserto absoluto,False
5003488,500348,Dois Irmãos do Buriti - MS,MS,Mato Grosso do Sul,1052,526.0,0,0,0,0,0,0,0,0,0,0,0,0,0,0,0,0,0,0.0,0.0,0.0,0,,526.0,Deserto absoluto,False
5003504,500350,Douradina - MS,MS,Mato Grosso do Sul,630,315.0,0,0,0,0,0,0,0,0,0,0,0,0,0,0,0,0,0,0.0,0.0,0.0,0,,315.0,Deserto absoluto,False
5003702,500370,Dourados - MS,MS,Mato Grosso do Sul,24516,12258.0,12,12,968,1301,7263,6106,8339,9873,522,602,1129,1479,1812,2579,18212,4391,22603,11301.5,0.7429,0.922,60828,0.8142,956.5,Adequado,True
5003751,500375,Eldorado - MS,MS,Mato Grosso do Sul,1221,610.5,0,0,0,0,0,0,0,0,0,0,0,0,0,0,0,0,0,0.0,0.0,0.0,0,,610.5,Deserto absoluto,False
5003801,500380,Fátima do Sul - MS,MS,Mato Grosso do Sul,2754,1377.0,0,0,312,440,717,0,0,0,3,11,10,0,0,0,0,0,0,0.0,0.0,0.0,0,,1377.0,Deserto absoluto,False
5003900,500390,Figueirão - MS,MS,Mato Grosso do Sul,365,182.5,0,0,0,0,0,0,0,0,0,0,0,0,0,0,0,0,0,0.0,0.0,0.0,0,,182.5,Deserto absoluto,False
5004007,500400,Glória de Dourados - MS,MS,Mato Grosso do Sul,1365,682.5,0,0,0,0,0,0,0,0,0,0,0,0,0,0,0,0,0,0.0,0.0,0.0,0,,682.5,Deserto absoluto,False
5004106,500410,Guia Lopes da Laguna - MS,MS,Mato Grosso do Sul,1097,548.5,1,1,0,0,0,0,0,0,0,0,0,0,0,0,0,0,0,0.0,0.0,0.0,5069,1.0,548.5,Deserto funcional,True
5004304,500430,Iguatemi - MS,MS,Mato Grosso do Sul,1437,718.5,0,0,0,0,0,0,0,0,0,0,0,0,0,0,0,0,0,0.0,0.0,0.0,0,,718.5,Deserto absoluto,False
5004403,500440,Inocência - MS,MS,Mato Grosso do Sul,817,408.5,0,0,0,0,0,0,0,0,0,0,0,0,0,0,0,0,0,0.0,0.0,0.0,0,,408.5,Deserto absoluto,False
5004502,500450,Itaporã - MS,MS,Mato Grosso do Sul,2373,1186.5,0,0,0,0,0,0,0,0,0,0,0,0,0,0,0,0,0,0.0,0.0,0.0,0,,1186.5,Deserto absoluto,False
5004601,500460,Itaquiraí - MS,MS,Mato Grosso do Sul,1932,966.0,0,0,0,0,0,0,0,0,0,0,0,0,0,0,0,0,0,0.0,0.0,0.0,0,,966.0,Deserto absoluto,False
5004700,500470,Ivinhema - MS,MS,Mato Grosso do Sul,2984,1492.0,1,1,0,0,0,0,0,0,0,0,0,0,0,0,0,0,0,0.0,0.0,0.0,5069,1.0,1492.0,Deserto funcional,True
5004809,500480,Japorã - MS,MS,Mato Grosso do Sul,535,267.5,0,0,0,0,0,0,0,0,0,0,0,0,0,0,0,0,0,0.0,0.0,0.0,0,,267.5,Deserto absoluto,False
5004908,500490,Jaraguari - MS,MS,Mato Grosso do Sul,920,460.0,0,0,0,0,0,0,0,0,0,0,0,0,0,0,0,0,0,0.0,0.0,0.0,0,,460.0,Deserto absoluto,False
5005004,500500,Jardim - MS,MS,Mato Grosso do Sul,2543,1271.5,1,1,96,196,0,0,0,0,9,10,0,0,0,0,0,0,0,0.0,0.0,0.0,5069,1.0,1271.5,Deserto funcional,True
5005103,500510,Jateí - MS,MS,Mato Grosso do Sul,402,201.0,0,0,0,0,0,0,0,0,0,0,0,0,0,0,0,0,0,0.0,0.0,0.0,0,,201.0,Deserto absoluto,False
5005152,500515,Juti - MS,MS,Mato Grosso do Sul,649,324.5,0,0,0,0,0,0,0,0,0,0,0,0,0,0,0,0,0,0.0,0.0,0.0,0,,324.5,Deserto absoluto,False
5005202,500520,Ladário - MS,MS,Mato Grosso do Sul,1824,912.0,1,1,0,0,0,0,0,0,0,0,0,0,0,0,0,0,0,0.0,0.0,0.0,5069,1.0,912.0,Deserto funcional,True
5005251,500525,Laguna Carapã - MS,MS,Mato Grosso do Sul,579,289.5,0,0,0,0,0,0,0,0,0,0,0,0,0,0,0,0,0,0.0,0.0,0.0,0,,289.5,Deserto absoluto,False
5005400,500540,Maracaju - MS,MS,Mato Grosso do Sul,3673,1836.5,3,3,0,0,0,110,50,0,0,0,0,2,0,0,50,0,50,25.0,0.0136,0.0136,15207,0.9984,1811.5,Deserto funcional,True
5005608,500560,Miranda - MS,MS,Mato Grosso do Sul,2174,1087.0,0,0,0,0,0,0,0,0,0,0,0,0,0,0,0,0,0,0.0,0.0,0.0,0,,1087.0,Deserto absoluto,False
5005681,500568,Mundo Novo - MS,MS,Mato Grosso do Sul,2194,1097.0,0,0,0,0,0,0,0,0,0,0,0,0,0,0,0,0,0,0.0,0.0,0.0,0,,1097.0,Deserto absoluto,False
5005707,500570,Naviraí - MS,MS,Mato Grosso do Sul,5316,2658.0,4,4,495,606,775,0,0,0,37,26,17,0,0,0,0,0,0,0.0,0.0,0.0,20276,1.0,2658.0,Deserto funcional,True
5005806,500580,Nioaque - MS,MS,Mato Grosso do Sul,1348,674.0,0,0,0,0,0,0,0,0,0,0,0,0,0,0,0,0,0,0.0,0.0,0.0,0,,674.0,Deserto absoluto,False
5006002,500600,Nova Alvorada do Sul - MS,MS,Mato Grosso do Sul,1894,947.0,0,0,0,0,0,0,0,0,0,0,0,0,0,0,0,0,0,0.0,0.0,0.0,0,,947.0,Deserto absoluto,False
5006200,500620,Nova Andradina - MS,MS,Mato Grosso do Sul,5232,2616.0,4,4,7486,11288,11507,11571,11962,11835,1158,2034,1629,1676,2179,2045,23797,4224,28021,14010.5,4.5484,5.3557,20276,0.309,-11394.5,Adequado,False
5006259,500625,Novo Horizonte do Sul - MS,MS,Mato Grosso do Sul,535,267.5,0,0,0,0,0,0,0,0,0,0,0,0,0,0,0,0,0,0.0,0.0,0.0,0,,267.5,Deserto absoluto,False
5006275,500627,Paraíso das Águas - MS,MS,Mato Grosso do Sul,491,245.5,0,0,0,0,0,0,0,0,0,0,0,0,0,0,0,0,0,0.0,0.0,0.0,0,,245.5,Deserto absoluto,False
5006309,500630,Paranaíba - MS,MS,Mato Grosso do Sul,4933,2466.5,3,3,819,1777,1674,937,739,46,18,32,16,0,6,2,785,8,793,396.5,0.1591,0.1608,15207,0.9739,2070.0,Deserto funcional,True
5006358,500635,Paranhos - MS,MS,Mato Grosso do Sul,796,398.0,0,0,0,0,0,0,0,0,0,0,0,0,0,0,0,0,0,0.0,0.0,0.0,0,,398.0,Deserto absoluto,False
5006408,500640,Pedro Gomes - MS,MS,Mato Grosso do Sul,873,436.5,0,0,0,0,0,0,0,0,0,0,0,0,0,0,0,0,0,0.0,0.0,0.0,0,,436.5,Deserto absoluto,False
5006606,500660,Ponta Porã - MS,MS,Mato Grosso do Sul,8503,4251.5,1,1,59,643,144,0,0,0,4,18,0,0,0,0,0,0,0,0.0,0.0,0.0,5069,1.0,4251.5,Deserto funcional,True
5006903,500690,Porto Murtinho - MS,MS,Mato Grosso do Sul,1060,530.0,0,0,0,0,0,0,0,0,0,0,0,0,0,0,0,0,0,0.0,0.0,0.0,0,,530.0,Deserto absoluto,False
5007109,500710,Ribas do Rio Pardo - MS,MS,Mato Grosso do Sul,1897,948.5,0,0,0,0,0,0,0,0,0,0,0,0,0,0,0,0,0,0.0,0.0,0.0,0,,948.5,Deserto absoluto,False
5007208,500720,Rio Brilhante - MS,MS,Mato Grosso do Sul,3215,1607.5,2,2,0,0,0,0,0,13,0,0,0,0,0,0,13,0,13,6.5,0.004,0.004,10138,0.9994,1601.0,Deserto funcional,True
5007307,500730,Rio Negro - MS,MS,Mato Grosso do Sul,592,296.0,0,0,0,0,0,0,0,0,0,0,0,0,0,0,0,0,0,0.0,0.0,0.0,0,,296.0,Deserto absoluto,False
5007406,500740,Rio Verde de Mato Grosso - MS,MS,Mato Grosso do Sul,2181,1090.5,0,0,0,0,0,0,0,0,0,0,0,0,0,0,0,0,0,0.0,0.0,0.0,0,,1090.5,Deserto absoluto,False
5007505,500750,Rochedo - MS,MS,Mato Grosso do Sul,546,273.0,0,0,0,0,0,0,0,0,0,0,0,0,0,0,0,0,0,0.0,0.0,0.0,0,,273.0,Deserto absoluto,False
5007554,500755,Santa Rita do Pardo - MS,MS,Mato Grosso do Sul,696,348.0,0,0,0,0,0,0,0,0,0,0,0,0,0,0,0,0,0,0.0,0.0,0.0,0,,348.0,Deserto absoluto,False
5007695,500769,São Gabriel do Oeste - MS,MS,Mato Grosso do Sul,2689,1344.5,1,1,0,0,0,0,0,0,0,0,0,0,0,0,0,0,0,0.0,0.0,0.0,5069,1.0,1344.5,Deserto funcional,True
5007703,500770,Sete Quedas - MS,MS,Mato Grosso do Sul,1220,610.0,0,0,0,0,0,0,0,0,0,0,0,0,0,0,0,0,0,0.0,0.0,0.0,0,,610.0,Deserto absoluto,False
5007802,500780,Selvíria - MS,MS,Mato Grosso do Sul,893,446.5,0,0,0,0,0,0,0,0,0,0,0,0,0,0,0,0,0,0.0,0.0,0.0,0,,446.5,Deserto absoluto,False
5007901,500790,Sidrolândia - MS,MS,Mato Grosso do Sul,4601,2300.5,1,1,0,0,0,0,0,0,0,0,0,0,0,0,0,0,0,0.0,0.0,0.0,5069,1.0,2300.5,Deserto funcional,True
5007935,500793,Sonora - MS,MS,Mato Grosso do Sul,1252,626.0,0,0,0,0,0,0,0,0,0,0,0,0,0,0,0,0,0,0.0,0.0,0.0,0,,626.0,Deserto absoluto,False
5007950,500795,Tacuru - MS,MS,Mato Grosso do Sul,803,401.5,0,0,0,0,0,0,0,0,0,0,0,0,0,0,0,0,0,0.0,0.0,0.0,0,,401.5,Deserto absoluto,False
5007976,500797,Taquarussu - MS,MS,Mato Grosso do Sul,441,220.5,0,0,0,0,0,0,0,0,0,0,0,0,0,0,0,0,0,0.0,0.0,0.0,0,,220.5,Deserto absoluto,False
5008008,500800,Terenos - MS,MS,Mato Grosso do Sul,2065,1032.5,0,0,0,0,0,0,0,0,0,0,0,0,0,0,0,0,0,0.0,0.0,0.0,0,,1032.5,Deserto absoluto,False
5008305,500830,Três Lagoas - MS,MS,Mato Grosso do Sul,12825,6412.5,7,7,1034,1735,2869,2136,1334,2319,145,175,190,179,218,243,3653,461,4114,2057.0,0.2848,0.3208,35483,0.942,4355.5,Intermediario,True
5008404,500840,Vicentina - MS,MS,Mato Grosso do Sul,848,424.0,0,0,0,0,0,0,0,0,0,0,0,0,0,0,0,0,0,0.0,0.0,0.0,0,,424.0,Deserto absoluto,False
5100102,510010,Acorizal - MT,MT,Mato Grosso,568,284.0,0,0,0,0,0,0,0,0,0,0,0,0,0,0,0,0,0,0.0,0.0,0.0,0,,284.0,Deserto absoluto,False
5100201,510020,Água Boa - MT,MT,Mato Grosso,2257,1128.5,3,3,0,0,749,1632,1700,1774,0,0,24,71,82,102,3474,184,3658,1829.0,1.5392,1.6207,15207,0.8797,-700.5,Adequado,False
5100250,510025,Alta Floresta - MT,MT,Mato Grosso,5560,2780.0,7,6,0,0,0,0,0,0,0,0,0,0,0,0,0,0,0,0.0,0.0,0.0,30414,1.0,2780.0,Deserto funcional,True
5100300,510030,Alto Araguaia - MT,MT,Mato Grosso,1798,899.0,0,0,209,107,173,26,11,0,4,3,0,1,6,0,11,6,17,8.5,0.0061,0.0095,0,,890.5,Deserto absoluto,False
5100359,510035,Alto Boa Vista - MT,MT,Mato Grosso,360,180.0,0,0,0,0,0,0,0,0,0,0,0,0,0,0,0,0,0,0.0,0.0,0.0,0,,180.0,Deserto absoluto,False
5100409,510040,Alto Garças - MT,MT,Mato Grosso,1122,561.0,0,0,0,42,69,84,72,90,0,5,2,6,3,8,162,11,173,86.5,0.1444,0.1542,0,,474.5,Deserto absoluto,False
5100508,510050,Alto Paraguai - MT,MT,Mato Grosso,906,453.0,0,0,0,0,0,0,0,0,0,0,0,0,0,0,0,0,0,0.0,0.0,0.0,0,,453.0,Deserto absoluto,False
5100607,510060,Alto Taquari - MT,MT,Mato Grosso,772,386.0,0,0,59,76,116,66,50,77,0,0,0,0,1,2,127,3,130,65.0,0.1645,0.1684,0,,321.0,Deserto absoluto,False
5100805,510080,Apiacás - MT,MT,Mato Grosso,740,370.0,0,0,40,0,0,0,0,0,0,0,0,0,0,0,0,0,0,0.0,0.0,0.0,0,,370.0,Deserto absoluto,False
5101001,510100,Araguaiana - MT,MT,Mato Grosso,428,214.0,0,0,0,0,0,0,0,0,0,0,0,0,0,0,0,0,0,0.0,0.0,0.0,0,,214.0,Deserto absoluto,False
5101209,510120,Araguainha - MT,MT,Mato Grosso,129,64.5,0,0,0,0,0,0,0,43,0,0,0,0,0,0,43,0,43,21.5,0.3333,0.3333,0,,43.0,Deserto absoluto,False
5101258,510125,Araputanga - MT,MT,Mato Grosso,1578,789.0,0,0,0,0,0,0,0,0,0,0,0,0,0,0,0,0,0,0.0,0.0,0.0,0,,789.0,Deserto absoluto,False
5101308,510130,Arenápolis - MT,MT,Mato Grosso,1069,534.5,0,0,0,0,0,0,0,0,0,0,0,0,0,0,0,0,0,0.0,0.0,0.0,0,,534.5,Deserto absoluto,False
5101407,510140,Aripuanã - MT,MT,Mato Grosso,1591,795.5,0,0,0,0,0,0,0,0,0,0,0,0,0,0,0,0,0,0.0,0.0,0.0,0,,795.5,Deserto absoluto,False
5101605,510160,Barão de Melgaço - MT,MT,Mato Grosso,784,392.0,0,0,0,0,0,0,0,0,0,0,0,0,0,0,0,0,0,0.0,0.0,0.0,0,,392.0,Deserto absoluto,False
5101704,510170,Barra do Bugres - MT,MT,Mato Grosso,2694,1347.0,1,1,0,0,0,0,0,0,0,0,0,0,0,0,0,0,0,0.0,0.0,0.0,5069,1.0,1347.0,Deserto funcional,True
5101803,510180,Barra do Garças - MT,MT,Mato Grosso,7151,3575.5,4,4,318,718,863,422,853,251,1,9,12,6,10,1,1104,11,1115,557.5,0.1544,0.1559,20276,0.9725,3018.0,Deserto funcional,True
5101852,510185,Bom Jesus do Araguaia - MT,MT,Mato Grosso,548,274.0,0,0,0,0,0,0,0,0,0,0,0,0,0,0,0,0,0,0.0,0.0,0.0,0,,274.0,Deserto absoluto,False
5101902,510190,Brasnorte - MT,MT,Mato Grosso,1307,653.5,0,0,0,0,0,0,0,0,0,0,0,0,0,0,0,0,0,0.0,0.0,0.0,0,,653.5,Deserto absoluto,False
5102504,510250,Cáceres - MT,MT,Mato Grosso,9049,4524.5,4,4,0,0,0,0,0,0,0,0,0,0,0,0,0,0,0,0.0,0.0,0.0,20276,1.0,4524.5,Deserto funcional,True
5102603,510260,Campinápolis - MT,MT,Mato Grosso,800,400.0,0,0,0,0,0,0,0,0,0,0,0,0,0,0,0,0,0,0.0,0.0,0.0,0,,400.0,Deserto absoluto,False
5102637,510263,Campo Novo do Parecis - MT,MT,Mato Grosso,2636,1318.0,3,3,0,0,0,0,0,0,0,0,0,0,0,0,0,0,0,0.0,0.0,0.0,15207,1.0,1318.0,Deserto funcional,True
5102678,510267,Campo Verde - MT,MT,Mato Grosso,3469,1734.5,1,1,272,588,368,318,32,99,5,3,3,3,21,19,131,40,171,85.5,0.0378,0.0493,5069,0.9831,1649.0,Deserto funcional,True
5102686,510268,Campos de Júlio - MT,MT,Mato Grosso,555,277.5,0,0,0,0,0,0,0,0,0,0,0,0,0,0,0,0,0,0.0,0.0,0.0,0,,277.5,Deserto absoluto,False
5102694,510269,Canabrava do Norte - MT,MT,Mato Grosso,402,201.0,0,0,0,0,0,0,0,0,0,0,0,0,0,0,0,0,0,0.0,0.0,0.0,0,,201.0,Deserto absoluto,False
5102702,510270,Canarana - MT,MT,Mato Grosso,1952,976.0,1,1,0,0,0,0,0,0,0,0,0,0,0,0,0,0,0,0.0,0.0,0.0,5069,1.0,976.0,Deserto funcional,True
5102793,510279,Carlinda - MT,MT,Mato Grosso,1127,563.5,0,0,0,0,0,0,0,0,0,0,0,0,0,0,0,0,0,0.0,0.0,0.0,0,,563.5,Deserto absoluto,False
5102850,510285,Castanheira - MT,MT,Mato Grosso,806,403.0,0,0,0,0,0,0,0,0,0,0,0,0,0,0,0,0,0,0.0,0.0,0.0,0,,403.0,Deserto absoluto,False
5103007,510300,Chapada dos Guimarães - MT,MT,Mato Grosso,2163,1081.5,2,2,0,0,0,0,0,0,0,0,0,0,0,0,0,0,0,0.0,0.0,0.0,10138,1.0,1081.5,Deserto funcional,True
5103056,510305,Cláudia - MT,MT,Mato Grosso,999,499.5,0,0,0,0,0,0,0,0,0,0,0,0,0,0,0,0,0,0.0,0.0,0.0,0,,499.5,Deserto absoluto,False
5103106,510310,Cocalinho - MT,MT,Mato Grosso,599,299.5,0,0,0,0,0,0,0,0,0,0,0,0,0,0,0,0,0,0.0,0.0,0.0,0,,299.5,Deserto absoluto,False
5103205,510320,Colíder - MT,MT,Mato Grosso,3326,1663.0,1,1,0,0,0,0,0,0,0,0,0,0,0,0,0,0,0,0.0,0.0,0.0,5069,1.0,1663.0,Deserto funcional,True
5103254,510325,Colniza - MT,MT,Mato Grosso,1850,925.0,0,0,0,0,0,0,0,0,0,0,0,0,0,0,0,0,0,0.0,0.0,0.0,0,,925.0,Deserto absoluto,False
5103304,510330,Comodoro - MT,MT,Mato Grosso,1499,749.5,0,0,0,0,0,0,0,0,0,0,0,0,0,0,0,0,0,0.0,0.0,0.0,0,,749.5,Deserto absoluto,False
5103353,510335,Confresa - MT,MT,Mato Grosso,2327,1163.5,2,2,0,0,0,0,0,0,0,0,0,0,0,0,0,0,0,0.0,0.0,0.0,10138,1.0,1163.5,Deserto funcional,True
5103361,510336,Conquista D'Oeste - MT,MT,Mato Grosso,333,166.5,0,0,0,0,0,0,0,0,0,0,0,0,0,0,0,0,0,0.0,0.0,0.0,0,,166.5,Deserto absoluto,False
5103379,510337,Cotriguaçu - MT,MT,Mato Grosso,907,453.5,0,0,0,0,0,0,0,0,0,0,0,0,0,0,0,0,0,0.0,0.0,0.0,0,,453.5,Deserto absoluto,False
5103403,510340,Cuiabá - MT,MT,Mato Grosso,67468,33734.0,28,28,2982,5807,9598,8527,6267,6185,81,160,69,90,99,20,12452,119,12571,6285.5,0.1846,0.1863,141932,0.9557,27448.5,Deserto funcional,True
5103437,510343,Curvelândia - MT,MT,Mato Grosso,590,295.0,0,0,0,0,0,0,0,0,0,0,0,0,0,0,0,0,0,0.0,0.0,0.0,0,,295.0,Deserto absoluto,False
5103452,510345,Denise - MT,MT,Mato Grosso,650,325.0,0,0,0,0,0,0,0,0,0,0,0,0,0,0,0,0,0,0.0,0.0,0.0,0,,325.0,Deserto absoluto,False
5103502,510350,Diamantino - MT,MT,Mato Grosso,1954,977.0,1,1,0,0,0,0,0,0,0,0,0,0,0,0,0,0,0,0.0,0.0,0.0,5069,1.0,977.0,Deserto funcional,True
5103601,510360,Dom Aquino - MT,MT,Mato Grosso,955,477.5,0,0,81,22,29,24,21,40,1,0,0,0,0,5,61,5,66,33.0,0.0639,0.0691,0,,444.5,Deserto absoluto,False
5103700,510370,Feliz Natal - MT,MT,Mato Grosso,728,364.0,0,0,0,0,0,0,0,0,0,0,0,0,0,0,0,0,0,0.0,0.0,0.0,0,,364.0,Deserto absoluto,False
5103809,510380,Figueirópolis D'Oeste - MT,MT,Mato Grosso,372,186.0,0,0,0,0,0,0,0,0,0,0,0,0,0,0,0,0,0,0.0,0.0,0.0,0,,186.0,Deserto absoluto,False
5103858,510385,Gaúcha do Norte - MT,MT,Mato Grosso,584,292.0,0,0,0,0,0,0,0,0,0,0,0,0,0,0,0,0,0,0.0,0.0,0.0,0,,292.0,Deserto absoluto,False
5103908,510390,General Carneiro - MT,MT,Mato Grosso,482,241.0,0,0,0,0,0,0,0,0,0,0,0,0,0,0,0,0,0,0.0,0.0,0.0,0,,241.0,Deserto absoluto,False
5103957,510395,Glória D'Oeste - MT,MT,Mato Grosso,334,167.0,0,0,0,0,0,0,0,0,0,0,0,0,0,0,0,0,0,0.0,0.0,0.0,0,,167.0,Deserto absoluto,False
5104104,510410,Guarantã do Norte - MT,MT,Mato Grosso,2883,1441.5,5,5,0,0,245,560,885,169,0,0,6,19,22,10,1054,32,1086,543.0,0.3656,0.3767,25345,0.9786,898.5,Intermediario,True
5104203,510420,Guiratinga - MT,MT,Mato Grosso,1434,717.0,0,0,0,20,115,84,32,47,0,3,2,5,6,7,79,13,92,46.0,0.0551,0.0642,0,,671.0,Deserto absoluto,False
5104500,510450,Indiavaí - MT,MT,Mato Grosso,263,131.5,0,0,0,0,0,0,0,0,0,0,0,0,0,0,0,0,0,0.0,0.0,0.0,0,,131.5,Deserto absoluto,False
5104526,510452,Ipiranga do Norte - MT,MT,Mato Grosso,500,250.0,1,1,0,0,0,0,0,0,0,0,0,0,0,0,0,0,0,0.0,0.0,0.0,5069,1.0,250.0,Deserto funcional,True
5104542,510454,Itanhangá - MT,MT,Mato Grosso,584,292.0,0,0,0,0,0,0,0,0,0,0,0,0,0,0,0,0,0,0.0,0.0,0.0,0,,292.0,Deserto absoluto,False
5104559,510455,Itaúba - MT,MT,Mato Grosso,452,226.0,0,0,0,0,0,0,0,0,0,0,0,0,0,0,0,0,0,0.0,0.0,0.0,0,,226.0,Deserto absoluto,False
5104609,510460,Itiquira - MT,MT,Mato Grosso,1092,546.0,1,1,243,226,284,166,190,391,2,10,9,11,18,11,581,29,610,305.0,0.5321,0.5586,5069,0.9398,241.0,Intermediario,True
5104807,510480,Jaciara - MT,MT,Mato Grosso,3000,1500.0,2,2,192,88,68,66,126,186,5,2,2,5,30,15,312,45,357,178.5,0.104,0.119,10138,0.9824,1321.5,Deserto funcional,True
5104906,510490,Jangada - MT,MT,Mato Grosso,724,362.0,0,0,0,0,0,0,0,0,0,0,0,0,0,0,0,0,0,0.0,0.0,0.0,0,,362.0,Deserto absoluto,False
5105002,510500,Jauru - MT,MT,Mato Grosso,929,464.5,0,0,0,0,0,0,0,0,0,0,0,0,0,0,0,0,0,0.0,0.0,0.0,0,,464.5,Deserto absoluto,False
5105101,510510,Juara - MT,MT,Mato Grosso,3254,1627.0,2,2,0,0,0,0,0,0,0,0,0,0,0,0,0,0,0,0.0,0.0,0.0,10138,1.0,1627.0,Deserto funcional,True
5105150,510515,Juína - MT,MT,Mato Grosso,4221,2110.5,3,2,349,414,269,335,145,398,37,59,67,99,74,47,543,121,664,332.0,0.1286,0.1573,10138,0.9673,1778.5,Deserto funcional,True
5105176,510517,Juruena - MT,MT,Mato Grosso,843,421.5,0,0,0,0,0,0,0,0,0,0,0,0,0,0,0,0,0,0.0,0.0,0.0,0,,421.5,Deserto absoluto,False
5105200,510520,Juscimeira - MT,MT,Mato Grosso,1425,712.5,0,0,144,95,264,65,244,170,4,3,2,5,18,15,414,33,447,223.5,0.2905,0.3137,0,,489.0,Deserto absoluto,False
5105234,510523,Lambari D'Oeste - MT,MT,Mato Grosso,470,235.0,0,0,0,0,0,0,0,0,0,0,0,0,0,0,0,0,0,0.0,0.0,0.0,0,,235.0,Deserto absoluto,False
5105259,510525,Lucas do Rio Verde - MT,MT,Mato Grosso,5037,2518.5,2,2,223,481,403,146,127,906,41,38,17,10,9,92,1033,101,1134,567.0,0.2051,0.2251,10138,0.9441,1951.5,Deserto funcional,True
5105309,510530,Luciara - MT,MT,Mato Grosso,243,121.5,0,0,0,0,0,0,0,0,0,0,0,0,0,0,0,0,0,0.0,0.0,0.0,0,,121.5,Deserto absoluto,False
5105507,510550,Vila Bela da Santíssima Trindade - MT,MT,Mato Grosso,1301,650.5,0,0,0,0,0,0,0,0,0,0,0,0,0,0,0,0,0,0.0,0.0,0.0,0,,650.5,Deserto absoluto,False
5105580,510558,Marcelândia - MT,MT,Mato Grosso,995,497.5,0,0,0,0,0,0,0,0,0,0,0,0,0,0,0,0,0,0.0,0.0,0.0,0,,497.5,Deserto absoluto,False
5105606,510560,Matupá - MT,MT,Mato Grosso,1678,839.0,0,0,0,0,0,0,0,0,0,0,0,0,0,0,0,0,0,0.0,0.0,0.0,0,,839.0,Deserto absoluto,False
5105622,510562,Mirassol d'Oeste - MT,MT,Mato Grosso,2793,1396.5,1,1,0,0,0,0,0,0,0,0,0,0,0,0,0,0,0,0.0,0.0,0.0,5069,1.0,1396.5,Deserto funcional,True
5105903,510590,Nobres - MT,MT,Mato Grosso,1432,716.0,0,0,0,0,0,0,0,0,0,0,0,0,0,0,0,0,0,0.0,0.0,0.0,0,,716.0,Deserto absoluto,False
5106000,510600,Nortelândia - MT,MT,Mato Grosso,708,354.0,0,0,0,0,0,0,0,0,0,0,0,0,0,0,0,0,0,0.0,0.0,0.0,0,,354.0,Deserto absoluto,False
5106109,510610,Nossa Senhora do Livramento - MT,MT,Mato Grosso,1515,757.5,0,0,0,0,0,0,0,0,0,0,0,0,0,0,0,0,0,0.0,0.0,0.0,0,,757.5,Deserto absoluto,False
5106158,510615,Nova Bandeirantes - MT,MT,Mato Grosso,1128,564.0,0,0,11,10,0,0,0,0,0,4,0,0,0,0,0,0,0,0.0,0.0,0.0,0,,564.0,Deserto absoluto,False
5106174,510617,Nova Nazaré - MT,MT,Mato Grosso,270,135.0,0,0,0,0,0,0,0,0,0,0,0,0,0,0,0,0,0,0.0,0.0,0.0,0,,135.0,Deserto absoluto,False
5106182,510618,Nova Lacerda - MT,MT,Mato Grosso,530,265.0,0,0,0,0,0,0,0,0,0,0,0,0,0,0,0,0,0,0.0,0.0,0.0,0,,265.0,Deserto absoluto,False
5106190,510619,Nova Santa Helena - MT,MT,Mato Grosso,390,195.0,0,0,0,0,0,0,0,0,0,0,0,0,0,0,0,0,0,0.0,0.0,0.0,0,,195.0,Deserto absoluto,False
5106208,510620,Nova Brasilândia - MT,MT,Mato Grosso,458,229.0,0,0,0,0,0,0,0,0,0,0,0,0,0,0,0,0,0,0.0,0.0,0.0,0,,229.0,Deserto absoluto,False
5106216,510621,Nova Canaã do Norte - MT,MT,Mato Grosso,1171,585.5,0,0,0,0,0,0,0,0,0,0,0,0,0,0,0,0,0,0.0,0.0,0.0,0,,585.5,Deserto absoluto,False
5106224,510622,Nova Mutum - MT,MT,Mato Grosso,3308,1654.0,3,3,0,0,0,0,0,0,0,0,0,0,0,0,0,0,0,0.0,0.0,0.0,15207,1.0,1654.0,Deserto funcional,True
5106232,510623,Nova Olímpia - MT,MT,Mato Grosso,1492,746.0,0,0,0,0,0,0,0,0,0,0,0,0,0,0,0,0,0,0.0,0.0,0.0,0,,746.0,Deserto absoluto,False
5106240,510624,Nova Ubiratã - MT,MT,Mato Grosso,767,383.5,0,0,0,0,0,0,0,0,0,0,0,0,0,0,0,0,0,0.0,0.0,0.0,0,,383.5,Deserto absoluto,False
5106257,510625,Nova Xavantina - MT,MT,Mato Grosso,2392,1196.0,2,1,0,0,0,0,0,0,0,0,0,0,0,0,0,0,0,0.0,0.0,0.0,5069,1.0,1196.0,Deserto funcional,True
5106265,510626,Novo Mundo - MT,MT,Mato Grosso,617,308.5,0,0,0,0,0,0,0,0,0,0,0,0,0,0,0,0,0,0.0,0.0,0.0,0,,308.5,Deserto absoluto,False
5106273,510627,Novo Horizonte do Norte - MT,MT,Mato Grosso,441,220.5,0,0,0,0,0,0,0,0,0,0,0,0,0,0,0,0,0,0.0,0.0,0.0,0,,220.5,Deserto absoluto,False
5106281,510628,Novo São Joaquim - MT,MT,Mato Grosso,679,339.5,0,0,0,0,0,0,0,0,0,0,0,0,0,0,0,0,0,0.0,0.0,0.0,0,,339.5,Deserto absoluto,False
5106299,510629,Paranaíta - MT,MT,Mato Grosso,1235,617.5,0,0,1,5,6,0,0,0,2,2,0,0,0,0,0,0,0,0.0,0.0,0.0,0,,617.5,Deserto absoluto,False
5106307,510630,Paranatinga - MT,MT,Mato Grosso,1941,970.5,0,0,0,0,0,0,0,0,0,0,0,0,0,0,0,0,0,0.0,0.0,0.0,0,,970.5,Deserto absoluto,False
5106315,510631,Novo Santo Antônio - MT,MT,Mato Grosso,200,100.0,0,0,0,0,0,0,0,0,0,0,0,0,0,0,0,0,0,0.0,0.0,0.0,0,,100.0,Deserto absoluto,False
5106372,510637,Pedra Preta - MT,MT,Mato Grosso,1798,899.0,0,0,0,0,157,245,184,220,0,0,3,5,23,23,404,46,450,225.0,0.2247,0.2503,0,,674.0,Deserto absoluto,False
5106422,510642,Peixoto de Azevedo - MT,MT,Mato Grosso,2897,1448.5,1,1,0,0,0,0,0,207,0,0,0,0,0,18,207,18,225,112.5,0.0715,0.0777,5069,0.9778,1336.0,Deserto funcional,True
5106455,510645,Planalto da Serra - MT,MT,Mato Grosso,295,147.5,0,0,0,0,0,0,0,0,0,0,0,0,0,0,0,0,0,0.0,0.0,0.0,0,,147.5,Deserto absoluto,False
5106505,510650,Poconé - MT,MT,Mato Grosso,3056,1528.0,1,1,0,0,0,0,0,0,0,0,0,0,0,0,0,0,0,0.0,0.0,0.0,5069,1.0,1528.0,Deserto funcional,True
5106653,510665,Pontal do Araguaia - MT,MT,Mato Grosso,719,359.5,0,0,0,0,0,0,0,0,0,0,0,0,0,0,0,0,0,0.0,0.0,0.0,0,,359.5,Deserto absoluto,False
5106703,510670,Ponte Branca - MT,MT,Mato Grosso,267,133.5,0,0,0,0,0,0,0,0,0,0,0,0,0,0,0,0,0,0.0,0.0,0.0,0,,133.5,Deserto absoluto,False
5106752,510675,Pontes e Lacerda - MT,MT,Mato Grosso,4361,2180.5,3,3,0,0,0,0,0,0,0,0,0,0,0,0,0,0,0,0.0,0.0,0.0,15207,1.0,2180.5,Deserto funcional,True
5106778,510677,Porto Alegre do Norte - MT,MT,Mato Grosso,1000,500.0,0,0,0,0,0,0,0,0,0,0,0,0,0,0,0,0,0,0.0,0.0,0.0,0,,500.0,Deserto absoluto,False
5106802,510680,Porto dos Gaúchos - MT,MT,Mato Grosso,547,273.5,0,0,0,0,0,0,0,0,0,0,0,0,0,0,0,0,0,0.0,0.0,0.0,0,,273.5,Deserto absoluto,False
5106828,510682,Porto Esperidião - MT,MT,Mato Grosso,964,482.0,0,0,0,0,0,0,0,0,0,0,0,0,0,0,0,0,0,0.0,0.0,0.0,0,,482.0,Deserto absoluto,False
5106851,510685,Porto Estrela - MT,MT,Mato Grosso,347,173.5,0,0,0,0,0,0,0,0,0,0,0,0,0,0,0,0,0,0.0,0.0,0.0,0,,173.5,Deserto absoluto,False
5107008,510700,Poxoréu - MT,MT,Mato Grosso,2566,1283.0,0,0,0,17,36,51,71,75,0,0,0,6,14,16,146,30,176,88.0,0.0569,0.0686,0,,1195.0,Deserto absoluto,False
5107040,510704,Primavera do Leste - MT,MT,Mato Grosso,6023,3011.5,3,3,1326,1326,1879,1805,1981,1743,16,16,44,30,28,53,3724,81,3805,1902.5,0.6183,0.6317,15207,0.8749,1109.0,Intermediario,True
5107065,510706,Querência - MT,MT,Mato Grosso,1443,721.5,2,2,0,0,0,0,0,442,0,0,0,0,0,6,442,6,448,224.0,0.3063,0.3105,10138,0.9779,497.5,Intermediario,True
5107107,510710,São José dos Quatro Marcos - MT,MT,Mato Grosso,2187,1093.5,0,0,0,0,0,0,0,0,0,0,0,0,0,0,0,0,0,0.0,0.0,0.0,0,,1093.5,Deserto absoluto,False
5107156,510715,Reserva do Cabaçal - MT,MT,Mato Grosso,223,111.5,0,0,0,0,0,0,0,0,0,0,0,0,0,0,0,0,0,0.0,0.0,0.0,0,,111.5,Deserto absoluto,False
5107180,510718,Ribeirão Cascalheira - MT,MT,Mato Grosso,879,439.5,0,0,0,0,0,0,0,0,0,0,0,0,0,0,0,0,0,0.0,0.0,0.0,0,,439.5,Deserto absoluto,False
5107198,510719,Ribeirãozinho - MT,MT,Mato Grosso,261,130.5,0,0,0,0,0,0,0,0,0,0,0,0,0,0,0,0,0,0.0,0.0,0.0,0,,130.5,Deserto absoluto,False
5107206,510720,Rio Branco - MT,MT,Mato Grosso,519,259.5,0,0,0,0,0,0,0,0,0,0,0,0,0,0,0,0,0,0.0,0.0,0.0,0,,259.5,Deserto absoluto,False
5107248,510724,Santa Carmem - MT,MT,Mato Grosso,406,203.0,0,0,0,0,0,0,0,0,0,0,0,0,0,0,0,0,0,0.0,0.0,0.0,0,,203.0,Deserto absoluto,False
5107263,510726,Santo Afonso - MT,MT,Mato Grosso,270,135.0,0,0,0,0,0,0,0,0,0,0,0,0,0,0,0,0,0,0.0,0.0,0.0,0,,135.0,Deserto absoluto,False
5107297,510729,São José do Povo - MT,MT,Mato Grosso,419,209.5,0,0,0,0,32,47,64,99,0,0,0,0,4,10,163,14,177,88.5,0.389,0.4224,0,,121.0,Deserto absoluto,False
5107305,510730,São José do Rio Claro - MT,MT,Mato Grosso,1345,672.5,0,0,0,0,0,0,0,0,0,0,0,0,0,0,0,0,0,0.0,0.0,0.0,0,,672.5,Deserto absoluto,False
5107354,510735,São José do Xingu - MT,MT,Mato Grosso,360,180.0,0,0,0,0,0,0,0,0,0,0,0,0,0,0,0,0,0,0.0,0.0,0.0,0,,180.0,Deserto absoluto,False
5107404,510740,São Pedro da Cipa - MT,MT,Mato Grosso,423,211.5,0,0,38,40,96,24,69,117,0,0,0,0,0,0,186,0,186,93.0,0.4397,0.4397,0,,118.5,Deserto absoluto,False
5107578,510757,Rondolândia - MT,MT,Mato Grosso,208,104.0,0,0,0,0,0,0,0,0,0,0,0,0,0,0,0,0,0,0.0,0.0,0.0,0,,104.0,Deserto absoluto,False
5107602,510760,Rondonópolis - MT,MT,Mato Grosso,22956,11478.0,10,8,3453,2449,5477,4968,4686,2741,75,63,99,141,245,231,7427,476,7903,3951.5,0.3235,0.3443,40552,0.9026,7526.5,Intermediario,True
5107701,510770,Rosário Oeste - MT,MT,Mato Grosso,1729,864.5,0,0,0,0,0,0,0,0,0,0,0,0,0,0,0,0,0,0.0,0.0,0.0,0,,864.5,Deserto absoluto,False
5107743,510774,Santa Cruz do Xingu - MT,MT,Mato Grosso,203,101.5,0,0,0,0,0,0,0,0,0,0,0,0,0,0,0,0,0,0.0,0.0,0.0,0,,101.5,Deserto absoluto,False
5107750,510775,Salto do Céu - MT,MT,Mato Grosso,406,203.0,0,0,0,0,0,0,0,0,0,0,0,0,0,0,0,0,0,0.0,0.0,0.0,0,,203.0,Deserto absoluto,False
5107768,510776,Santa Rita do Trivelato - MT,MT,Mato Grosso,191,95.5,0,0,0,0,0,0,0,0,0,0,0,0,0,0,0,0,0,0.0,0.0,0.0,0,,95.5,Deserto absoluto,False
5107776,510777,Santa Terezinha - MT,MT,Mato Grosso,581,290.5,0,0,0,0,0,0,0,0,0,0,0,0,0,0,0,0,0,0.0,0.0,0.0,0,,290.5,Deserto absoluto,False
5107792,510779,Santo Antônio do Leste - MT,MT,Mato Grosso,278,139.0,0,0,0,11,56,59,35,26,0,0,0,0,0,0,61,0,61,30.5,0.2194,0.2194,0,,108.5,Deserto absoluto,False
5107800,510780,Santo Antônio de Leverger - MT,MT,Mato Grosso,1619,809.5,0,0,0,0,0,0,0,0,0,0,0,0,0,0,0,0,0,0.0,0.0,0.0,0,,809.5,Deserto absoluto,False
5107859,510785,São Félix do Araguaia - MT,MT,Mato Grosso,1116,558.0,0,0,0,0,0,0,0,0,0,0,0,0,0,0,0,0,0,0.0,0.0,0.0,0,,558.0,Deserto absoluto,False
5107875,510787,Sapezal - MT,MT,Mato Grosso,1372,686.0,4,4,0,0,0,0,70,213,0,0,0,0,8,125,283,133,416,208.0,0.2063,0.3032,20276,0.9897,478.0,Intermediario,True
5107883,510788,Serra Nova Dourada - MT,MT,Mato Grosso,158,79.0,0,0,0,0,0,0,0,0,0,0,0,0,0,0,0,0,0,0.0,0.0,0.0,0,,79.0,Deserto absoluto,False
5107909,510790,Sinop - MT,MT,Mato Grosso,14715,7357.5,18,17,0,787,10560,12597,10161,7554,0,30,223,1017,1671,1681,17715,3352,21067,10533.5,1.2039,1.4317,86173,0.8778,-3176.0,Adequado,False
5107925,510792,Sorriso - MT,MT,Mato Grosso,7592,3796.0,8,7,1986,2701,2258,2645,2823,3565,79,26,41,79,79,50,6388,129,6517,3258.5,0.8414,0.8584,35483,0.9082,537.5,Adequado,True
5107941,510794,Tabaporã - MT,MT,Mato Grosso,792,396.0,0,0,0,0,0,0,0,0,0,0,0,0,0,0,0,0,0,0.0,0.0,0.0,0,,396.0,Deserto absoluto,False
5107958,510795,Tangará da Serra - MT,MT,Mato Grosso,9845,4922.5,6,6,857,1395,1801,2548,2206,2623,44,41,16,15,9,36,4829,45,4874,2437.0,0.4905,0.4951,30414,0.9199,2485.5,Intermediario,True
5108006,510800,Tapurah - MT,MT,Mato Grosso,993,496.5,0,0,0,0,0,0,0,0,0,0,0,0,0,0,0,0,0,0.0,0.0,0.0,0,,496.5,Deserto absoluto,False
5108055,510805,Terra Nova do Norte - MT,MT,Mato Grosso,1181,590.5,0,0,0,0,0,0,0,0,0,0,0,0,0,0,0,0,0,0.0,0.0,0.0,0,,590.5,Deserto absoluto,False
5108105,510810,Tesouro - MT,MT,Mato Grosso,366,183.0,0,0,54,47,47,74,65,77,4,4,0,2,0,3,142,3,145,72.5,0.388,0.3962,0,,110.5,Deserto absoluto,False
5108204,510820,Torixoréu - MT,MT,Mato Grosso,568,284.0,0,0,0,0,0,0,0,0,0,0,0,0,0,0,0,0,0,0.0,0.0,0.0,0,,284.0,Deserto absoluto,False
5108303,510830,União do Sul - MT,MT,Mato Grosso,327,163.5,0,0,0,0,0,0,0,0,0,0,0,0,0,0,0,0,0,0.0,0.0,0.0,0,,163.5,Deserto absoluto,False
5108352,510835,Vale de São Domingos - MT,MT,Mato Grosso,326,163.0,0,0,0,0,0,0,0,0,0,0,0,0,0,0,0,0,0,0.0,0.0,0.0,0,,163.0,Deserto absoluto,False
5108402,510840,Várzea Grande - MT,MT,Mato Grosso,27528,13764.0,5,5,0,1193,2487,650,0,0,0,18,5,1,0,0,0,0,0,0.0,0.0,0.0,25345,1.0,13764.0,Deserto funcional,True
5108501,510850,Vera - MT,MT,Mato Grosso,1100,550.0,0,0,0,0,0,0,0,0,0,0,0,0,0,0,0,0,0,0.0,0.0,0.0,0,,550.0,Deserto absoluto,False
5108600,510860,Vila Rica - MT,MT,Mato Grosso,1528,764.0,1,1,0,0,0,0,0,0,0,0,0,0,0,0,0,0,0,0.0,0.0,0.0,5069,1.0,764.0,Deserto funcional,True
5108808,510880,Nova Guarita - MT,MT,Mato Grosso,482,241.0,0,0,0,0,0,0,0,0,0,0,0,0,0,0,0,0,0,0.0,0.0,0.0,0,,241.0,Deserto absoluto,False
5108857,510885,Nova Marilândia - MT,MT,Mato Grosso,293,146.5,0,0,0,0,0,0,0,0,0,0,0,0,0,0,0,0,0,0.0,0.0,0.0,0,,146.5,Deserto absoluto,False
5108907,510890,Nova Maringá - MT,MT,Mato Grosso,442,221.0,1,1,0,0,0,0,0,0,0,0,0,0,0,0,0,0,0,0.0,0.0,0.0,5069,1.0,221.0,Deserto funcional,True
5108956,510895,Nova Monte Verde - MT,MT,Mato Grosso,721,360.5,0,0,0,2,0,0,0,0,0,2,0,0,0,0,0,0,0,0.0,0.0,0.0,0,,360.5,Deserto absoluto,False
5200050,520005,Abadia de Goiás - GO,GO,Goiás,1577,788.5,0,0,0,0,0,0,0,0,0,0,0,0,0,0,0,0,0,0.0,0.0,0.0,0,,788.5,Deserto absoluto,False
5200100,520010,Abadiânia - GO,GO,Goiás,1927,963.5,0,0,0,0,0,0,0,0,0,0,0,0,0,0,0,0,0,0.0,0.0,0.0,0,,963.5,Deserto absoluto,False
5200134,520013,Acreúna - GO,GO,Goiás,2312,1156.0,1,1,0,0,0,0,0,0,0,0,0,0,0,0,0,0,0,0.0,0.0,0.0,5069,1.0,1156.0,Deserto funcional,True
5200159,520015,Adelândia - GO,GO,Goiás,336,168.0,0,0,0,0,0,0,0,0,0,0,0,0,0,0,0,0,0,0.0,0.0,0.0,0,,168.0,Deserto absoluto,False
5200175,520017,Água Fria de Goiás - GO,GO,Goiás,502,251.0,0,0,0,0,0,0,0,0,0,0,0,0,0,0,0,0,0,0.0,0.0,0.0,0,,251.0,Deserto absoluto,False
5200209,520020,Água Limpa - GO,GO,Goiás,254,127.0,0,0,0,0,0,0,0,0,0,0,0,0,0,0,0,0,0,0.0,0.0,0.0,0,,127.0,Deserto absoluto,False
5200258,520025,Águas Lindas de Goiás - GO,GO,Goiás,16063,8031.5,4,4,0,0,0,0,0,0,0,0,0,0,0,0,0,0,0,0.0,0.0,0.0,20276,1.0,8031.5,Deserto funcional,True
5200308,520030,Alexânia - GO,GO,Goiás,2804,1402.0,0,0,0,0,0,0,0,0,0,0,0,0,0,0,0,0,0,0.0,0.0,0.0,0,,1402.0,Deserto absoluto,False
5200506,520050,Aloândia - GO,GO,Goiás,285,142.5,0,0,0,0,0,0,0,0,0,0,0,0,0,0,0,0,0,0.0,0.0,0.0,0,,142.5,Deserto absoluto,False
5200555,520055,Alto Horizonte - GO,GO,Goiás,522,261.0,3,3,0,0,0,0,0,0,0,0,0,0,0,0,0,0,0,0.0,0.0,0.0,15207,1.0,261.0,Deserto funcional,True
5200605,520060,Alto Paraíso de Goiás - GO,GO,Goiás,833,416.5,0,0,0,0,0,0,0,0,0,0,0,0,0,0,0,0,0,0.0,0.0,0.0,0,,416.5,Deserto absoluto,False
5200803,520080,Alvorada do Norte - GO,GO,Goiás,839,419.5,1,1,327,398,406,523,553,674,8,5,14,18,9,4,1227,13,1240,620.0,1.4625,1.4779,5069,0.8777,-200.5,Adequado,False
5200829,520082,Amaralina - GO,GO,Goiás,452,226.0,0,0,0,0,0,0,0,0,0,0,0,0,0,0,0,0,0,0.0,0.0,0.0,0,,226.0,Deserto absoluto,False
5200852,520085,Americano do Brasil - GO,GO,Goiás,706,353.0,0,0,0,0,0,0,0,0,0,0,0,0,0,0,0,0,0,0.0,0.0,0.0,0,,353.0,Deserto absoluto,False
5200902,520090,Amorinópolis - GO,GO,Goiás,471,235.5,0,0,0,0,0,0,0,0,0,0,0,0,0,0,0,0,0,0.0,0.0,0.0,0,,235.5,Deserto absoluto,False
5201108,520110,Anápolis - GO,GO,Goiás,43239,21619.5,17,17,3038,6726,5850,7935,6936,7002,181,352,283,315,193,271,13938,464,14402,7201.0,0.3223,0.3331,86173,0.9164,14418.5,Intermediario,True
5201207,520120,Anhanguera - GO,GO,Goiás,132,66.0,0,0,0,0,0,0,0,0,0,0,0,0,0,0,0,0,0,0.0,0.0,0.0,0,,66.0,Deserto absoluto,False
5201306,520130,Anicuns - GO,GO,Goiás,2402,1201.0,0,0,0,0,0,0,0,0,0,0,0,0,0,0,0,0,0,0.0,0.0,0.0,0,,1201.0,Deserto absoluto,False
5201405,520140,Aparecida de Goiânia - GO,GO,Goiás,49224,24612.0,8,8,9003,13978,16775,20439,20084,19225,58,74,159,212,242,125,39309,367,39676,19838.0,0.7986,0.806,40552,0.5108,4774.0,Adequado,True
5201454,520145,Aparecida do Rio Doce - GO,GO,Goiás,307,153.5,0,0,0,0,0,0,0,0,0,0,0,0,0,0,0,0,0,0.0,0.0,0.0,0,,153.5,Deserto absoluto,False
5201504,520150,Aporé - GO,GO,Goiás,438,219.0,0,0,0,0,0,0,0,0,0,0,0,0,0,0,0,0,0,0.0,0.0,0.0,0,,219.0,Deserto absoluto,False
5201603,520160,Araçu - GO,GO,Goiás,536,268.0,0,0,0,0,0,0,0,0,0,0,0,0,0,0,0,0,0,0.0,0.0,0.0,0,,268.0,Deserto absoluto,False
5201702,520170,Aragarças - GO,GO,Goiás,2101,1050.5,0,0,0,0,0,0,0,0,0,0,0,0,0,0,0,0,0,0.0,0.0,0.0,0,,1050.5,Deserto absoluto,False
5201801,520180,Aragoiânia - GO,GO,Goiás,1355,677.5,0,0,0,0,0,0,0,0,0,0,0,0,0,0,0,0,0,0.0,0.0,0.0,0,,677.5,Deserto absoluto,False
5202155,520215,Araguapaz - GO,GO,Goiás,914,457.0,0,0,0,0,0,0,0,0,0,0,0,0,0,0,0,0,0,0.0,0.0,0.0,0,,457.0,Deserto absoluto,False
5202353,520235,Arenópolis - GO,GO,Goiás,449,224.5,0,0,0,0,0,0,0,0,0,0,0,0,0,0,0,0,0,0.0,0.0,0.0,0,,224.5,Deserto absoluto,False
5202502,520250,Aruanã - GO,GO,Goiás,846,423.0,0,0,0,0,0,0,0,0,0,0,0,0,0,0,0,0,0,0.0,0.0,0.0,0,,423.0,Deserto absoluto,False
5202601,520260,Aurilândia - GO,GO,Goiás,532,266.0,0,0,0,0,0,0,0,0,0,0,0,0,0,0,0,0,0,0.0,0.0,0.0,0,,266.0,Deserto absoluto,False
5202809,520280,Avelinópolis - GO,GO,Goiás,376,188.0,0,0,0,0,0,0,0,0,0,0,0,0,0,0,0,0,0,0.0,0.0,0.0,0,,188.0,Deserto absoluto,False
5203104,520310,Baliza - GO,GO,Goiás,454,227.0,0,0,0,0,0,0,0,0,0,0,0,0,0,0,0,0,0,0.0,0.0,0.0,0,,227.0,Deserto absoluto,False
5203203,520320,Barro Alto - GO,GO,Goiás,976,488.0,0,0,0,0,0,0,0,0,0,0,0,0,0,0,0,0,0,0.0,0.0,0.0,0,,488.0,Deserto absoluto,False
5203302,520330,Bela Vista de Goiás - GO,GO,Goiás,3791,1895.5,2,2,0,0,0,463,848,834,0,0,0,3,4,6,1682,10,1692,846.0,0.4437,0.4463,10138,0.9166,1049.5,Intermediario,True
5203401,520340,Bom Jardim de Goiás - GO,GO,Goiás,1053,526.5,0,0,0,0,0,0,0,0,0,0,0,0,0,0,0,0,0,0.0,0.0,0.0,0,,526.5,Deserto absoluto,False
5203500,520350,Bom Jesus de Goiás - GO,GO,Goiás,2337,1168.5,1,1,0,0,0,234,434,648,0,0,0,7,14,9,1082,23,1105,552.5,0.463,0.4728,5069,0.891,616.0,Intermediario,True
5203559,520355,Bonfinópolis - GO,GO,Goiás,1105,552.5,0,0,0,0,0,0,0,0,0,0,0,0,0,0,0,0,0,0.0,0.0,0.0,0,,552.5,Deserto absoluto,False
5203575,520357,Bonópolis - GO,GO,Goiás,343,171.5,0,0,0,0,0,0,0,0,0,0,0,0,0,0,0,0,0,0.0,0.0,0.0,0,,171.5,Deserto absoluto,False
5203609,520360,Brazabrantes - GO,GO,Goiás,490,245.0,0,0,0,0,0,0,0,0,0,0,0,0,0,0,0,0,0,0.0,0.0,0.0,0,,245.0,Deserto absoluto,False
5203807,520380,Britânia - GO,GO,Goiás,681,340.5,0,0,0,0,0,0,0,0,0,0,0,0,0,0,0,0,0,0.0,0.0,0.0,0,,340.5,Deserto absoluto,False
5203906,520390,Buriti Alegre - GO,GO,Goiás,1218,609.0,0,0,0,0,0,0,0,0,0,0,0,0,0,0,0,0,0,0.0,0.0,0.0,0,,609.0,Deserto absoluto,False
5203939,520393,Buriti de Goiás - GO,GO,Goiás,390,195.0,0,0,0,0,0,0,0,0,0,0,0,0,0,0,0,0,0,0.0,0.0,0.0,0,,195.0,Deserto absoluto,False
5203962,520396,Buritinópolis - GO,GO,Goiás,323,161.5,0,0,0,0,0,0,0,0,0,0,0,0,0,0,0,0,0,0.0,0.0,0.0,0,,161.5,Deserto absoluto,False
5204003,520400,Cabeceiras - GO,GO,Goiás,753,376.5,0,0,0,0,0,0,0,0,0,0,0,0,0,0,0,0,0,0.0,0.0,0.0,0,,376.5,Deserto absoluto,False
5204102,520410,Cachoeira Alta - GO,GO,Goiás,1253,626.5,0,0,0,0,0,0,0,0,0,0,0,0,0,0,0,0,0,0.0,0.0,0.0,0,,626.5,Deserto absoluto,False
5204201,520420,Cachoeira de Goiás - GO,GO,Goiás,188,94.0,0,0,0,0,0,0,0,0,0,0,0,0,0,0,0,0,0,0.0,0.0,0.0,0,,94.0,Deserto absoluto,False
5204250,520425,Cachoeira Dourada - GO,GO,Goiás,1044,522.0,0,0,0,0,0,0,0,0,0,0,0,0,0,0,0,0,0,0.0,0.0,0.0,0,,522.0,Deserto absoluto,False
5204300,520430,Caçu - GO,GO,Goiás,1622,811.0,0,0,0,0,0,0,0,0,0,0,0,0,0,0,0,0,0,0.0,0.0,0.0,0,,811.0,Deserto absoluto,False
5204409,520440,Caiapônia - GO,GO,Goiás,2106,1053.0,0,0,0,0,0,0,0,0,0,0,0,0,0,0,0,0,0,0.0,0.0,0.0,0,,1053.0,Deserto absoluto,False
5204508,520450,Caldas Novas - GO,GO,Goiás,9874,4937.0,4,4,0,0,0,388,413,0,0,0,0,10,28,0,413,28,441,220.5,0.0418,0.0447,20276,0.9891,4716.5,Deserto funcional,True
5204557,520455,Caldazinha - GO,GO,Goiás,528,264.0,0,0,0,0,0,0,0,0,0,0,0,0,0,0,0,0,0,0.0,0.0,0.0,0,,264.0,Deserto absoluto,False
5204607,520460,Campestre de Goiás - GO,GO,Goiás,425,212.5,0,0,0,0,0,0,0,0,0,0,0,0,0,0,0,0,0,0.0,0.0,0.0,0,,212.5,Deserto absoluto,False
5204656,520465,Campinaçu - GO,GO,Goiás,423,211.5,0,0,0,0,0,0,0,0,0,0,0,0,0,0,0,0,0,0.0,0.0,0.0,0,,211.5,Deserto absoluto,False
5204706,520470,Campinorte - GO,GO,Goiás,1278,639.0,0,0,0,0,0,0,0,0,0,0,0,0,0,0,0,0,0,0.0,0.0,0.0,0,,639.0,Deserto absoluto,False
5204805,520480,Campo Alegre de Goiás - GO,GO,Goiás,701,350.5,0,0,0,0,0,0,0,0,0,0,0,0,0,0,0,0,0,0.0,0.0,0.0,0,,350.5,Deserto absoluto,False
5204854,520485,Campo Limpo de Goiás - GO,GO,Goiás,736,368.0,0,0,0,0,0,0,0,0,0,0,0,0,0,0,0,0,0,0.0,0.0,0.0,0,,368.0,Deserto absoluto,False
5204904,520490,Campos Belos - GO,GO,Goiás,1698,849.0,1,1,0,0,0,0,0,0,0,0,0,0,0,0,0,0,0,0.0,0.0,0.0,5069,1.0,849.0,Deserto funcional,True
5204953,520495,Campos Verdes - GO,GO,Goiás,541,270.5,0,0,0,0,0,0,0,0,0,0,0,0,0,0,0,0,0,0.0,0.0,0.0,0,,270.5,Deserto absoluto,False
5205000,520500,Carmo do Rio Verde - GO,GO,Goiás,1165,582.5,0,0,0,0,0,0,0,0,0,0,0,0,0,0,0,0,0,0.0,0.0,0.0,0,,582.5,Deserto absoluto,False
5205059,520505,Castelândia - GO,GO,Goiás,382,191.0,0,0,0,0,0,0,0,0,0,0,0,0,0,0,0,0,0,0.0,0.0,0.0,0,,191.0,Deserto absoluto,False
5205109,520510,Catalão - GO,GO,Goiás,11500,5750.0,4,4,0,0,512,1236,0,2121,0,0,6,13,0,15,2121,15,2136,1068.0,0.1844,0.1857,20276,0.9473,4682.0,Deserto funcional,True
5205208,520520,Caturaí - GO,GO,Goiás,622,311.0,0,0,0,0,0,0,0,0,0,0,0,0,0,0,0,0,0,0.0,0.0,0.0,0,,311.0,Deserto absoluto,False
5205307,520530,Cavalcante - GO,GO,Goiás,838,419.0,0,0,0,0,0,0,0,0,0,0,0,0,0,0,0,0,0,0.0,0.0,0.0,0,,419.0,Deserto absoluto,False
5205406,520540,Ceres - GO,GO,Goiás,2850,1425.0,11,11,685,1466,2801,2784,2613,2801,61,54,103,74,104,102,5414,206,5620,2810.0,1.8996,1.9719,55759,0.9496,-1385.0,Adequado,False
5205455,520545,Cezarina - GO,GO,Goiás,1007,503.5,0,0,0,0,0,0,0,0,0,0,0,0,0,0,0,0,0,0.0,0.0,0.0,0,,503.5,Deserto absoluto,False
5205471,520547,Chapadão do Céu - GO,GO,Goiás,760,380.0,0,0,0,0,0,0,0,0,0,0,0,0,0,0,0,0,0,0.0,0.0,0.0,0,,380.0,Deserto absoluto,False
5205497,520549,Cidade Ocidental - GO,GO,Goiás,7250,3625.0,3,3,257,389,124,749,392,480,0,2,1,6,0,1,872,1,873,436.5,0.1203,0.1204,15207,0.9713,3188.5,Deserto funcional,True
5205513,520551,Cocalzinho de Goiás - GO,GO,Goiás,2406,1203.0,0,0,0,0,0,0,0,0,0,0,0,0,0,0,0,0,0,0.0,0.0,0.0,0,,1203.0,Deserto absoluto,False
5205521,520552,Colinas do Sul - GO,GO,Goiás,401,200.5,0,0,0,0,0,0,0,0,0,0,0,0,0,0,0,0,0,0.0,0.0,0.0,0,,200.5,Deserto absoluto,False
5205703,520570,Córrego do Ouro - GO,GO,Goiás,375,187.5,0,0,0,0,0,0,0,0,0,0,0,0,0,0,0,0,0,0.0,0.0,0.0,0,,187.5,Deserto absoluto,False
5205802,520580,Corumbá de Goiás - GO,GO,Goiás,1200,600.0,0,0,0,0,0,0,0,0,0,0,0,0,0,0,0,0,0,0.0,0.0,0.0,0,,600.0,Deserto absoluto,False
5205901,520590,Corumbaíba - GO,GO,Goiás,1051,525.5,0,0,0,0,0,0,0,0,0,0,0,0,0,0,0,0,0,0.0,0.0,0.0,0,,525.5,Deserto absoluto,False
5206206,520620,Cristalina - GO,GO,Goiás,4938,2469.0,3,3,129,228,29,0,0,0,4,4,0,0,0,0,0,0,0,0.0,0.0,0.0,15207,1.0,2469.0,Deserto funcional,True
5206305,520630,Cristianópolis - GO,GO,Goiás,427,213.5,0,0,0,0,0,0,0,0,0,0,0,0,0,0,0,0,0,0.0,0.0,0.0,0,,213.5,Deserto absoluto,False
5206404,520640,Crixás - GO,GO,Goiás,1778,889.0,0,0,0,0,0,0,0,0,0,0,0,0,0,0,0,0,0,0.0,0.0,0.0,0,,889.0,Deserto absoluto,False
5206503,520650,Cromínia - GO,GO,Goiás,514,257.0,0,0,0,0,0,0,0,0,0,0,0,0,0,0,0,0,0,0.0,0.0,0.0,0,,257.0,Deserto absoluto,False
5206602,520660,Cumari - GO,GO,Goiás,359,179.5,0,0,0,0,0,0,0,0,0,0,0,0,0,0,0,0,0,0.0,0.0,0.0,0,,179.5,Deserto absoluto,False
5206701,520670,Damianópolis - GO,GO,Goiás,379,189.5,0,0,0,0,0,0,0,0,0,0,0,0,0,0,0,0,0,0.0,0.0,0.0,0,,189.5,Deserto absoluto,False
5206800,520680,Damolândia - GO,GO,Goiás,420,210.0,0,0,0,0,0,0,0,0,0,0,0,0,0,0,0,0,0,0.0,0.0,0.0,0,,210.0,Deserto absoluto,False
5206909,520690,Davinópolis - GO,GO,Goiás,245,122.5,0,0,0,0,0,0,0,0,0,0,0,0,0,0,0,0,0,0.0,0.0,0.0,0,,122.5,Deserto absoluto,False
5207105,520710,Diorama - GO,GO,Goiás,292,146.0,0,0,0,0,0,0,0,0,0,0,0,0,0,0,0,0,0,0.0,0.0,0.0,0,,146.0,Deserto absoluto,False
5207253,520725,Doverlândia - GO,GO,Goiás,815,407.5,0,0,0,0,0,0,0,0,0,0,0,0,0,0,0,0,0,0.0,0.0,0.0,0,,407.5,Deserto absoluto,False
5207352,520735,Edealina - GO,GO,Goiás,507,253.5,0,0,0,0,0,0,0,0,0,0,0,0,0,0,0,0,0,0.0,0.0,0.0,0,,253.5,Deserto absoluto,False
5207402,520740,Edéia - GO,GO,Goiás,1292,646.0,1,1,0,0,0,0,0,0,0,0,0,0,0,0,0,0,0,0.0,0.0,0.0,5069,1.0,646.0,Deserto funcional,True
5207501,520750,Estrela do Norte - GO,GO,Goiás,404,202.0,0,0,0,0,0,0,0,0,0,0,0,0,0,0,0,0,0,0.0,0.0,0.0,0,,202.0,Deserto absoluto,False
5207535,520753,Faina - GO,GO,Goiás,928,464.0,0,0,0,0,0,0,0,0,0,0,0,0,0,0,0,0,0,0.0,0.0,0.0,0,,464.0,Deserto absoluto,False
5207600,520760,Fazenda Nova - GO,GO,Goiás,871,435.5,0,0,0,0,0,0,0,0,0,0,0,0,0,0,0,0,0,0.0,0.0,0.0,0,,435.5,Deserto absoluto,False
5207808,520780,Firminópolis - GO,GO,Goiás,1436,718.0,0,0,0,0,0,0,0,0,0,0,0,0,0,0,0,0,0,0.0,0.0,0.0,0,,718.0,Deserto absoluto,False
5207907,520790,Flores de Goiás - GO,GO,Goiás,1287,643.5,0,0,0,0,0,0,0,0,0,0,0,0,0,0,0,0,0,0.0,0.0,0.0,0,,643.5,Deserto absoluto,False
5208004,520800,Formosa - GO,GO,Goiás,10523,5261.5,7,7,0,0,1286,909,409,631,0,0,5,2,6,5,1040,11,1051,525.5,0.0988,0.0999,35483,0.9852,4736.0,Deserto funcional,True
5208103,520810,Formoso - GO,GO,Goiás,619,309.5,0,0,0,0,0,0,0,0,0,0,0,0,0,0,0,0,0,0.0,0.0,0.0,0,,309.5,Deserto absoluto,False
5208152,520815,Gameleira de Goiás - GO,GO,Goiás,420,210.0,0,0,0,0,0,0,0,0,0,0,0,0,0,0,0,0,0,0.0,0.0,0.0,0,,210.0,Deserto absoluto,False
5208301,520830,Divinópolis de Goiás - GO,GO,Goiás,477,238.5,0,0,0,0,0,0,0,0,0,0,0,0,0,0,0,0,0,0.0,0.0,0.0,0,,238.5,Deserto absoluto,False
5208400,520840,Goianápolis - GO,GO,Goiás,1401,700.5,0,0,0,0,0,0,0,0,0,0,0,0,0,0,0,0,0,0.0,0.0,0.0,0,,700.5,Deserto absoluto,False
5208509,520850,Goiandira - GO,GO,Goiás,646,323.0,0,0,0,0,0,0,0,0,0,0,0,0,0,0,0,0,0,0.0,0.0,0.0,0,,323.0,Deserto absoluto,False
5208608,520860,Goianésia - GO,GO,Goiás,7608,3804.0,6,6,0,2032,1524,1577,1127,1456,0,7,8,8,8,47,2583,55,2638,1319.0,0.3395,0.3467,30414,0.9566,2485.0,Intermediario,True
5208707,520870,Goiânia - GO,GO,Goiás,162850,81425.0,82,78,16922,23402,29173,31606,29824,26104,1769,1979,2022,2455,2522,2268,55928,4790,60718,30359.0,0.3434,0.3728,395382,0.9232,51066.0,Intermediario,True
5208806,520880,Goianira - GO,GO,Goiás,5635,2817.5,1,1,0,0,1524,2028,2092,1901,0,0,20,17,12,22,3993,34,4027,2013.5,0.7086,0.7146,5069,0.6028,804.0,Adequado,True
5208905,520890,Goiás - GO,GO,Goiás,3338,1669.0,2,2,150,516,2098,2264,1249,1775,12,18,24,5,43,32,3024,75,3099,1549.5,0.9059,0.9284,10138,0.8472,119.5,Adequado,True
5209101,520910,Goiatuba - GO,GO,Goiás,4197,2098.5,5,5,188,141,1074,804,936,1062,8,2,4,3,5,9,1998,14,2012,1006.0,0.4761,0.4794,25345,0.9603,1092.5,Intermediario,True
5209150,520915,Gouvelândia - GO,GO,Goiás,505,252.5,0,0,0,0,0,0,0,0,0,0,0,0,0,0,0,0,0,0.0,0.0,0.0,0,,252.5,Deserto absoluto,False
5209200,520920,Guapó - GO,GO,Goiás,1965,982.5,0,0,0,0,0,0,0,0,0,0,0,0,0,0,0,0,0,0.0,0.0,0.0,0,,982.5,Deserto absoluto,False
5209291,520929,Guaraíta - GO,GO,Goiás,359,179.5,0,0,0,0,0,0,0,0,0,0,0,0,0,0,0,0,0,0.0,0.0,0.0,0,,179.5,Deserto absoluto,False
5209408,520940,Guarani de Goiás - GO,GO,Goiás,453,226.5,0,0,0,0,0,0,0,0,0,0,0,0,0,0,0,0,0,0.0,0.0,0.0,0,,226.5,Deserto absoluto,False
5209457,520945,Guarinos - GO,GO,Goiás,302,151.0,0,0,0,0,0,0,0,0,0,0,0,0,0,0,0,0,0,0.0,0.0,0.0,0,,151.0,Deserto absoluto,False
5209606,520960,Heitoraí - GO,GO,Goiás,473,236.5,0,0,0,0,0,0,0,0,0,0,0,0,0,0,0,0,0,0.0,0.0,0.0,0,,236.5,Deserto absoluto,False
5209705,520970,Hidrolândia - GO,GO,Goiás,2720,1360.0,0,0,0,0,0,0,0,0,0,0,0,0,0,0,0,0,0,0.0,0.0,0.0,0,,1360.0,Deserto absoluto,False
5209804,520980,Hidrolina - GO,GO,Goiás,467,233.5,0,0,0,0,0,0,0,0,0,0,0,0,0,0,0,0,0,0.0,0.0,0.0,0,,233.5,Deserto absoluto,False
5209903,520990,Iaciara - GO,GO,Goiás,978,489.0,0,0,0,0,0,0,0,0,0,0,0,0,0,0,0,0,0,0.0,0.0,0.0,0,,489.0,Deserto absoluto,False
5209937,520993,Inaciolândia - GO,GO,Goiás,653,326.5,0,0,0,0,0,0,0,0,0,0,0,0,0,0,0,0,0,0.0,0.0,0.0,0,,326.5,Deserto absoluto,False
5209952,520995,Indiara - GO,GO,Goiás,1774,887.0,0,0,0,0,0,0,0,0,0,0,0,0,0,0,0,0,0,0.0,0.0,0.0,0,,887.0,Deserto absoluto,False
5210000,521000,Inhumas - GO,GO,Goiás,6465,3232.5,4,4,482,116,832,614,667,0,31,11,11,13,20,0,667,20,687,343.5,0.1032,0.1063,20276,0.9831,2889.0,Deserto funcional,True
5210109,521010,Ipameri - GO,GO,Goiás,3055,1527.5,1,1,0,0,0,0,0,0,0,0,0,0,0,0,0,0,0,0.0,0.0,0.0,5069,1.0,1527.5,Deserto funcional,True
5210158,521015,Ipiranga de Goiás - GO,GO,Goiás,436,218.0,0,0,0,0,0,0,0,0,0,0,0,0,0,0,0,0,0,0.0,0.0,0.0,0,,218.0,Deserto absoluto,False
5210208,521020,Iporá - GO,GO,Goiás,4650,2325.0,3,3,0,180,486,444,485,439,0,4,10,4,17,12,924,29,953,476.5,0.1987,0.2049,15207,0.9687,1848.5,Deserto funcional,True
5210307,521030,Israelândia - GO,GO,Goiás,373,186.5,0,0,0,0,0,0,0,0,0,0,0,0,0,0,0,0,0,0.0,0.0,0.0,0,,186.5,Deserto absoluto,False
5210406,521040,Itaberaí - GO,GO,Goiás,4533,2266.5,4,3,0,0,0,0,1110,1359,0,0,0,0,20,16,2469,36,2505,1252.5,0.5447,0.5526,15207,0.9176,1014.0,Intermediario,True
5210562,521056,Itaguari - GO,GO,Goiás,575,287.5,0,0,0,0,0,0,0,0,0,0,0,0,0,0,0,0,0,0.0,0.0,0.0,0,,287.5,Deserto absoluto,False
5210604,521060,Itaguaru - GO,GO,Goiás,750,375.0,0,0,0,0,0,0,0,0,0,0,0,0,0,0,0,0,0,0.0,0.0,0.0,0,,375.0,Deserto absoluto,False
5210802,521080,Itajá - GO,GO,Goiás,544,272.0,0,0,0,0,0,0,0,0,0,0,0,0,0,0,0,0,0,0.0,0.0,0.0,0,,272.0,Deserto absoluto,False
5210901,521090,Itapaci - GO,GO,Goiás,2225,1112.5,0,0,0,0,0,0,0,0,0,0,0,0,0,0,0,0,0,0.0,0.0,0.0,0,,1112.5,Deserto absoluto,False
5211008,521100,Itapirapuã - GO,GO,Goiás,1084,542.0,0,0,0,0,0,0,0,0,0,0,0,0,0,0,0,0,0,0.0,0.0,0.0,0,,542.0,Deserto absoluto,False
5211206,521120,Itapuranga - GO,GO,Goiás,3573,1786.5,0,0,0,0,0,0,0,0,0,0,0,0,0,0,0,0,0,0.0,0.0,0.0,0,,1786.5,Deserto absoluto,False
5211305,521130,Itarumã - GO,GO,Goiás,689,344.5,0,0,0,0,0,0,0,0,0,0,0,0,0,0,0,0,0,0.0,0.0,0.0,0,,344.5,Deserto absoluto,False
5211404,521140,Itauçu - GO,GO,Goiás,1092,546.0,0,0,0,0,0,0,0,0,0,0,0,0,0,0,0,0,0,0.0,0.0,0.0,0,,546.0,Deserto absoluto,False
5211503,521150,Itumbiara - GO,GO,Goiás,12538,6269.0,4,3,739,914,1247,1486,2119,1883,5,15,25,24,79,52,4002,131,4133,2066.5,0.3192,0.3296,15207,0.8641,4202.5,Intermediario,True
5211602,521160,Ivolândia - GO,GO,Goiás,400,200.0,0,0,0,0,0,0,0,0,0,0,0,0,0,0,0,0,0,0.0,0.0,0.0,0,,200.0,Deserto absoluto,False
5211701,521170,Jandaia - GO,GO,Goiás,845,422.5,0,0,0,0,0,0,0,0,0,0,0,0,0,0,0,0,0,0.0,0.0,0.0,0,,422.5,Deserto absoluto,False
5211800,521180,Jaraguá - GO,GO,Goiás,4918,2459.0,3,3,0,0,0,0,0,0,0,0,0,0,0,0,0,0,0,0.0,0.0,0.0,15207,1.0,2459.0,Deserto funcional,True
5211909,521190,Jataí - GO,GO,Goiás,10245,5122.5,4,3,384,1554,2145,2038,2172,2460,16,91,178,392,412,293,4632,705,5337,2668.5,0.4521,0.5209,15207,0.8245,2454.0,Intermediario,True
5212006,521200,Jaupaci - GO,GO,Goiás,417,208.5,0,0,0,0,0,0,0,0,0,0,0,0,0,0,0,0,0,0.0,0.0,0.0,0,,208.5,Deserto absoluto,False
5212055,521205,Jesúpolis - GO,GO,Goiás,274,137.0,0,0,0,0,0,0,0,0,0,0,0,0,0,0,0,0,0,0.0,0.0,0.0,0,,137.0,Deserto absoluto,False
5212105,521210,Joviânia - GO,GO,Goiás,841,420.5,0,0,0,0,0,0,0,0,0,0,0,0,0,0,0,0,0,0.0,0.0,0.0,0,,420.5,Deserto absoluto,False
5212204,521220,Jussara - GO,GO,Goiás,2446,1223.0,1,1,0,0,0,0,0,0,0,0,0,0,0,0,0,0,0,0.0,0.0,0.0,5069,1.0,1223.0,Deserto funcional,True
5212253,521225,Lagoa Santa - GO,GO,Goiás,157,78.5,0,0,0,0,0,0,0,0,0,0,0,0,0,0,0,0,0,0.0,0.0,0.0,0,,78.5,Deserto absoluto,False
5212303,521230,Leopoldo de Bulhões - GO,GO,Goiás,1025,512.5,0,0,0,0,0,0,0,0,0,0,0,0,0,0,0,0,0,0.0,0.0,0.0,0,,512.5,Deserto absoluto,False
5212501,521250,Luziânia - GO,GO,Goiás,18135,9067.5,9,9,0,0,0,0,0,0,0,0,0,0,0,0,0,0,0,0.0,0.0,0.0,45621,1.0,9067.5,Deserto funcional,True
5212600,521260,Mairipotaba - GO,GO,Goiás,392,196.0,0,0,0,0,0,0,0,0,0,0,0,0,0,0,0,0,0,0.0,0.0,0.0,0,,196.0,Deserto absoluto,False
5212709,521270,Mambaí - GO,GO,Goiás,631,315.5,0,0,0,0,0,0,0,0,0,0,0,0,0,0,0,0,0,0.0,0.0,0.0,0,,315.5,Deserto absoluto,False
5212808,521280,Mara Rosa - GO,GO,Goiás,1275,637.5,0,0,0,0,0,0,0,0,0,0,0,0,0,0,0,0,0,0.0,0.0,0.0,0,,637.5,Deserto absoluto,False
5212907,521290,Marzagão - GO,GO,Goiás,261,130.5,0,0,0,0,0,0,0,0,0,0,0,0,0,0,0,0,0,0.0,0.0,0.0,0,,130.5,Deserto absoluto,False
5212956,521295,Matrinchã - GO,GO,Goiás,496,248.0,0,0,0,0,0,0,0,0,0,0,0,0,0,0,0,0,0,0.0,0.0,0.0,0,,248.0,Deserto absoluto,False
5213004,521300,Maurilândia - GO,GO,Goiás,962,481.0,0,0,0,0,0,0,0,0,0,0,0,0,0,0,0,0,0,0.0,0.0,0.0,0,,481.0,Deserto absoluto,False
5213053,521305,Mimoso de Goiás - GO,GO,Goiás,293,146.5,0,0,0,0,0,0,0,0,0,0,0,0,0,0,0,0,0,0.0,0.0,0.0,0,,146.5,Deserto absoluto,False
5213087,521308,Minaçu - GO,GO,Goiás,3213,1606.5,1,1,0,0,0,0,0,0,0,0,0,0,0,0,0,0,0,0.0,0.0,0.0,5069,1.0,1606.5,Deserto funcional,True
5213103,521310,Mineiros - GO,GO,Goiás,5893,2946.5,3,3,233,743,818,1080,1911,2019,46,182,125,128,82,55,3930,137,4067,2033.5,0.6669,0.6901,15207,0.8663,913.0,Intermediario,True
5213400,521340,Moiporá - GO,GO,Goiás,263,131.5,0,0,0,0,0,0,0,0,0,0,0,0,0,0,0,0,0,0.0,0.0,0.0,0,,131.5,Deserto absoluto,False
5213509,521350,Monte Alegre de Goiás - GO,GO,Goiás,658,329.0,0,0,0,0,0,0,0,0,0,0,0,0,0,0,0,0,0,0.0,0.0,0.0,0,,329.0,Deserto absoluto,False
5213707,521370,Montes Claros de Goiás - GO,GO,Goiás,1022,511.0,0,0,0,0,0,0,0,0,0,0,0,0,0,0,0,0,0,0.0,0.0,0.0,0,,511.0,Deserto absoluto,False
5213756,521375,Montividiu - GO,GO,Goiás,1101,550.5,0,0,0,0,0,0,0,0,0,0,0,0,0,0,0,0,0,0.0,0.0,0.0,0,,550.5,Deserto absoluto,False
5213772,521377,Montividiu do Norte - GO,GO,Goiás,428,214.0,0,0,0,0,0,0,0,0,0,0,0,0,0,0,0,0,0,0.0,0.0,0.0,0,,214.0,Deserto absoluto,False
5213806,521380,Morrinhos - GO,GO,Goiás,5695,2847.5,2,2,531,914,1306,1252,1421,1243,36,22,30,27,37,22,2664,59,2723,1361.5,0.4678,0.4781,10138,0.8657,1486.0,Intermediario,True
5213855,521385,Morro Agudo de Goiás - GO,GO,Goiás,335,167.5,0,0,0,0,0,0,0,0,0,0,0,0,0,0,0,0,0,0.0,0.0,0.0,0,,167.5,Deserto absoluto,False
5213905,521390,Mossâmedes - GO,GO,Goiás,628,314.0,0,0,0,0,0,0,0,0,0,0,0,0,0,0,0,0,0,0.0,0.0,0.0,0,,314.0,Deserto absoluto,False
5214002,521400,Mozarlândia - GO,GO,Goiás,1382,691.0,1,1,0,0,0,0,0,0,0,0,0,0,0,0,0,0,0,0.0,0.0,0.0,5069,1.0,691.0,Deserto funcional,True
5214051,521405,Mundo Novo - GO,GO,Goiás,712,356.0,0,0,0,0,0,0,0,0,0,0,0,0,0,0,0,0,0,0.0,0.0,0.0,0,,356.0,Deserto absoluto,False
5214101,521410,Mutunópolis - GO,GO,Goiás,449,224.5,0,0,0,0,0,0,0,0,0,0,0,0,0,0,0,0,0,0.0,0.0,0.0,0,,224.5,Deserto absoluto,False
5214408,521440,Nazário - GO,GO,Goiás,948,474.0,0,0,0,0,0,0,0,0,0,0,0,0,0,0,0,0,0,0.0,0.0,0.0,0,,474.0,Deserto absoluto,False
5214507,521450,Nerópolis - GO,GO,Goiás,3144,1572.0,1,1,0,0,0,0,0,0,0,0,0,0,0,0,0,0,0,0.0,0.0,0.0,5069,1.0,1572.0,Deserto funcional,True
5214606,521460,Niquelândia - GO,GO,Goiás,4237,2118.5,3,3,0,160,359,211,120,0,0,6,3,2,0,0,120,0,120,60.0,0.0283,0.0283,15207,0.9961,2058.5,Deserto funcional,True
5214705,521470,Nova América - GO,GO,Goiás,306,153.0,0,0,0,0,0,0,0,0,0,0,0,0,0,0,0,0,0,0.0,0.0,0.0,0,,153.0,Deserto absoluto,False
5214804,521480,Nova Aurora - GO,GO,Goiás,270,135.0,0,0,0,0,0,0,0,0,0,0,0,0,0,0,0,0,0,0.0,0.0,0.0,0,,135.0,Deserto absoluto,False
5214838,521483,Nova Crixás - GO,GO,Goiás,1221,610.5,0,0,0,0,0,0,0,0,0,0,0,0,0,0,0,0,0,0.0,0.0,0.0,0,,610.5,Deserto absoluto,False
5214861,521486,Nova Glória - GO,GO,Goiás,1143,571.5,0,0,0,0,0,0,0,0,0,0,0,0,0,0,0,0,0,0.0,0.0,0.0,0,,571.5,Deserto absoluto,False
5214879,521487,Nova Iguaçu de Goiás - GO,GO,Goiás,332,166.0,0,0,0,0,0,0,0,0,0,0,0,0,0,0,0,0,0,0.0,0.0,0.0,0,,166.0,Deserto absoluto,False
5214903,521490,Nova Roma - GO,GO,Goiás,348,174.0,0,0,0,0,0,0,0,0,0,0,0,0,0,0,0,0,0,0.0,0.0,0.0,0,,174.0,Deserto absoluto,False
5215009,521500,Nova Veneza - GO,GO,Goiás,1150,575.0,1,1,0,0,0,0,0,0,0,0,0,0,0,0,0,0,0,0.0,0.0,0.0,5069,1.0,575.0,Deserto funcional,True
5215207,521520,Novo Brasil - GO,GO,Goiás,479,239.5,0,0,0,0,0,0,0,0,0,0,0,0,0,0,0,0,0,0.0,0.0,0.0,0,,239.5,Deserto absoluto,False
5215231,521523,Novo Gama - GO,GO,Goiás,8831,4415.5,2,2,0,0,0,0,0,0,0,0,0,0,0,0,0,0,0,0.0,0.0,0.0,10138,1.0,4415.5,Deserto funcional,True
5215256,521525,Novo Planalto - GO,GO,Goiás,436,218.0,0,0,0,0,0,0,0,0,0,0,0,0,0,0,0,0,0,0.0,0.0,0.0,0,,218.0,Deserto absoluto,False
5215306,521530,Orizona - GO,GO,Goiás,1945,972.5,1,1,0,0,0,0,0,0,0,0,0,0,0,0,0,0,0,0.0,0.0,0.0,5069,1.0,972.5,Deserto funcional,True
5215405,521540,Ouro Verde de Goiás - GO,GO,Goiás,559,279.5,0,0,0,0,0,0,0,0,0,0,0,0,0,0,0,0,0,0.0,0.0,0.0,0,,279.5,Deserto absoluto,False
5215504,521550,Ouvidor - GO,GO,Goiás,808,404.0,0,0,0,0,0,0,0,0,0,0,0,0,0,0,0,0,0,0.0,0.0,0.0,0,,404.0,Deserto absoluto,False
5215603,521560,Padre Bernardo - GO,GO,Goiás,3330,1665.0,2,2,0,0,0,0,0,0,0,0,0,0,0,0,0,0,0,0.0,0.0,0.0,10138,1.0,1665.0,Deserto funcional,True
5215652,521565,Palestina de Goiás - GO,GO,Goiás,403,201.5,1,1,31,0,0,0,0,0,0,0,0,0,0,0,0,0,0,0.0,0.0,0.0,5069,1.0,201.5,Deserto funcional,True
5215702,521570,Palmeiras de Goiás - GO,GO,Goiás,3104,1552.0,3,3,0,0,0,0,0,0,0,0,0,0,0,0,0,0,0,0.0,0.0,0.0,15207,1.0,1552.0,Deserto funcional,True
5215801,521580,Palmelo - GO,GO,Goiás,343,171.5,0,0,0,0,0,0,0,0,0,0,0,0,0,0,0,0,0,0.0,0.0,0.0,0,,171.5,Deserto absoluto,False
5215900,521590,Palminópolis - GO,GO,Goiás,492,246.0,0,0,0,0,0,0,0,0,0,0,0,0,0,0,0,0,0,0.0,0.0,0.0,0,,246.0,Deserto absoluto,False
5216007,521600,Panamá - GO,GO,Goiás,342,171.0,0,0,0,0,0,0,0,0,0,0,0,0,0,0,0,0,0,0.0,0.0,0.0,0,,171.0,Deserto absoluto,False
5216304,521630,Paranaiguara - GO,GO,Goiás,1057,528.5,0,0,0,0,0,0,0,0,0,0,0,0,0,0,0,0,0,0.0,0.0,0.0,0,,528.5,Deserto absoluto,False
5216403,521640,Paraúna - GO,GO,Goiás,1153,576.5,1,1,0,110,89,0,0,0,0,10,6,0,0,0,0,0,0,0.0,0.0,0.0,5069,1.0,576.5,Deserto funcional,True
5216452,521645,Perolândia - GO,GO,Goiás,293,146.5,0,0,0,0,0,0,0,0,0,0,0,0,0,0,0,0,0,0.0,0.0,0.0,0,,146.5,Deserto absoluto,False
5216809,521680,Petrolina de Goiás - GO,GO,Goiás,1311,655.5,0,0,0,0,0,0,0,0,0,0,0,0,0,0,0,0,0,0.0,0.0,0.0,0,,655.5,Deserto absoluto,False
5216908,521690,Pilar de Goiás - GO,GO,Goiás,323,161.5,0,0,0,0,0,0,0,0,0,0,0,0,0,0,0,0,0,0.0,0.0,0.0,0,,161.5,Deserto absoluto,False
5217104,521710,Piracanjuba - GO,GO,Goiás,3206,1603.0,1,1,0,0,0,0,0,0,0,0,0,0,0,0,0,0,0,0.0,0.0,0.0,5069,1.0,1603.0,Deserto funcional,True
5217203,521720,Piranhas - GO,GO,Goiás,1506,753.0,0,0,0,0,0,0,0,0,0,0,0,0,0,0,0,0,0,0.0,0.0,0.0,0,,753.0,Deserto absoluto,False
5217302,521730,Pirenópolis - GO,GO,Goiás,3110,1555.0,0,0,0,0,0,0,0,0,0,0,0,0,0,0,0,0,0,0.0,0.0,0.0,0,,1555.0,Deserto absoluto,False
5217401,521740,Pires do Rio - GO,GO,Goiás,3690,1845.0,1,1,0,0,0,0,0,0,0,0,0,0,0,0,0,0,0,0.0,0.0,0.0,5069,1.0,1845.0,Deserto funcional,True
5217609,521760,Planaltina - GO,GO,Goiás,8662,4331.0,2,2,0,0,0,0,0,378,0,0,0,0,0,1,378,1,379,189.5,0.0436,0.0438,10138,0.9813,4141.5,Deserto funcional,True
5217708,521770,Pontalina - GO,GO,Goiás,2319,1159.5,1,1,0,0,0,0,0,0,0,0,0,0,0,0,0,0,0,0.0,0.0,0.0,5069,1.0,1159.5,Deserto funcional,True
5218003,521800,Porangatu - GO,GO,Goiás,4890,2445.0,5,5,26,0,0,5,0,0,1,0,0,0,0,0,0,0,0,0.0,0.0,0.0,25345,1.0,2445.0,Deserto funcional,True
5218052,521805,Porteirão - GO,GO,Goiás,328,164.0,0,0,0,0,0,0,0,0,0,0,0,0,0,0,0,0,0,0.0,0.0,0.0,0,,164.0,Deserto absoluto,False
5218102,521810,Portelândia - GO,GO,Goiás,411,205.5,0,0,0,0,0,0,0,0,0,0,0,0,0,0,0,0,0,0.0,0.0,0.0,0,,205.5,Deserto absoluto,False
5218300,521830,Posse - GO,GO,Goiás,2985,1492.5,3,3,0,1638,166,0,183,2,0,11,0,0,7,0,185,7,192,96.0,0.062,0.0643,15207,0.9937,1396.5,Deserto funcional,True
5218391,521839,Professor Jamil - GO,GO,Goiás,471,235.5,0,0,0,0,0,0,0,0,0,0,0,0,0,0,0,0,0,0.0,0.0,0.0,0,,235.5,Deserto absoluto,False
5218508,521850,Quirinópolis - GO,GO,Goiás,5414,2707.0,2,2,0,1411,715,0,189,818,0,6,11,0,2,8,1007,10,1017,508.5,0.186,0.1878,10138,0.9498,2198.5,Deserto funcional,True
5218607,521860,Rialma - GO,GO,Goiás,1448,724.0,3,3,0,0,0,0,0,0,0,0,0,0,0,0,0,0,0,0.0,0.0,0.0,15207,1.0,724.0,Deserto funcional,True
5218706,521870,Rianápolis - GO,GO,Goiás,544,272.0,0,0,0,0,0,0,0,0,0,0,0,0,0,0,0,0,0,0.0,0.0,0.0,0,,272.0,Deserto absoluto,False
5218789,521878,Rio Quente - GO,GO,Goiás,407,203.5,0,0,0,0,0,0,0,0,0,0,0,0,0,0,0,0,0,0.0,0.0,0.0,0,,203.5,Deserto absoluto,False
5218805,521880,Rio Verde - GO,GO,Goiás,19014,9507.0,8,8,3768,6841,7995,7949,7583,6715,736,145,172,166,158,342,14298,500,14798,7399.0,0.752,0.7783,40552,0.8175,2108.0,Adequado,True
5218904,521890,Rubiataba - GO,GO,Goiás,2480,1240.0,0,0,0,0,0,0,0,0,0,0,0,0,0,0,0,0,0,0.0,0.0,0.0,0,,1240.0,Deserto absoluto,False
5219001,521900,Sanclerlândia - GO,GO,Goiás,1047,523.5,0,0,0,0,0,0,0,0,0,0,0,0,0,0,0,0,0,0.0,0.0,0.0,0,,523.5,Deserto absoluto,False
5219100,521910,Santa Bárbara de Goiás - GO,GO,Goiás,738,369.0,0,0,0,0,0,0,0,0,0,0,0,0,0,0,0,0,0,0.0,0.0,0.0,0,,369.0,Deserto absoluto,False
5219209,521920,Santa Cruz de Goiás - GO,GO,Goiás,415,207.5,0,0,0,0,0,0,0,0,0,0,0,0,0,0,0,0,0,0.0,0.0,0.0,0,,207.5,Deserto absoluto,False
5219258,521925,Santa Fé de Goiás - GO,GO,Goiás,503,251.5,0,0,0,0,0,0,0,0,0,0,0,0,0,0,0,0,0,0.0,0.0,0.0,0,,251.5,Deserto absoluto,False
5219308,521930,Santa Helena de Goiás - GO,GO,Goiás,4613,2306.5,2,2,631,636,1149,1071,1242,0,36,20,7,7,4,0,1242,4,1246,623.0,0.2692,0.2701,10138,0.9385,1683.5,Deserto funcional,True
5219357,521935,Santa Isabel - GO,GO,Goiás,514,257.0,0,0,0,0,0,0,0,0,0,0,0,0,0,0,0,0,0,0.0,0.0,0.0,0,,257.0,Deserto absoluto,False
5219407,521940,Santa Rita do Araguaia - GO,GO,Goiás,640,320.0,0,0,0,0,0,0,0,0,0,0,0,0,0,0,0,0,0,0.0,0.0,0.0,0,,320.0,Deserto absoluto,False
5219456,521945,Santa Rita do Novo Destino - GO,GO,Goiás,394,197.0,0,0,0,0,0,0,0,0,0,0,0,0,0,0,0,0,0,0.0,0.0,0.0,0,,197.0,Deserto absoluto,False
5219506,521950,Santa Rosa de Goiás - GO,GO,Goiás,419,209.5,0,0,0,0,0,0,0,0,0,0,0,0,0,0,0,0,0,0.0,0.0,0.0,0,,209.5,Deserto absoluto,False
5219605,521960,Santa Tereza de Goiás - GO,GO,Goiás,427,213.5,0,0,0,0,0,0,0,0,0,0,0,0,0,0,0,0,0,0.0,0.0,0.0,0,,213.5,Deserto absoluto,False
5219704,521970,Santa Terezinha de Goiás - GO,GO,Goiás,1361,680.5,0,0,0,0,0,0,0,0,0,0,0,0,0,0,0,0,0,0.0,0.0,0.0,0,,680.5,Deserto absoluto,False
5219712,521971,Santo Antônio da Barra - GO,GO,Goiás,462,231.0,0,0,0,0,0,0,0,0,0,0,0,0,0,0,0,0,0,0.0,0.0,0.0,0,,231.0,Deserto absoluto,False
5219738,521973,Santo Antônio de Goiás - GO,GO,Goiás,758,379.0,0,0,0,0,0,0,0,0,0,0,0,0,0,0,0,0,0,0.0,0.0,0.0,0,,379.0,Deserto absoluto,False
5219753,521975,Santo Antônio do Descoberto - GO,GO,Goiás,5832,2916.0,0,0,0,0,0,0,0,0,0,0,0,0,0,0,0,0,0,0.0,0.0,0.0,0,,2916.0,Deserto absoluto,False
5219803,521980,São Domingos - GO,GO,Goiás,988,494.0,0,0,0,0,0,0,0,0,0,0,0,0,0,0,0,0,0,0.0,0.0,0.0,0,,494.0,Deserto absoluto,False
5219902,521990,São Francisco de Goiás - GO,GO,Goiás,779,389.5,0,0,0,0,0,0,0,0,0,0,0,0,0,0,0,0,0,0.0,0.0,0.0,0,,389.5,Deserto absoluto,False
5220009,522000,São João d'Aliança - GO,GO,Goiás,1051,525.5,0,0,0,0,0,0,0,0,0,0,0,0,0,0,0,0,0,0.0,0.0,0.0,0,,525.5,Deserto absoluto,False
5220058,522005,São João da Paraúna - GO,GO,Goiás,237,118.5,0,0,0,0,0,0,0,0,0,0,0,0,0,0,0,0,0,0.0,0.0,0.0,0,,118.5,Deserto absoluto,False
5220108,522010,São Luís de Montes Belos - GO,GO,Goiás,4248,2124.0,4,4,0,0,2380,1730,1498,941,0,0,12,15,10,9,2439,19,2458,1229.0,0.5742,0.5786,20276,0.9394,895.0,Intermediario,True
5220157,522015,São Luiz do Norte - GO,GO,Goiás,515,257.5,0,0,0,0,0,0,0,0,0,0,0,0,0,0,0,0,0,0.0,0.0,0.0,0,,257.5,Deserto absoluto,False
5220207,522020,São Miguel do Araguaia - GO,GO,Goiás,2491,1245.5,0,0,0,0,0,0,0,0,0,0,0,0,0,0,0,0,0,0.0,0.0,0.0,0,,1245.5,Deserto absoluto,False
5220264,522026,São Miguel do Passa Quatro - GO,GO,Goiás,526,263.0,0,0,0,0,0,0,0,0,0,0,0,0,0,0,0,0,0,0.0,0.0,0.0,0,,263.0,Deserto absoluto,False
5220280,522028,São Patrício - GO,GO,Goiás,289,144.5,0,0,0,0,0,0,0,0,0,0,0,0,0,0,0,0,0,0.0,0.0,0.0,0,,144.5,Deserto absoluto,False
5220405,522040,São Simão - GO,GO,Goiás,2000,1000.0,1,1,0,0,0,0,0,0,0,0,0,0,0,0,0,0,0,0.0,0.0,0.0,5069,1.0,1000.0,Deserto funcional,True
5220454,522045,Senador Canedo - GO,GO,Goiás,11764,5882.0,6,6,1380,595,736,2297,3338,3381,43,19,1,14,18,29,6719,47,6766,3383.0,0.5711,0.5751,30414,0.8888,2499.0,Intermediario,True
5220504,522050,Serranópolis - GO,GO,Goiás,739,369.5,0,0,0,0,0,0,0,0,0,0,0,0,0,0,0,0,0,0.0,0.0,0.0,0,,369.5,Deserto absoluto,False
5220603,522060,Silvânia - GO,GO,Goiás,2351,1175.5,1,1,0,0,0,0,0,0,0,0,0,0,0,0,0,0,0,0.0,0.0,0.0,5069,1.0,1175.5,Deserto funcional,True
5220686,522068,Simolândia - GO,GO,Goiás,582,291.0,0,0,0,0,0,0,0,0,0,0,0,0,0,0,0,0,0,0.0,0.0,0.0,0,,291.0,Deserto absoluto,False
5220702,522070,Sítio d'Abadia - GO,GO,Goiás,315,157.5,0,0,0,0,0,0,0,0,0,0,0,0,0,0,0,0,0,0.0,0.0,0.0,0,,157.5,Deserto absoluto,False
5221007,522100,Taquaral de Goiás - GO,GO,Goiás,551,275.5,0,0,0,0,0,0,0,0,0,0,0,0,0,0,0,0,0,0.0,0.0,0.0,0,,275.5,Deserto absoluto,False
5221080,522108,Teresina de Goiás - GO,GO,Goiás,229,114.5,0,0,0,0,0,0,0,0,0,0,0,0,0,0,0,0,0,0.0,0.0,0.0,0,,114.5,Deserto absoluto,False
5221197,522119,Terezópolis de Goiás - GO,GO,Goiás,839,419.5,0,0,0,0,0,0,0,0,0,0,0,0,0,0,0,0,0,0.0,0.0,0.0,0,,419.5,Deserto absoluto,False
5221304,522130,Três Ranchos - GO,GO,Goiás,402,201.0,0,0,0,0,0,0,0,0,0,0,0,0,0,0,0,0,0,0.0,0.0,0.0,0,,201.0,Deserto absoluto,False
5221403,522140,Trindade - GO,GO,Goiás,13853,6926.5,3,3,1901,3346,3125,0,0,0,17,71,132,0,0,0,0,0,0,0.0,0.0,0.0,15207,1.0,6926.5,Deserto funcional,True
5221452,522145,Trombas - GO,GO,Goiás,421,210.5,0,0,0,0,0,0,0,0,0,0,0,0,0,0,0,0,0,0.0,0.0,0.0,0,,210.5,Deserto absoluto,False
5221502,522150,Turvânia - GO,GO,Goiás,637,318.5,0,0,0,0,0,0,0,0,0,0,0,0,0,0,0,0,0,0.0,0.0,0.0,0,,318.5,Deserto absoluto,False
5221551,522155,Turvelândia - GO,GO,Goiás,465,232.5,0,0,0,0,0,0,0,0,0,0,0,0,0,0,0,0,0,0.0,0.0,0.0,0,,232.5,Deserto absoluto,False
5221577,522157,Uirapuru - GO,GO,Goiás,365,182.5,0,0,0,0,0,0,0,0,0,0,0,0,0,0,0,0,0,0.0,0.0,0.0,0,,182.5,Deserto absoluto,False
5221601,522160,Uruaçu - GO,GO,Goiás,4559,2279.5,4,4,795,803,549,894,946,586,40,36,8,8,51,45,1532,96,1628,814.0,0.336,0.3571,20276,0.9599,1465.5,Intermediario,True
5221700,522170,Uruana - GO,GO,Goiás,1769,884.5,0,0,0,0,0,0,0,0,0,0,0,0,0,0,0,0,0,0.0,0.0,0.0,0,,884.5,Deserto absoluto,False
5221809,522180,Urutaí - GO,GO,Goiás,457,228.5,0,0,0,0,0,0,0,0,0,0,0,0,0,0,0,0,0,0.0,0.0,0.0,0,,228.5,Deserto absoluto,False
5221858,522185,Valparaíso de Goiás - GO,GO,Goiás,15404,7702.0,4,4,668,909,688,1235,1133,1235,10,6,4,7,12,7,2368,19,2387,1193.5,0.1537,0.155,20276,0.9411,6508.5,Deserto funcional,True
5221908,522190,Varjão - GO,GO,Goiás,512,256.0,0,0,0,0,0,0,0,0,0,0,0,0,0,0,0,0,0,0.0,0.0,0.0,0,,256.0,Deserto absoluto,False
5222005,522200,Vianópolis - GO,GO,Goiás,1550,775.0,0,0,0,0,0,0,0,0,0,0,0,0,0,0,0,0,0,0.0,0.0,0.0,0,,775.0,Deserto absoluto,False
5222054,522205,Vicentinópolis - GO,GO,Goiás,804,402.0,1,1,0,0,0,0,0,0,0,0,0,0,0,0,0,0,0,0.0,0.0,0.0,5069,1.0,402.0,Deserto funcional,True
5222203,522220,Vila Boa - GO,GO,Goiás,359,179.5,0,0,0,0,0,0,0,0,0,0,0,0,0,0,0,0,0,0.0,0.0,0.0,0,,179.5,Deserto absoluto,False
5222302,522230,Vila Propício - GO,GO,Goiás,640,320.0,0,0,0,0,0,0,0,0,0,0,0,0,0,0,0,0,0,0.0,0.0,0.0,0,,320.0,Deserto absoluto,False
5300108,530010,Brasília - DF,DF,Distrito Federal,296594,148297.0,150,146,6874,10839,10317,25828,20808,22374,1359,2115,1956,3068,2622,2964,43182,5586,48768,24384.0,0.1456,0.1644,740074,0.9671,123913.0,Deserto funcional,True
